2.064510498046875000e+03 6.905747680664062500e+02 3.223709106445312500e+02 2.178546142578125000e+02 1.929256896972656250e+02 1.394343414306640625e+02 1.280575561523437500e+02 1.423598937988281250e+02 1.169371871948242188e+02 1.085262298583984375e+02 1.117351455688476562e+02 9.849417877197265625e+01 1.047438735961914062e+02 9.417139434814453125e+01 7.834428405761718750e+01 1.075298233032226562e+02 9.456983947753906250e+01 8.393272399902343750e+01 6.006505584716796875e+01 5.469313430786132812e+01 5.688640594482421875e+01 4.567741012573242188e+01 4.084222412109375000e+01 3.573223114013671875e+01 3.718529129028320312e+01 3.179907989501953125e+01 3.282987594604492188e+01 4.150496292114257812e+01 2.457312393188476562e+01 2.910634231567382812e+01 2.109584236145019531e+01 2.461942863464355469e+01 1.941238594055175781e+01 2.137507057189941406e+01 1.685413551330566406e+01 2.142135429382324219e+01 2.264656829833984375e+01 1.880231666564941406e+01 1.645412063598632812e+01 8.648025512695312500e+00 1.596702861785888672e+01 1.748204803466796875e+01 1.717336463928222656e+01 2.012356948852539062e+01 1.563117504119873047e+01 1.768812942504882812e+01 1.721697998046875000e+01 1.080461120605468750e+01 1.535037994384765625e+01 1.301397514343261719e+01 1.817842483520507812e+01 1.381482887268066406e+01 1.705328750610351562e+01 1.813663482666015625e+01 1.216229248046875000e+01 1.446792030334472656e+01 2.289108848571777344e+01 1.905387306213378906e+01 2.341974067687988281e+01 1.359481525421142578e+01 1.747267723083496094e+01 1.490316295623779297e+01 1.364955234527587891e+01 2.067687988281250000e+01 1.225734424591064453e+01 1.736289024353027344e+01 1.626319694519042969e+01 2.407104682922363281e+01 1.251799011230468750e+01 1.319259548187255859e+01 1.294744110107421875e+01 1.725500106811523438e+01 2.126042938232421875e+01 1.612840652465820312e+01 2.016912651062011719e+01 1.764642143249511719e+01 1.128839206695556641e+01 1.607365798950195312e+01 1.957197189331054688e+01 1.858461761474609375e+01 2.196610450744628906e+01 1.378372287750244141e+01 1.718092727661132812e+01 1.881221008300781250e+01 9.309310913085937500e+00 1.338491630554199219e+01 4.926266193389892578e+00 8.037672042846679688e+00 1.673993873596191406e+01 1.300688171386718750e+01 7.494282722473144531e+00 1.727677345275878906e+01 1.902779769897460938e+01 1.516529560089111328e+01 1.487902164459228516e+01 1.107538318634033203e+01 9.702609062194824219e+00 1.210476207733154297e+01 9.813261032104492188e+00 5.359401702880859375e+00 1.356800651550292969e+01 1.108209991455078125e+01 1.040696334838867188e+01 1.021532058715820312e+01 1.084363651275634766e+01 6.985206604003906250e+00 8.685873985290527344e+00 8.509819030761718750e+00 7.996014118194580078e+00 5.737559795379638672e+00 4.160908222198486328e+00 1.184475708007812500e+01 7.084337711334228516e+00 4.697422027587890625e+00 5.554674625396728516e+00 7.307823181152343750e+00 5.475878715515136719e+00 6.570772171020507812e+00 4.593511581420898438e+00 5.820357322692871094e+00 3.826161384582519531e+00 8.256417274475097656e+00 7.069532394409179688e+00 5.751976013183593750e+00 5.620440483093261719e+00 5.494263648986816406e+00 6.281043529510498047e+00 1.110254383087158203e+01 5.096585273742675781e+00 9.798205375671386719e+00 6.461616992950439453e+00
6.905747680664062500e+02 2.245280761718750000e+03 6.128511352539062500e+02 3.303021850585937500e+02 2.334314422607421875e+02 1.736963806152343750e+02 1.508621368408203125e+02 1.346624145507812500e+02 1.182696075439453125e+02 9.675346374511718750e+01 9.057847595214843750e+01 9.890068054199218750e+01 1.007938308715820312e+02 1.032512435913085938e+02 9.631600952148437500e+01 9.880017852783203125e+01 8.185952758789062500e+01 7.074509429931640625e+01 6.690177154541015625e+01 4.875450134277343750e+01 4.340458297729492188e+01 2.790001106262207031e+01 3.253259658813476562e+01 3.952896118164062500e+01 3.863976287841796875e+01 3.473738098144531250e+01 2.727909660339355469e+01 4.278058624267578125e+01 2.908070945739746094e+01 2.066728973388671875e+01 2.400535583496093750e+01 2.255652236938476562e+01 1.943895339965820312e+01 1.716515541076660156e+01 1.495933914184570312e+01 2.433676338195800781e+01 1.786717033386230469e+01 1.304388427734375000e+01 1.947239303588867188e+01 1.407227516174316406e+01 2.150228881835937500e+01 1.524443721771240234e+01 2.385810661315917969e+01 1.553148937225341797e+01 1.849848937988281250e+01 2.691355323791503906e+01 1.711515617370605469e+01 2.397480201721191406e+01 1.658651733398437500e+01 2.053493499755859375e+01 1.854568672180175781e+01 1.700292015075683594e+01 2.095767784118652344e+01 1.073176956176757812e+01 1.727194786071777344e+01 9.783915519714355469e+00 1.136037635803222656e+01 1.352941894531250000e+01 1.478173542022705078e+01 1.251334667205810547e+01 1.258648014068603516e+01 1.984155082702636719e+01 1.534569835662841797e+01 1.136095809936523438e+01 1.912125205993652344e+01 1.608093643188476562e+01 1.603870582580566406e+01 2.501256561279296875e+01 1.728327369689941406e+01 1.795447540283203125e+01 9.914534568786621094e+00 1.786766052246093750e+01 1.542086029052734375e+01 1.742719650268554688e+01 1.385933971405029297e+01 1.044170188903808594e+01 1.514029693603515625e+01 1.664437103271484375e+01 2.475955963134765625e+01 2.023420143127441406e+01 1.094546127319335938e+01 1.449968719482421875e+01 1.897701835632324219e+01 1.546044445037841797e+01 1.864410400390625000e+01 1.346415901184082031e+01 1.665690994262695312e+01 8.153201103210449219e+00 1.609614372253417969e+01 1.243265247344970703e+01 1.330350208282470703e+01 1.319093513488769531e+01 1.303683757781982422e+01 1.863742637634277344e+01 1.891268730163574219e+01 1.205844306945800781e+01 1.004711151123046875e+01 6.650988578796386719e+00 6.723526000976562500e+00 1.664908027648925781e+01 9.366502761840820312e+00 8.743300437927246094e+00 9.723134994506835938e+00 8.635124206542968750e+00 5.284071922302246094e+00 6.429533004760742188e+00 6.852782249450683594e+00 7.193444728851318359e+00 7.279052257537841797e+00 9.053377151489257812e+00 6.565556049346923828e+00 5.256565093994140625e+00 6.449121475219726562e+00 9.033532142639160156e+00 4.382399559020996094e+00 6.652567863464355469e+00 6.480350017547607422e+00 6.048066616058349609e+00 6.342145919799804688e+00 4.592011928558349609e+00 6.792023658752441406e+00 3.006442546844482422e+00 9.202970504760742188e+00 6.050749778747558594e+00 3.325714826583862305e+00 7.152318000793457031e+00 4.955473423004150391e+00 4.105983257293701172e+00 7.036727428436279297e+00 7.135719776153564453e+00 4.779317378997802734e+00
3.223709106445312500e+02 6.128511352539062500e+02 2.101426025390625000e+03 5.563201293945312500e+02 3.166394958496093750e+02 2.677890930175781250e+02 1.669323730468750000e+02 1.627180023193359375e+02 1.539862213134765625e+02 1.183222427368164062e+02 1.149633407592773438e+02 8.835582733154296875e+01 1.145880737304687500e+02 8.099343872070312500e+01 8.732164764404296875e+01 9.331227111816406250e+01 8.954720306396484375e+01 6.997554016113281250e+01 5.931310653686523438e+01 6.000434112548828125e+01 3.404788589477539062e+01 3.032070922851562500e+01 3.147413253784179688e+01 2.944532394409179688e+01 3.339736557006835938e+01 3.576440048217773438e+01 3.858225250244140625e+01 2.465092658996582031e+01 4.125133895874023438e+01 2.395781517028808594e+01 2.109020233154296875e+01 2.580379104614257812e+01 1.859856224060058594e+01 1.736260223388671875e+01 1.901433944702148438e+01 1.577617931365966797e+01 1.725989723205566406e+01 1.825713920593261719e+01 1.357754802703857422e+01 1.404928493499755859e+01 1.371512985229492188e+01 1.694078826904296875e+01 1.779083061218261719e+01 1.989951515197753906e+01 1.828358459472656250e+01 2.280597305297851562e+01 1.417152309417724609e+01 2.047826576232910156e+01 1.373380565643310547e+01 1.745058631896972656e+01 1.493574619293212891e+01 2.214385414123535156e+01 1.704872703552246094e+01 1.063983249664306641e+01 2.041705513000488281e+01 9.700098037719726562e+00 1.679461479187011719e+01 1.100596141815185547e+01 1.860070800781250000e+01 1.472377967834472656e+01 1.480983161926269531e+01 2.017597007751464844e+01 2.069628715515136719e+01 1.839504241943359375e+01 1.930943870544433594e+01 1.144638156890869141e+01 1.859229469299316406e+01 9.537802696228027344e+00 1.506392288208007812e+01 1.214493465423583984e+01 1.897181320190429688e+01 1.635193061828613281e+01 2.079765510559082031e+01 1.594883251190185547e+01 1.338828563690185547e+01 1.337829208374023438e+01 1.304087734222412109e+01 1.450706100463867188e+01 1.534976959228515625e+01 1.449212646484375000e+01 2.003389739990234375e+01 2.322191429138183594e+01 2.729128456115722656e+01 1.528083419799804688e+01 1.396023273468017578e+01 1.232198238372802734e+01 1.219511222839355469e+01 1.243592929840087891e+01 1.133130359649658203e+01 1.896329879760742188e+01 1.318953323364257812e+01 1.508992099761962891e+01 1.355785369873046875e+01 1.452952289581298828e+01 1.611463165283203125e+01 1.007590484619140625e+01 1.510575389862060547e+01 9.364275932312011719e+00 1.398446178436279297e+01 1.306004905700683594e+01 1.040877723693847656e+01 1.200239849090576172e+01 8.898312568664550781e+00 8.956278800964355469e+00 9.671638488769531250e+00 1.513056850433349609e+01 5.226212024688720703e+00 5.924896240234375000e+00 9.992345809936523438e+00 4.142685413360595703e+00 1.201718807220458984e+01 8.017743110656738281e+00 8.262850761413574219e+00 9.539087295532226562e+00 4.010636806488037109e+00 9.741159439086914062e+00 4.151431083679199219e+00 6.325718402862548828e+00 7.462460517883300781e+00 7.704524040222167969e+00 6.215850353240966797e+00 3.439254045486450195e+00 5.359628677368164062e+00 3.460911989212036133e+00 5.478464603424072266e+00 9.520844459533691406e+00 2.267548084259033203e+00 3.757668972015380859e+00 3.679883241653442383e+00 6.530390262603759766e+00 2.624330043792724609e+00
2.178546142578125000e+02 3.303021850585937500e+02 5.563201293945312500e+02 2.338607177734375000e+03 5.770684814453125000e+02 3.266372985839843750e+02 2.144056701660156250e+02 1.657548217773437500e+02 1.464769592285156250e+02 1.284655151367187500e+02 1.179276885986328125e+02 9.759095001220703125e+01 9.327362823486328125e+01 1.109115829467773438e+02 8.688903808593750000e+01 9.868635559082031250e+01 8.857183074951171875e+01 6.372979354858398438e+01 6.580688476562500000e+01 4.409802627563476562e+01 3.252894592285156250e+01 4.573901748657226562e+01 3.510877227783203125e+01 3.279354095458984375e+01 3.153206634521484375e+01 3.492819213867187500e+01 3.729468536376953125e+01 2.826144409179687500e+01 3.051177215576171875e+01 2.312994956970214844e+01 2.720159339904785156e+01 2.366652870178222656e+01 1.483312416076660156e+01 1.990562820434570312e+01 2.441520500183105469e+01 1.276718807220458984e+01 2.395375251770019531e+01 1.449081993103027344e+01 1.264753246307373047e+01 1.744927597045898438e+01 1.914217185974121094e+01 1.256719875335693359e+01 1.761522674560546875e+01 1.955495262145996094e+01 1.785609626770019531e+01 1.882531356811523438e+01 2.479830551147460938e+01 1.341578865051269531e+01 1.325923156738281250e+01 1.769805717468261719e+01 1.867998695373535156e+01 9.605957031250000000e+00 1.140170669555664062e+01 1.782814407348632812e+01 1.585666370391845703e+01 1.197627925872802734e+01 1.925444984436035156e+01 1.734969139099121094e+01 1.550914573669433594e+01 1.125353908538818359e+01 1.697896575927734375e+01 1.272208309173583984e+01 1.186379241943359375e+01 1.558773231506347656e+01 9.685204505920410156e+00 1.593493080139160156e+01 2.019356536865234375e+01 1.457968616485595703e+01 2.158783912658691406e+01 1.719992828369140625e+01 1.796783256530761719e+01 1.517608547210693359e+01 1.362502861022949219e+01 2.089690208435058594e+01 1.454135799407958984e+01 1.314664649963378906e+01 1.681978416442871094e+01 2.078981208801269531e+01 1.592198657989501953e+01 1.661472702026367188e+01 2.296817588806152344e+01 2.281982612609863281e+01 1.706646728515625000e+01 1.362585258483886719e+01 1.956158065795898438e+01 1.578869819641113281e+01 1.572893810272216797e+01 1.497023487091064453e+01 2.143507003784179688e+01 1.428679370880126953e+01 1.628452873229980469e+01 1.937608718872070312e+01 1.430012607574462891e+01 1.883032989501953125e+01 1.436934471130371094e+01 1.045151901245117188e+01 6.023731708526611328e+00 9.662239074707031250e+00 5.771774291992187500e+00 9.981932640075683594e+00 9.125470161437988281e+00 7.863050460815429688e+00 6.801073551177978516e+00 1.147607421875000000e+01 7.920144557952880859e+00 1.060074806213378906e+01 2.396669149398803711e+00 4.528460502624511719e+00 5.346078395843505859e+00 8.707319259643554688e+00 5.166485309600830078e+00 1.194968891143798828e+01 8.119779586791992188e+00 8.748990058898925781e+00 5.364400863647460938e+00 5.583952426910400391e+00 7.479173183441162109e+00 4.532637119293212891e+00 6.654242992401123047e+00 7.226977825164794922e+00 8.709872245788574219e+00 3.942986965179443359e+00 6.144630908966064453e+00 3.174253702163696289e+00 1.116599464416503906e+01 4.775453090667724609e+00 8.665554046630859375e+00 4.308038711547851562e+00 3.164144992828369141e+00 4.679293155670166016e+00 6.017408847808837891e+00
1.929256896972656250e+02 2.334314422607421875e+02 3.166394958496093750e+02 5.770684814453125000e+02 2.055300537109375000e+03 6.057235107421875000e+02 2.938361206054687500e+02 2.165514678955078125e+02 1.683576965332031250e+02 1.680997161865234375e+02 1.324955749511718750e+02 1.093419265747070312e+02 1.035299453735351562e+02 1.194922180175781250e+02 7.992875671386718750e+01 7.533476257324218750e+01 8.231484985351562500e+01 8.266303253173828125e+01 5.875821304321289062e+01 4.382566833496093750e+01 5.339899826049804688e+01 4.687704086303710938e+01 3.786016845703125000e+01 3.369933319091796875e+01 3.584905242919921875e+01 3.537276077270507812e+01 3.030333328247070312e+01 2.839667701721191406e+01 3.198163223266601562e+01 2.581558418273925781e+01 1.720888328552246094e+01 2.679728507995605469e+01 2.375341224670410156e+01 2.355081748962402344e+01 2.234167289733886719e+01 1.899946022033691406e+01 1.455518150329589844e+01 1.687654876708984375e+01 1.208597946166992188e+01 1.354805183410644531e+01 1.857807159423828125e+01 1.596679401397705078e+01 1.439673614501953125e+01 1.433945369720458984e+01 1.748059082031250000e+01 1.542846488952636719e+01 1.859008979797363281e+01 7.812263488769531250e+00 1.801589393615722656e+01 1.911820602416992188e+01 1.631655693054199219e+01 1.758028602600097656e+01 2.149909400939941406e+01 2.477027702331542969e+01 8.207671165466308594e+00 1.394802093505859375e+01 1.850906944274902344e+01 1.653226089477539062e+01 8.278658866882324219e+00 1.383441829681396484e+01 1.318288993835449219e+01 1.346964740753173828e+01 1.447496795654296875e+01 1.210270309448242188e+01 1.396540546417236328e+01 1.965008544921875000e+01 1.219461059570312500e+01 2.094205665588378906e+01 1.273861408233642578e+01 1.462630367279052734e+01 1.835614776611328125e+01 1.663495063781738281e+01 1.586821556091308594e+01 1.690091133117675781e+01 1.818988227844238281e+01 3.232337951660156250e+01 1.886343002319335938e+01 1.872440147399902344e+01 2.016994857788085938e+01 1.720011520385742188e+01 1.783306312561035156e+01 1.919437026977539062e+01 1.987624359130859375e+01 1.813620185852050781e+01 1.449772834777832031e+01 1.677511405944824219e+01 1.831850814819335938e+01 1.106977367401123047e+01 1.765136909484863281e+01 1.157490921020507812e+01 1.174059009552001953e+01 1.343220996856689453e+01 1.303392505645751953e+01 1.799426078796386719e+01 1.381307792663574219e+01 1.281287288665771484e+01 1.403092479705810547e+01 7.918780326843261719e+00 6.473059654235839844e+00 7.104368686676025391e+00 1.035535335540771484e+01 5.087556362152099609e+00 1.108909702301025391e+01 1.406890964508056641e+01 8.609155654907226562e+00 8.978928565979003906e+00 7.443334102630615234e+00 1.054802799224853516e+01 1.008058261871337891e+01 4.916784763336181641e+00 1.069703388214111328e+01 5.709559917449951172e+00 1.313416385650634766e+01 3.396466493606567383e+00 9.520123481750488281e+00 7.587159156799316406e+00 8.446568489074707031e+00 1.126160717010498047e+01 1.033303928375244141e+01 8.728541374206542969e+00 8.606896400451660156e+00 4.286006450653076172e+00 6.133942604064941406e+00 4.929138660430908203e+00 7.585861206054687500e+00 4.767146587371826172e+00 4.709706306457519531e+00 4.013842105865478516e+00 6.551255702972412109e+00 5.812991142272949219e+00 4.672065734863281250e+00
1.394343414306640625e+02 1.736963806152343750e+02 2.677890930175781250e+02 3.266372985839843750e+02 6.057235107421875000e+02 2.150065673828125000e+03 6.745718383789062500e+02 3.085585632324218750e+02 2.210007781982421875e+02 1.785118103027343750e+02 1.490950012207031250e+02 1.462802429199218750e+02 1.198680343627929688e+02 1.206378631591796875e+02 9.038773345947265625e+01 1.035812683105468750e+02 9.360530853271484375e+01 7.540421295166015625e+01 5.693120574951171875e+01 4.649570846557617188e+01 4.296622467041015625e+01 4.451623535156250000e+01 3.322100448608398438e+01 2.972647094726562500e+01 2.466087722778320312e+01 3.695046615600585938e+01 3.235837173461914062e+01 2.426991653442382812e+01 3.464542007446289062e+01 2.110461997985839844e+01 1.797643661499023438e+01 2.159421730041503906e+01 2.556477165222167969e+01 2.075729370117187500e+01 2.050929260253906250e+01 2.502432441711425781e+01 1.942781257629394531e+01 1.958808898925781250e+01 1.025784587860107422e+01 2.068416595458984375e+01 1.275297069549560547e+01 1.111929893493652344e+01 1.654274940490722656e+01 1.497902488708496094e+01 1.322294902801513672e+01 1.781309318542480469e+01 2.358051490783691406e+01 1.224106121063232422e+01 1.814731979370117188e+01 1.497819042205810547e+01 1.641304016113281250e+01 1.446892547607421875e+01 1.321058845520019531e+01 1.217651081085205078e+01 2.020955848693847656e+01 1.457013320922851562e+01 2.082189178466796875e+01 1.535078811645507812e+01 1.257877159118652344e+01 2.053629112243652344e+01 2.371650886535644531e+01 1.407042312622070312e+01 1.099678707122802734e+01 1.710457229614257812e+01 1.683264541625976562e+01 1.520483207702636719e+01 2.183745765686035156e+01 1.359866809844970703e+01 1.890964126586914062e+01 1.594295883178710938e+01 1.687388610839843750e+01 2.389324569702148438e+01 1.795730400085449219e+01 1.977329635620117188e+01 1.703555107116699219e+01 1.599398136138916016e+01 1.212601947784423828e+01 2.023401832580566406e+01 1.631192588806152344e+01 1.796727752685546875e+01 2.328557014465332031e+01 1.388110256195068359e+01 1.730230712890625000e+01 1.578759574890136719e+01 1.586551952362060547e+01 1.415345191955566406e+01 1.063086318969726562e+01 1.329803657531738281e+01 1.422410869598388672e+01 1.360257244110107422e+01 1.132084274291992188e+01 9.541295051574707031e+00 1.563234329223632812e+01 1.468503475189208984e+01 1.331923484802246094e+01 1.383049964904785156e+01 1.282464313507080078e+01 1.393174839019775391e+01 9.882590293884277344e+00 1.079452991485595703e+01 6.262603759765625000e+00 7.440261840820312500e+00 8.825673103332519531e+00 8.817848205566406250e+00 5.781306266784667969e+00 8.597790718078613281e+00 4.859577178955078125e+00 1.040635490417480469e+01 8.052504539489746094e+00 3.852063179016113281e+00 7.682224750518798828e+00 7.455273628234863281e+00 9.878382682800292969e+00 8.278565406799316406e+00 9.323195457458496094e+00 5.661116600036621094e+00 7.168934345245361328e+00 1.029341220855712891e+01 6.167952060699462891e+00 5.861477375030517578e+00 3.853192567825317383e+00 8.314746856689453125e+00 5.695581912994384766e+00 5.792613029479980469e+00 8.490221977233886719e+00 8.299619674682617188e+00 7.028242111206054688e+00 4.192868232727050781e+00 1.710863947868347168e+00 6.072263240814208984e+00 7.320675373077392578e+00
1.280575561523437500e+02 1.508621368408203125e+02 1.669323730468750000e+02 2.144056701660156250e+02 2.938361206054687500e+02 6.745718383789062500e+02 1.959255371093750000e+03 6.787620239257812500e+02 3.248285522460937500e+02 2.206292266845703125e+02 1.796047210693359375e+02 1.429511871337890625e+02 1.449128570556640625e+02 1.274082946777343750e+02 1.124355621337890625e+02 1.035599670410156250e+02 9.049554443359375000e+01 8.613768005371093750e+01 6.848126983642578125e+01 6.167638778686523438e+01 4.719786071777343750e+01 3.046262550354003906e+01 4.465461349487304688e+01 4.336043930053710938e+01 3.937623596191406250e+01 3.160667419433593750e+01 3.465853500366210938e+01 4.567198181152343750e+01 2.667148780822753906e+01 2.527344703674316406e+01 1.929074287414550781e+01 2.298644828796386719e+01 1.775133323669433594e+01 2.446294784545898438e+01 1.814817047119140625e+01 1.771472930908203125e+01 1.820771789550781250e+01 2.345735359191894531e+01 1.376898384094238281e+01 1.899649620056152344e+01 1.992011070251464844e+01 2.568029975891113281e+01 2.161141395568847656e+01 1.537530326843261719e+01 1.357277011871337891e+01 9.577516555786132812e+00 1.850921058654785156e+01 2.512981033325195312e+01 1.724760818481445312e+01 1.793685531616210938e+01 9.719571113586425781e+00 2.227756309509277344e+01 2.101812744140625000e+01 1.718564033508300781e+01 1.571531295776367188e+01 1.851645088195800781e+01 1.373962306976318359e+01 1.641343879699707031e+01 1.533246612548828125e+01 1.717596244812011719e+01 1.727634620666503906e+01 1.733119583129882812e+01 1.340415954589843750e+01 8.396865844726562500e+00 1.958169174194335938e+01 1.950885581970214844e+01 1.867931747436523438e+01 1.699286842346191406e+01 1.365882301330566406e+01 1.636473846435546875e+01 1.180929183959960938e+01 1.857981300354003906e+01 1.346981239318847656e+01 1.884666633605957031e+01 1.883133125305175781e+01 9.120617866516113281e+00 1.944815635681152344e+01 1.730776786804199219e+01 1.813875579833984375e+01 1.690572738647460938e+01 1.792620277404785156e+01 2.058092689514160156e+01 2.841607856750488281e+01 2.484807395935058594e+01 1.924620437622070312e+01 1.867871475219726562e+01 1.527695178985595703e+01 1.483678627014160156e+01 1.568192768096923828e+01 1.085967254638671875e+01 1.258870410919189453e+01 1.152201747894287109e+01 1.501068592071533203e+01 1.688235855102539062e+01 1.538055324554443359e+01 1.419639396667480469e+01 1.692504882812500000e+01 9.831470489501953125e+00 8.542348861694335938e+00 7.617572307586669922e+00 1.110340023040771484e+01 9.273618698120117188e+00 1.132395076751708984e+01 1.055965137481689453e+01 7.912338256835937500e+00 1.203443241119384766e+01 9.976279258728027344e+00 1.445165824890136719e+01 7.629727840423583984e+00 7.907943248748779297e+00 7.168601989746093750e+00 8.417757987976074219e+00 7.323131561279296875e+00 7.890609264373779297e+00 4.465928077697753906e+00 6.973061561584472656e+00 4.528364658355712891e+00 2.264085054397583008e+00 4.748346328735351562e+00 9.359071731567382812e+00 7.251073360443115234e+00 3.282583951950073242e+00 5.115478992462158203e+00 5.285208702087402344e+00 6.971868515014648438e+00 9.087136268615722656e+00 7.214178085327148438e+00 4.303792953491210938e+00 7.024503231048583984e+00 7.012022018432617188e+00 5.009565353393554688e+00
1.423598937988281250e+02 1.346624145507812500e+02 1.627180023193359375e+02 1.657548217773437500e+02 2.165514678955078125e+02 3.085585632324218750e+02 6.787620239257812500e+02 1.783452148437500000e+03 6.378406982421875000e+02 2.994599914550781250e+02 2.263263702392578125e+02 1.757299804687500000e+02 1.603825073242187500e+02 1.265662384033203125e+02 1.102880477905273438e+02 1.056452560424804688e+02 9.782644653320312500e+01 7.110427856445312500e+01 6.365042114257812500e+01 6.179476928710937500e+01 4.670116043090820312e+01 3.884502792358398438e+01 3.382023239135742188e+01 4.914838409423828125e+01 4.144432830810546875e+01 2.686925697326660156e+01 3.314664840698242188e+01 4.235603332519531250e+01 3.239112854003906250e+01 2.660084342956542969e+01 3.565069198608398438e+01 2.931163215637207031e+01 2.755683326721191406e+01 2.415051841735839844e+01 1.851360321044921875e+01 2.635417366027832031e+01 2.579770851135253906e+01 2.279018211364746094e+01 1.927914810180664062e+01 2.184888458251953125e+01 1.935354614257812500e+01 1.940548133850097656e+01 2.230904197692871094e+01 2.152829742431640625e+01 1.813176155090332031e+01 1.998484802246093750e+01 1.694530677795410156e+01 1.780265808105468750e+01 1.876790237426757812e+01 1.797128295898437500e+01 1.101698303222656250e+01 2.136646270751953125e+01 1.902055168151855469e+01 1.593790149688720703e+01 1.656614875793457031e+01 1.755736160278320312e+01 1.946706390380859375e+01 1.339515304565429688e+01 1.989451026916503906e+01 1.659263229370117188e+01 1.468685340881347656e+01 1.473348236083984375e+01 1.859193420410156250e+01 1.622338294982910156e+01 1.615705108642578125e+01 1.857490730285644531e+01 2.223135185241699219e+01 2.115287590026855469e+01 1.833402442932128906e+01 1.970850181579589844e+01 2.007847404479980469e+01 1.958573532104492188e+01 1.868299484252929688e+01 1.725424957275390625e+01 1.429354095458984375e+01 1.550711822509765625e+01 1.587181186676025391e+01 2.295316123962402344e+01 1.957153892517089844e+01 1.241199684143066406e+01 1.625525856018066406e+01 1.884197807312011719e+01 1.610459327697753906e+01 1.607236671447753906e+01 1.447359657287597656e+01 1.352657794952392578e+01 1.175027084350585938e+01 8.576806068420410156e+00 1.195230484008789062e+01 1.406773757934570312e+01 1.070182609558105469e+01 1.273352813720703125e+01 1.760108184814453125e+01 1.127650833129882812e+01 1.501228332519531250e+01 1.596162319183349609e+01 1.225662326812744141e+01 1.139708805084228516e+01 9.077457427978515625e+00 1.177418231964111328e+01 7.948757171630859375e+00 1.205731296539306641e+01 8.182645797729492188e+00 1.239667224884033203e+01 1.008957767486572266e+01 8.866547584533691406e+00 9.329066276550292969e+00 6.409851074218750000e+00 7.026644706726074219e+00 6.162427902221679688e+00 3.656474828720092773e+00 1.040879821777343750e+01 8.141028404235839844e+00 8.255892753601074219e+00 7.593090534210205078e+00 4.939910888671875000e+00 5.774435043334960938e+00 3.207881689071655273e+00 7.400493621826171875e+00 7.387966632843017578e+00 6.724619865417480469e+00 5.023023605346679688e+00 6.833730220794677734e+00 3.369770050048828125e+00 5.432972431182861328e+00 5.793822288513183594e+00 4.293008804321289062e+00 7.317423820495605469e+00 5.225171566009521484e+00 5.298678874969482422e+00 5.678264617919921875e+00
1.169371871948242188e+02 1.182696075439453125e+02 1.539862213134765625e+02 1.464769592285156250e+02 1.683576965332031250e+02 2.210007781982421875e+02 3.248285522460937500e+02 6.378406982421875000e+02 1.994479980468750000e+03 5.797908325195312500e+02 2.952154235839843750e+02 2.112023620605468750e+02 1.871697235107421875e+02 1.520860748291015625e+02 1.202292022705078125e+02 1.245978469848632812e+02 1.107467269897460938e+02 8.878669738769531250e+01 8.848117828369140625e+01 6.070667648315429688e+01 5.090237426757812500e+01 2.979023170471191406e+01 4.330805969238281250e+01 3.926236343383789062e+01 3.667341995239257812e+01 4.495858383178710938e+01 3.273806381225585938e+01 3.568188476562500000e+01 4.629410171508789062e+01 3.637792968750000000e+01 2.758904457092285156e+01 2.627424240112304688e+01 2.401513481140136719e+01 3.086836624145507812e+01 2.065174102783203125e+01 1.653627395629882812e+01 2.158281517028808594e+01 1.847083473205566406e+01 2.592204856872558594e+01 2.880954551696777344e+01 1.872144126892089844e+01 2.283042144775390625e+01 1.578217411041259766e+01 1.366902542114257812e+01 1.436491489410400391e+01 1.548118019104003906e+01 2.151826667785644531e+01 2.109985542297363281e+01 1.901360321044921875e+01 2.278043937683105469e+01 1.612975311279296875e+01 2.437576103210449219e+01 1.868563461303710938e+01 1.875083732604980469e+01 1.676556205749511719e+01 1.962727165222167969e+01 1.357207202911376953e+01 2.101241302490234375e+01 1.291352367401123047e+01 1.665802383422851562e+01 2.443493080139160156e+01 1.369587802886962891e+01 2.069730377197265625e+01 1.900187301635742188e+01 1.587255382537841797e+01 1.387508392333984375e+01 1.660637474060058594e+01 1.834431266784667969e+01 1.469945907592773438e+01 1.879201698303222656e+01 2.099750518798828125e+01 2.114293098449707031e+01 2.458025550842285156e+01 1.675515174865722656e+01 2.092689895629882812e+01 1.783860015869140625e+01 1.314031791687011719e+01 2.031088447570800781e+01 1.550557994842529297e+01 2.117808723449707031e+01 2.018666076660156250e+01 1.688949584960937500e+01 1.894694709777832031e+01 1.488711166381835938e+01 1.118753814697265625e+01 6.150310993194580078e+00 1.164136123657226562e+01 1.213504886627197266e+01 1.057640266418457031e+01 1.333242893218994141e+01 1.033077144622802734e+01 1.536503887176513672e+01 1.702621459960937500e+01 1.608089447021484375e+01 1.671228981018066406e+01 1.832072639465332031e+01 1.226034450531005859e+01 1.032958793640136719e+01 6.170417308807373047e+00 8.003520965576171875e+00 1.039073467254638672e+01 1.309416961669921875e+01 9.060544967651367188e+00 8.046678543090820312e+00 9.379019737243652344e+00 1.497847080230712891e+01 8.869159698486328125e+00 7.820449829101562500e+00 8.478771209716796875e+00 5.272768020629882812e+00 7.647677421569824219e+00 1.292620944976806641e+01 1.101767635345458984e+01 9.713003158569335938e+00 6.806263923645019531e+00 6.199224472045898438e+00 7.045199394226074219e+00 4.696597576141357422e+00 7.739228725433349609e+00 5.943175792694091797e+00 4.102244377136230469e+00 5.836596965789794922e+00 3.898103475570678711e+00 5.286016464233398438e+00 4.132109165191650391e+00 8.583607673645019531e+00 8.337657928466796875e+00 5.739267349243164062e+00 8.586816787719726562e+00 7.619163513183593750e+00 8.164983749389648438e+00
1.085262298583984375e+02 9.675346374511718750e+01 1.183222427368164062e+02 1.284655151367187500e+02 1.680997161865234375e+02 1.785118103027343750e+02 2.206292266845703125e+02 2.994599914550781250e+02 5.797908325195312500e+02 2.260821777343750000e+03 7.124343261718750000e+02 2.812208862304687500e+02 2.212261962890625000e+02 1.715968933105468750e+02 1.482433166503906250e+02 1.301691589355468750e+02 1.011371536254882812e+02 9.742145538330078125e+01 7.524627685546875000e+01 5.409064865112304688e+01 3.574577331542968750e+01 4.564351654052734375e+01 4.359157943725585938e+01 5.213552474975585938e+01 5.267783737182617188e+01 3.472897720336914062e+01 4.237379455566406250e+01 3.628989791870117188e+01 3.647424316406250000e+01 3.456237411499023438e+01 2.932308387756347656e+01 2.460116004943847656e+01 2.505572700500488281e+01 1.576513195037841797e+01 2.447299575805664062e+01 1.548328304290771484e+01 2.056933975219726562e+01 1.757360076904296875e+01 2.730531883239746094e+01 1.953363800048828125e+01 1.847683334350585938e+01 2.375181579589843750e+01 1.638342094421386719e+01 1.468076324462890625e+01 2.259632110595703125e+01 2.500452232360839844e+01 1.688879394531250000e+01 1.743200111389160156e+01 1.722857666015625000e+01 1.839698410034179688e+01 2.022676277160644531e+01 1.355149459838867188e+01 1.269854927062988281e+01 1.755682754516601562e+01 1.805266761779785156e+01 1.956309509277343750e+01 1.906175231933593750e+01 1.147672939300537109e+01 2.216723823547363281e+01 2.047143173217773438e+01 8.824746131896972656e+00 2.644899940490722656e+01 2.026022911071777344e+01 1.525018215179443359e+01 1.797801780700683594e+01 1.753859519958496094e+01 2.099104309082031250e+01 2.197541999816894531e+01 1.705468940734863281e+01 1.532501316070556641e+01 1.867741394042968750e+01 1.206355285644531250e+01 2.212985038757324219e+01 1.267125797271728516e+01 2.519270133972167969e+01 1.594346809387207031e+01 1.651269149780273438e+01 2.593300437927246094e+01 2.264842605590820312e+01 2.686579704284667969e+01 1.790642166137695312e+01 2.174426841735839844e+01 1.921882247924804688e+01 1.618738365173339844e+01 1.109132766723632812e+01 1.900362396240234375e+01 1.271674537658691406e+01 8.892248153686523438e+00 1.147838783264160156e+01 1.226821994781494141e+01 9.672932624816894531e+00 1.150930404663085938e+01 1.292596721649169922e+01 1.279836654663085938e+01 9.957876205444335938e+00 1.200787448883056641e+01 1.408864307403564453e+01 1.283376693725585938e+01 6.666346073150634766e+00 8.646780014038085938e+00 9.485850334167480469e+00 9.535838127136230469e+00 9.897523880004882812e+00 6.278570652008056641e+00 5.763047218322753906e+00 7.012339115142822266e+00 9.965270996093750000e+00 7.060945510864257812e+00 8.732748985290527344e+00 1.069685649871826172e+01 6.265604972839355469e+00 8.599571228027343750e+00 7.033702850341796875e+00 8.336627006530761719e+00 1.035589313507080078e+01 4.353354454040527344e+00 9.188090324401855469e+00 9.423277854919433594e+00 7.905177593231201172e+00 5.842965126037597656e+00 5.761534690856933594e+00 5.738183021545410156e+00 4.562352180480957031e+00 4.949415683746337891e+00 1.160695838928222656e+01 8.509789466857910156e+00 4.503885746002197266e+00 3.582536458969116211e+00 6.578205108642578125e+00 6.809720993041992188e+00 5.212539196014404297e+00
1.117351455688476562e+02 9.057847595214843750e+01 1.149633407592773438e+02 1.179276885986328125e+02 1.324955749511718750e+02 1.490950012207031250e+02 1.796047210693359375e+02 2.263263702392578125e+02 2.952154235839843750e+02 7.124343261718750000e+02 2.002275878906250000e+03 4.818990478515625000e+02 2.920906372070312500e+02 2.291198120117187500e+02 1.629869995117187500e+02 1.344617919921875000e+02 1.163356475830078125e+02 8.485551452636718750e+01 9.419789886474609375e+01 7.362407684326171875e+01 6.937808227539062500e+01 4.846164321899414062e+01 4.931636428833007812e+01 4.180618286132812500e+01 3.525302505493164062e+01 3.291163253784179688e+01 3.341620254516601562e+01 4.136608886718750000e+01 3.183817481994628906e+01 3.365038681030273438e+01 2.992055702209472656e+01 2.612008857727050781e+01 2.604462051391601562e+01 2.586859703063964844e+01 2.729633331298828125e+01 1.024784660339355469e+01 3.678203582763671875e+01 2.261652374267578125e+01 1.639906501770019531e+01 2.047033882141113281e+01 1.865732955932617188e+01 2.384276008605957031e+01 2.158092308044433594e+01 1.831221771240234375e+01 1.744833946228027344e+01 1.930789375305175781e+01 1.921849632263183594e+01 2.019086074829101562e+01 2.195076560974121094e+01 2.347030448913574219e+01 2.436504936218261719e+01 1.211637306213378906e+01 2.157213401794433594e+01 1.656962203979492188e+01 1.151551818847656250e+01 1.922601509094238281e+01 1.545498085021972656e+01 1.519209575653076172e+01 1.244873523712158203e+01 1.957125091552734375e+01 2.195705413818359375e+01 1.299663543701171875e+01 1.768504714965820312e+01 2.943956375122070312e+01 1.887978553771972656e+01 2.257147216796875000e+01 2.251219558715820312e+01 2.867157936096191406e+01 2.010039138793945312e+01 2.235237121582031250e+01 2.049477767944335938e+01 2.651245307922363281e+01 1.913871765136718750e+01 2.166555023193359375e+01 2.528916168212890625e+01 2.462232971191406250e+01 2.025111961364746094e+01 2.669979286193847656e+01 2.421494674682617188e+01 1.629974174499511719e+01 2.880606269836425781e+01 2.289600563049316406e+01 1.484031486511230469e+01 1.093707180023193359e+01 1.427409553527832031e+01 1.334013080596923828e+01 9.118168830871582031e+00 1.487716007232666016e+01 1.459843635559082031e+01 1.445913410186767578e+01 1.307111263275146484e+01 1.555261516571044922e+01 1.596979618072509766e+01 1.627721023559570312e+01 2.032154655456542969e+01 1.545365619659423828e+01 1.450521755218505859e+01 1.206425952911376953e+01 7.206630229949951172e+00 4.673785686492919922e+00 9.015072822570800781e+00 7.889299392700195312e+00 1.146394634246826172e+01 1.212040519714355469e+01 1.716462135314941406e+01 1.160305786132812500e+01 1.250428390502929688e+01 9.692965507507324219e+00 9.195300102233886719e+00 6.353735923767089844e+00 3.455821752548217773e+00 8.116023063659667969e+00 7.060634136199951172e+00 5.266917705535888672e+00 8.611693382263183594e+00 7.843630790710449219e+00 9.277846336364746094e+00 7.276429653167724609e+00 4.578141689300537109e+00 8.379053115844726562e+00 8.897838592529296875e+00 3.797903776168823242e+00 5.636702537536621094e+00 6.369700431823730469e+00 4.481307983398437500e+00 9.308996200561523438e+00 5.564468860626220703e+00 6.915872097015380859e-01 8.465888023376464844e+00 1.051660728454589844e+01 5.634996891021728516e+00
9.849417877197265625e+01 9.890068054199218750e+01 8.835582733154296875e+01 9.759095001220703125e+01 1.093419265747070312e+02 1.462802429199218750e+02 1.429511871337890625e+02 1.757299804687500000e+02 2.112023620605468750e+02 2.812208862304687500e+02 4.818990478515625000e+02 3.035367431640625000e+03 5.041940917968750000e+02 2.789754333496093750e+02 1.916983795166015625e+02 1.706968841552734375e+02 1.112583541870117188e+02 9.538201904296875000e+01 9.719964599609375000e+01 6.303359603881835938e+01 5.313918685913085938e+01 4.184270477294921875e+01 5.436641311645507812e+01 4.549631881713867188e+01 3.219417572021484375e+01 4.775555801391601562e+01 4.215123748779296875e+01 2.376284027099609375e+01 3.707142639160156250e+01 2.479641342163085938e+01 2.880139541625976562e+01 2.537165451049804688e+01 3.047848701477050781e+01 2.845305061340332031e+01 2.118869400024414062e+01 1.520781898498535156e+01 3.572809600830078125e+01 2.071313858032226562e+01 1.529706382751464844e+01 1.726750183105468750e+01 1.465808963775634766e+01 1.306437778472900391e+01 2.782959365844726562e+01 2.174028587341308594e+01 2.663317108154296875e+01 2.242404174804687500e+01 2.077905845642089844e+01 2.876473617553710938e+01 2.132179832458496094e+01 1.759829902648925781e+01 1.668820190429687500e+01 2.059609222412109375e+01 2.211812782287597656e+01 1.475360488891601562e+01 2.482408714294433594e+01 1.467330932617187500e+01 1.441642093658447266e+01 2.029058265686035156e+01 9.698819160461425781e+00 1.608577919006347656e+01 1.078652667999267578e+01 1.818490982055664062e+01 1.695807266235351562e+01 2.490236282348632812e+01 1.483286285400390625e+01 1.071875095367431641e+01 1.443231296539306641e+01 1.354610633850097656e+01 7.405823707580566406e+00 1.756109237670898438e+01 2.162793350219726562e+01 2.552077102661132812e+01 1.947557830810546875e+01 2.364706420898437500e+01 1.963063430786132812e+01 2.192374420166015625e+01 2.270647811889648438e+01 3.328292846679687500e+01 2.036317634582519531e+01 1.847147941589355469e+01 1.846723937988281250e+01 1.359108161926269531e+01 1.626317405700683594e+01 1.854929161071777344e+01 1.270966720581054688e+01 9.502451896667480469e+00 1.498860073089599609e+01 1.018972015380859375e+01 1.299846076965332031e+01 1.598204612731933594e+01 1.496382427215576172e+01 9.891472816467285156e+00 1.688568115234375000e+01 1.656370735168457031e+01 1.369300174713134766e+01 1.336680793762207031e+01 1.506803512573242188e+01 1.074202728271484375e+01 7.333474159240722656e+00 7.134073734283447266e+00 8.027029037475585938e+00 1.404927825927734375e+01 1.263786697387695312e+01 8.633615493774414062e+00 7.924722671508789062e+00 4.132549285888671875e+00 1.370316982269287109e+01 7.551797389984130859e+00 6.550002574920654297e+00 7.920320987701416016e+00 7.384960174560546875e+00 1.051129341125488281e+01 9.671992301940917969e+00 1.146363353729248047e+01 9.858676910400390625e+00 2.993132591247558594e+00 1.069070911407470703e+01 6.478939056396484375e+00 4.076381683349609375e+00 5.739012241363525391e+00 3.395418405532836914e+00 9.017751693725585938e+00 3.764193773269653320e+00 4.537269592285156250e+00 4.987700462341308594e+00 6.826019763946533203e+00 7.431911945343017578e+00 3.694739103317260742e+00 4.522820472717285156e+00 9.363996505737304688e+00 5.734178543090820312e+00
1.047438735961914062e+02 1.007938308715820312e+02 1.145880737304687500e+02 9.327362823486328125e+01 1.035299453735351562e+02 1.198680343627929688e+02 1.449128570556640625e+02 1.603825073242187500e+02 1.871697235107421875e+02 2.212261962890625000e+02 2.920906372070312500e+02 5.041940917968750000e+02 1.940555541992187500e+03 5.508784179687500000e+02 2.900010375976562500e+02 2.029584045410156250e+02 1.591172637939453125e+02 1.282174377441406250e+02 9.002950286865234375e+01 1.018905181884765625e+02 6.781319427490234375e+01 5.423160552978515625e+01 4.743884658813476562e+01 3.518776321411132812e+01 5.820286178588867188e+01 5.078576278686523438e+01 5.603229522705078125e+01 3.032478141784667969e+01 3.478561782836914062e+01 3.296225738525390625e+01 2.756602287292480469e+01 3.372693634033203125e+01 3.523089599609375000e+01 2.953802680969238281e+01 2.385865020751953125e+01 1.698143196105957031e+01 2.770478439331054688e+01 2.263931083679199219e+01 1.478881835937500000e+01 1.326228713989257812e+01 2.442148399353027344e+01 2.344501876831054688e+01 2.889079666137695312e+01 1.816552543640136719e+01 2.537278556823730469e+01 1.907752227783203125e+01 1.884790229797363281e+01 2.039328575134277344e+01 2.015530586242675781e+01 2.397853469848632812e+01 2.129652976989746094e+01 2.346746253967285156e+01 1.795067787170410156e+01 1.568975734710693359e+01 2.066027259826660156e+01 2.535709571838378906e+01 1.254369068145751953e+01 1.618355178833007812e+01 2.210192871093750000e+01 1.282984542846679688e+01 2.007417678833007812e+01 1.582264423370361328e+01 1.803410339355468750e+01 2.439175796508789062e+01 1.629984474182128906e+01 2.208533477783203125e+01 1.705342102050781250e+01 2.050033378601074219e+01 1.772041702270507812e+01 1.618533515930175781e+01 2.084400177001953125e+01 1.967659187316894531e+01 1.941689109802246094e+01 2.250041961669921875e+01 1.842021751403808594e+01 1.831881713867187500e+01 1.988597869873046875e+01 2.464995765686035156e+01 2.547678756713867188e+01 2.244975852966308594e+01 2.400325965881347656e+01 2.023485755920410156e+01 1.080944538116455078e+01 1.923313331604003906e+01 1.351612758636474609e+01 1.389493274688720703e+01 1.328305339813232422e+01 1.191991138458251953e+01 1.431693267822265625e+01 1.794037628173828125e+01 1.679738998413085938e+01 2.103822326660156250e+01 2.173756408691406250e+01 1.706425476074218750e+01 1.560198879241943359e+01 1.254261589050292969e+01 2.003017425537109375e+01 1.183162212371826172e+01 1.121077632904052734e+01 5.057832241058349609e+00 1.440511322021484375e+01 9.462468147277832031e+00 8.787542343139648438e+00 1.009958362579345703e+01 6.621658802032470703e+00 1.098692417144775391e+01 4.553959369659423828e+00 8.030977249145507812e+00 1.218982887268066406e+01 1.143105792999267578e+01 7.199090957641601562e+00 1.117826080322265625e+01 1.028570365905761719e+01 6.095514774322509766e+00 8.736861228942871094e+00 1.114068889617919922e+01 1.033551025390625000e+01 6.201039314270019531e+00 7.947569370269775391e+00 6.713483333587646484e+00 6.619921207427978516e+00 8.990578651428222656e+00 7.338908672332763672e+00 6.031462669372558594e+00 1.007794666290283203e+01 8.296168327331542969e+00 4.610366344451904297e+00 9.168085098266601562e+00 3.206536293029785156e+00 4.979082107543945312e+00 9.909293174743652344e+00
9.417139434814453125e+01 1.032512435913085938e+02 8.099343872070312500e+01 1.109115829467773438e+02 1.194922180175781250e+02 1.206378631591796875e+02 1.274082946777343750e+02 1.265662384033203125e+02 1.520860748291015625e+02 1.715968933105468750e+02 2.291198120117187500e+02 2.789754333496093750e+02 5.508784179687500000e+02 2.177726074218750000e+03 6.389159545898437500e+02 2.772088623046875000e+02 1.922524414062500000e+02 1.335162963867187500e+02 1.112955780029296875e+02 7.984509277343750000e+01 8.968739318847656250e+01 4.550347137451171875e+01 6.015372085571289062e+01 4.797743988037109375e+01 4.369348526000976562e+01 4.230230331420898438e+01 5.090825271606445312e+01 3.638528442382812500e+01 4.704969406127929688e+01 2.588718795776367188e+01 3.107062339782714844e+01 1.962054252624511719e+01 2.951347160339355469e+01 3.111918640136718750e+01 3.296428298950195312e+01 2.963669204711914062e+01 1.450545787811279297e+01 2.322609138488769531e+01 2.129329299926757812e+01 3.338349151611328125e+01 2.380449104309082031e+01 2.386837196350097656e+01 2.582559585571289062e+01 1.837345695495605469e+01 2.008120346069335938e+01 2.393069076538085938e+01 1.871562767028808594e+01 3.503508758544921875e+01 1.648868560791015625e+01 1.913795089721679688e+01 1.238919258117675781e+01 1.365212535858154297e+01 1.377363014221191406e+01 1.773633193969726562e+01 1.727738571166992188e+01 1.616981887817382812e+01 1.641882324218750000e+01 1.804490470886230469e+01 1.639360618591308594e+01 1.865930938720703125e+01 1.313785362243652344e+01 2.301194000244140625e+01 1.601794433593750000e+01 3.010271453857421875e+01 1.789418029785156250e+01 1.585286903381347656e+01 1.562522220611572266e+01 2.175690460205078125e+01 1.718133354187011719e+01 1.955583000183105469e+01 1.975691223144531250e+01 1.687415885925292969e+01 2.710972404479980469e+01 2.512038993835449219e+01 2.893294525146484375e+01 2.179823875427246094e+01 2.788860893249511719e+01 1.985543823242187500e+01 2.417682838439941406e+01 2.020231056213378906e+01 2.713425064086914062e+01 2.270230865478515625e+01 1.839345932006835938e+01 2.323831176757812500e+01 2.123000907897949219e+01 1.570738983154296875e+01 1.825592613220214844e+01 8.510366439819335938e+00 1.292405033111572266e+01 1.235932064056396484e+01 2.545819091796875000e+01 1.445722770690917969e+01 2.226753807067871094e+01 1.152822017669677734e+01 1.633753776550292969e+01 1.860640335083007812e+01 1.797813224792480469e+01 9.078454017639160156e+00 1.084609603881835938e+01 1.406824779510498047e+01 9.078474998474121094e+00 9.126317024230957031e+00 1.082567882537841797e+01 9.013401031494140625e+00 7.091421604156494141e+00 1.054615592956542969e+01 8.345144271850585938e+00 7.508566379547119141e+00 6.838131904602050781e+00 4.724988460540771484e+00 5.996525764465332031e+00 7.315784454345703125e+00 8.751127243041992188e+00 8.703934669494628906e+00 1.219834327697753906e+01 6.249596118927001953e+00 7.440656661987304688e+00 6.313013076782226562e+00 7.565685749053955078e+00 6.390898227691650391e+00 4.726373672485351562e+00 4.707217693328857422e+00 3.493135690689086914e+00 4.736860275268554688e+00 7.637088298797607422e+00 6.108249187469482422e+00 6.896742820739746094e+00 4.285852909088134766e+00 8.394267082214355469e+00 6.517273902893066406e+00 4.988683700561523438e+00
7.834428405761718750e+01 9.631600952148437500e+01 8.732164764404296875e+01 8.688903808593750000e+01 7.992875671386718750e+01 9.038773345947265625e+01 1.124355621337890625e+02 1.102880477905273438e+02 1.202292022705078125e+02 1.482433166503906250e+02 1.629869995117187500e+02 1.916983795166015625e+02 2.900010375976562500e+02 6.389159545898437500e+02 2.369718017578125000e+03 5.464810180664062500e+02 2.661803283691406250e+02 1.581351928710937500e+02 1.114681167602539062e+02 9.830983734130859375e+01 8.023737335205078125e+01 5.798190689086914062e+01 6.501156616210937500e+01 6.218835449218750000e+01 5.661087799072265625e+01 5.144671249389648438e+01 4.833884811401367188e+01 3.088460159301757812e+01 4.501412963867187500e+01 4.423442459106445312e+01 3.633224105834960938e+01 3.340663146972656250e+01 3.241979598999023438e+01 2.589669036865234375e+01 2.668136405944824219e+01 1.744025802612304688e+01 2.503894615173339844e+01 2.463350105285644531e+01 2.232695007324218750e+01 1.906887435913085938e+01 2.241310882568359375e+01 2.621879577636718750e+01 3.242143630981445312e+01 1.187221908569335938e+01 2.884597778320312500e+01 1.942970848083496094e+01 1.308277034759521484e+01 2.015888595581054688e+01 2.173488044738769531e+01 2.186345291137695312e+01 1.786208915710449219e+01 2.099511528015136719e+01 1.868997764587402344e+01 2.563540458679199219e+01 1.237745666503906250e+01 1.308788776397705078e+01 2.404754257202148438e+01 1.120366382598876953e+01 1.906724929809570312e+01 1.639742088317871094e+01 2.680153656005859375e+01 1.137511253356933594e+01 2.037350845336914062e+01 2.004064369201660156e+01 2.192433357238769531e+01 1.638961982727050781e+01 1.838990211486816406e+01 2.389940452575683594e+01 1.887325477600097656e+01 2.058651542663574219e+01 2.066901397705078125e+01 1.756026268005371094e+01 2.233450508117675781e+01 2.473954391479492188e+01 1.500821495056152344e+01 1.915584754943847656e+01 2.859259605407714844e+01 1.999313354492187500e+01 2.838919067382812500e+01 2.118300819396972656e+01 2.353127479553222656e+01 2.285974693298339844e+01 3.574685668945312500e+01 2.127224349975585938e+01 1.846216011047363281e+01 2.088662338256835938e+01 1.527898597717285156e+01 2.415008544921875000e+01 1.064755439758300781e+01 1.425521850585937500e+01 1.906716346740722656e+01 1.739336204528808594e+01 1.970414924621582031e+01 1.662078475952148438e+01 1.869413375854492188e+01 2.464661788940429688e+01 1.563424396514892578e+01 7.625990867614746094e+00 1.051249408721923828e+01 1.181746673583984375e+01 1.150670051574707031e+01 1.145717239379882812e+01 9.662032127380371094e+00 9.240924835205078125e+00 9.520799636840820312e+00 6.318918228149414062e+00 9.166927337646484375e+00 1.154715538024902344e+01 1.168457603454589844e+01 3.460186004638671875e+00 9.410042762756347656e+00 1.205430412292480469e+01 9.612890243530273438e+00 8.764295578002929688e+00 1.256209468841552734e+01 8.390582084655761719e+00 3.715168714523315430e+00 2.972007274627685547e+00 4.155356407165527344e+00 8.775298118591308594e+00 6.922400951385498047e+00 7.756137371063232422e+00 5.755680561065673828e+00 6.937759876251220703e+00 6.863846778869628906e+00 5.964227199554443359e+00 2.840960979461669922e+00 6.591060161590576172e+00 6.915666580200195312e+00 9.204504013061523438e+00 8.767907142639160156e+00
1.075298233032226562e+02 9.880017852783203125e+01 9.331227111816406250e+01 9.868635559082031250e+01 7.533476257324218750e+01 1.035812683105468750e+02 1.035599670410156250e+02 1.056452560424804688e+02 1.245978469848632812e+02 1.301691589355468750e+02 1.344617919921875000e+02 1.706968841552734375e+02 2.029584045410156250e+02 2.772088623046875000e+02 5.464810180664062500e+02 2.182813232421875000e+03 5.505140991210937500e+02 2.345426483154296875e+02 1.599721221923828125e+02 1.117130050659179688e+02 7.402198028564453125e+01 4.740140914916992188e+01 5.334191894531250000e+01 6.293597412109375000e+01 4.538625335693359375e+01 6.703270721435546875e+01 6.241951370239257812e+01 4.626196289062500000e+01 6.002082061767578125e+01 4.300283050537109375e+01 4.737042999267578125e+01 3.501109695434570312e+01 2.757750511169433594e+01 2.637759780883789062e+01 2.677521514892578125e+01 2.041853904724121094e+01 1.798866271972656250e+01 2.703766250610351562e+01 2.053836059570312500e+01 1.674395561218261719e+01 2.427255821228027344e+01 2.302214241027832031e+01 2.313069152832031250e+01 2.189193725585937500e+01 2.011421585083007812e+01 2.810013389587402344e+01 3.282197189331054688e+01 2.252863502502441406e+01 2.067532539367675781e+01 1.476754856109619141e+01 2.016553497314453125e+01 2.106896591186523438e+01 2.266316032409667969e+01 2.070908927917480469e+01 1.376660251617431641e+01 1.970088577270507812e+01 1.759634399414062500e+01 2.043212318420410156e+01 1.674252891540527344e+01 1.349832248687744141e+01 1.719780158996582031e+01 1.775685882568359375e+01 1.788952636718750000e+01 1.759724426269531250e+01 1.858743476867675781e+01 2.338596343994140625e+01 2.368338775634765625e+01 2.518264389038085938e+01 2.485828018188476562e+01 1.964843559265136719e+01 2.631605339050292969e+01 2.312891387939453125e+01 2.533143424987792969e+01 2.255875396728515625e+01 2.248076629638671875e+01 2.102540588378906250e+01 2.241653823852539062e+01 3.032318305969238281e+01 1.929903221130371094e+01 1.594313907623291016e+01 2.617223358154296875e+01 2.737177658081054688e+01 3.002380371093750000e+01 2.241442108154296875e+01 2.218376541137695312e+01 1.754268455505371094e+01 1.928569984436035156e+01 1.778538703918457031e+01 1.308913326263427734e+01 2.026592826843261719e+01 1.116163444519042969e+01 2.324110221862792969e+01 2.028483963012695312e+01 2.154402923583984375e+01 2.560725021362304688e+01 1.583535194396972656e+01 9.392898559570312500e+00 1.236223983764648438e+01 8.615401268005371094e+00 1.037665557861328125e+01 1.212453365325927734e+01 1.068905735015869141e+01 1.827326583862304688e+01 8.693840026855468750e+00 8.360003471374511719e+00 8.322752952575683594e+00 1.149896526336669922e+01 5.793886184692382812e+00 4.397128582000732422e+00 1.291282749176025391e+01 4.131374835968017578e+00 7.056411266326904297e+00 5.843676090240478516e+00 4.197672843933105469e+00 1.250122928619384766e+01 9.376924514770507812e+00 6.524414539337158203e+00 6.959076404571533203e+00 9.121815681457519531e+00 8.475934028625488281e+00 6.078406810760498047e+00 5.297049522399902344e+00 5.896257877349853516e+00 5.330406188964843750e+00 6.026991367340087891e+00 7.200951576232910156e+00 1.413597965240478516e+01 6.614243984222412109e+00 1.113290405273437500e+01 8.980301022529602051e-01 1.924726009368896484e+00
9.456983947753906250e+01 8.185952758789062500e+01 8.954720306396484375e+01 8.857183074951171875e+01 8.231484985351562500e+01 9.360530853271484375e+01 9.049554443359375000e+01 9.782644653320312500e+01 1.107467269897460938e+02 1.011371536254882812e+02 1.163356475830078125e+02 1.112583541870117188e+02 1.591172637939453125e+02 1.922524414062500000e+02 2.661803283691406250e+02 5.505140991210937500e+02 1.766614013671875000e+03 5.035375671386718750e+02 2.495053558349609375e+02 1.643435211181640625e+02 1.313304901123046875e+02 8.949104309082031250e+01 7.799065399169921875e+01 5.990893173217773438e+01 6.120468139648437500e+01 5.659547805786132812e+01 5.185150909423828125e+01 5.550167083740234375e+01 4.974837875366210938e+01 5.275270462036132812e+01 4.067486572265625000e+01 3.828120040893554688e+01 3.742899703979492188e+01 3.385373687744140625e+01 3.452746582031250000e+01 3.138989067077636719e+01 2.183240890502929688e+01 2.250168991088867188e+01 3.021444511413574219e+01 2.709565162658691406e+01 2.653966140747070312e+01 2.128870391845703125e+01 2.951281929016113281e+01 1.602618217468261719e+01 2.833014106750488281e+01 2.679636192321777344e+01 1.527017593383789062e+01 3.124853324890136719e+01 1.672876548767089844e+01 2.628709602355957031e+01 2.175504684448242188e+01 2.290726470947265625e+01 2.276336860656738281e+01 1.894166183471679688e+01 2.227759552001953125e+01 1.859705162048339844e+01 1.494938373565673828e+01 1.714428138732910156e+01 2.333037757873535156e+01 2.111533927917480469e+01 1.464741230010986328e+01 1.975515365600585938e+01 2.302797317504882812e+01 1.566206073760986328e+01 2.470761299133300781e+01 2.765521621704101562e+01 2.525984573364257812e+01 2.094170761108398438e+01 2.145415115356445312e+01 2.416479492187500000e+01 1.909007453918457031e+01 2.703134346008300781e+01 2.644658660888671875e+01 2.028075599670410156e+01 2.258016777038574219e+01 1.871322441101074219e+01 1.813761138916015625e+01 2.905462265014648438e+01 2.342277526855468750e+01 2.508308410644531250e+01 2.674914932250976562e+01 3.248223876953125000e+01 3.312652206420898438e+01 3.274537277221679688e+01 2.278176498413085938e+01 2.387188148498535156e+01 1.560439491271972656e+01 2.103222084045410156e+01 1.664244270324707031e+01 2.073803329467773438e+01 1.444971656799316406e+01 3.116220855712890625e+01 1.882646751403808594e+01 2.417938423156738281e+01 2.071927070617675781e+01 2.050025558471679688e+01 1.461530399322509766e+01 8.752190589904785156e+00 1.294590377807617188e+01 1.097929668426513672e+01 8.175142288208007812e+00 1.119243812561035156e+01 5.280434608459472656e+00 1.078598403930664062e+01 9.838871002197265625e+00 6.734084129333496094e+00 1.116481494903564453e+01 9.375868797302246094e+00 6.522621154785156250e+00 8.604229927062988281e+00 8.691195487976074219e+00 9.991563796997070312e+00 5.778935909271240234e+00 9.057093620300292969e+00 7.139973640441894531e+00 7.045102119445800781e+00 8.974328994750976562e+00 6.334548473358154297e+00 5.166433811187744141e+00 8.104939460754394531e+00 8.606753349304199219e+00 6.122764110565185547e+00 2.726151227951049805e+00 4.929056644439697266e+00 5.960220336914062500e+00 7.415437698364257812e+00 4.709627628326416016e+00 7.358587741851806641e+00 9.007826805114746094e+00 9.445953369140625000e+00 3.893323421478271484e+00
8.393272399902343750e+01 7.074509429931640625e+01 6.997554016113281250e+01 6.372979354858398438e+01 8.266303253173828125e+01 7.540421295166015625e+01 8.613768005371093750e+01 7.110427856445312500e+01 8.878669738769531250e+01 9.742145538330078125e+01 8.485551452636718750e+01 9.538201904296875000e+01 1.282174377441406250e+02 1.335162963867187500e+02 1.581351928710937500e+02 2.345426483154296875e+02 5.035375671386718750e+02 2.001451904296875000e+03 6.070644531250000000e+02 2.739215698242187500e+02 1.523904876708984375e+02 1.158680725097656250e+02 9.137575531005859375e+01 8.953384399414062500e+01 8.402082061767578125e+01 6.323879623413085938e+01 6.546237945556640625e+01 9.663051605224609375e+01 8.999957275390625000e+01 6.270739746093750000e+01 5.855978393554687500e+01 4.961870193481445312e+01 4.182250595092773438e+01 3.536056137084960938e+01 4.463221359252929688e+01 4.430464935302734375e+01 3.523744201660156250e+01 3.142874526977539062e+01 3.207304000854492188e+01 2.445386123657226562e+01 2.135156822204589844e+01 2.576992988586425781e+01 3.699870681762695312e+01 2.733230972290039062e+01 3.434970092773437500e+01 3.084911346435546875e+01 3.041599082946777344e+01 2.909713935852050781e+01 2.875758743286132812e+01 2.269712066650390625e+01 2.700967788696289062e+01 3.095351791381835938e+01 2.331577491760253906e+01 2.930549812316894531e+01 2.358245849609375000e+01 1.781144714355468750e+01 1.829505538940429688e+01 1.847255325317382812e+01 2.775082588195800781e+01 2.115316390991210938e+01 2.045845413208007812e+01 1.505049800872802734e+01 2.132001876831054688e+01 3.022815895080566406e+01 1.680478096008300781e+01 2.927506446838378906e+01 2.043872833251953125e+01 3.225391387939453125e+01 2.996561813354492188e+01 3.339636993408203125e+01 4.020057296752929688e+01 2.555752944946289062e+01 2.659585762023925781e+01 3.172590637207031250e+01 2.733324241638183594e+01 3.041429710388183594e+01 2.756264495849609375e+01 3.390802383422851562e+01 3.635027694702148438e+01 3.443366241455078125e+01 3.611591339111328125e+01 3.464530944824218750e+01 4.688566207885742188e+01 3.152292442321777344e+01 2.931291007995605469e+01 2.306942558288574219e+01 2.350080108642578125e+01 2.968551826477050781e+01 2.310409164428710938e+01 1.724451446533203125e+01 3.330083847045898438e+01 3.061768150329589844e+01 3.560000228881835938e+01 3.141584014892578125e+01 2.671309852600097656e+01 2.433829116821289062e+01 1.633088493347167969e+01 1.816201210021972656e+01 1.168369483947753906e+01 1.298972606658935547e+01 1.157069778442382812e+01 1.478009605407714844e+01 1.121050453186035156e+01 1.100406455993652344e+01 1.168089485168457031e+01 9.196669578552246094e+00 1.039614200592041016e+01 1.244076347351074219e+01 1.457652664184570312e+01 3.433648824691772461e+00 1.045841979980468750e+01 1.435422706604003906e+01 1.115348720550537109e+01 1.075275325775146484e+01 7.313241958618164062e+00 7.872074127197265625e+00 9.437891006469726562e+00 9.437485694885253906e+00 1.154576587677001953e+01 7.663037776947021484e+00 8.930104255676269531e+00 8.209763526916503906e+00 1.066153812408447266e+01 5.507641792297363281e+00 7.870727062225341797e+00 8.285881042480468750e+00 6.766014575958251953e+00 1.046481895446777344e+01 7.320137023925781250e+00 8.930936813354492188e+00 6.090464115142822266e+00
6.006505584716796875e+01 6.690177154541015625e+01 5.931310653686523438e+01 6.580688476562500000e+01 5.875821304321289062e+01 5.693120574951171875e+01 6.848126983642578125e+01 6.365042114257812500e+01 8.848117828369140625e+01 7.524627685546875000e+01 9.419789886474609375e+01 9.719964599609375000e+01 9.002950286865234375e+01 1.112955780029296875e+02 1.114681167602539062e+02 1.599721221923828125e+02 2.495053558349609375e+02 6.070644531250000000e+02 2.066983886718750000e+03 5.294205932617187500e+02 2.406149902343750000e+02 1.764619140625000000e+02 1.299550018310546875e+02 1.113887557983398438e+02 1.129047088623046875e+02 8.094464874267578125e+01 8.915671539306640625e+01 9.072029113769531250e+01 9.680504608154296875e+01 7.888850402832031250e+01 6.648512268066406250e+01 6.507546234130859375e+01 5.764999389648437500e+01 4.571205520629882812e+01 3.762459182739257812e+01 3.105506134033203125e+01 3.832959747314453125e+01 3.984516525268554688e+01 4.568301391601562500e+01 2.895833206176757812e+01 3.817477035522460938e+01 2.029852104187011719e+01 4.118065643310546875e+01 2.205945587158203125e+01 3.546923065185546875e+01 3.185455322265625000e+01 2.387466430664062500e+01 2.128221321105957031e+01 2.944740104675292969e+01 2.929608345031738281e+01 3.259641265869140625e+01 2.176923370361328125e+01 4.030853271484375000e+01 3.691516113281250000e+01 2.491474342346191406e+01 2.931218528747558594e+01 2.327192878723144531e+01 2.301905441284179688e+01 2.829347419738769531e+01 2.499296379089355469e+01 2.873032379150390625e+01 3.375856018066406250e+01 2.796143150329589844e+01 3.258236694335937500e+01 3.336221694946289062e+01 3.330810165405273438e+01 3.132230567932128906e+01 3.145485305786132812e+01 3.397202301025390625e+01 3.014365386962890625e+01 2.880340957641601562e+01 3.285484313964843750e+01 3.134050559997558594e+01 2.983492851257324219e+01 3.075702095031738281e+01 2.502630805969238281e+01 2.846096992492675781e+01 4.326980590820312500e+01 4.998412322998046875e+01 4.802806854248046875e+01 3.825748443603515625e+01 4.585379028320312500e+01 3.609798431396484375e+01 4.117228317260742188e+01 3.272425842285156250e+01 2.741931724548339844e+01 2.550617218017578125e+01 2.080787467956542969e+01 2.308126068115234375e+01 2.364932441711425781e+01 3.099966621398925781e+01 2.283347129821777344e+01 4.260850906372070312e+01 3.860330200195312500e+01 2.605130577087402344e+01 3.839538955688476562e+01 1.624482917785644531e+01 1.771206474304199219e+01 1.302199077606201172e+01 2.005753517150878906e+01 1.692606735229492188e+01 1.164202213287353516e+01 1.380982017517089844e+01 1.226451301574707031e+01 1.105646610260009766e+01 1.345324611663818359e+01 7.603940010070800781e+00 1.149399852752685547e+01 7.753857612609863281e+00 6.027450084686279297e+00 7.649491310119628906e+00 1.633171653747558594e+01 9.445962905883789062e+00 9.252673149108886719e+00 1.069809436798095703e+01 5.314881324768066406e+00 6.040174484252929688e+00 1.380552005767822266e+01 6.031998157501220703e+00 1.120978927612304688e+01 6.029217243194580078e+00 6.004780769348144531e+00 6.684048175811767578e+00 7.049693584442138672e+00 9.742281913757324219e+00 9.523571014404296875e+00 5.498660564422607422e+00 1.202798366546630859e+01 8.031135559082031250e+00 3.563051223754882812e+00 5.091067314147949219e+00
5.469313430786132812e+01 4.875450134277343750e+01 6.000434112548828125e+01 4.409802627563476562e+01 4.382566833496093750e+01 4.649570846557617188e+01 6.167638778686523438e+01 6.179476928710937500e+01 6.070667648315429688e+01 5.409064865112304688e+01 7.362407684326171875e+01 6.303359603881835938e+01 1.018905181884765625e+02 7.984509277343750000e+01 9.830983734130859375e+01 1.117130050659179688e+02 1.643435211181640625e+02 2.739215698242187500e+02 5.294205932617187500e+02 2.139429443359375000e+03 5.396769409179687500e+02 2.165830535888671875e+02 1.781499938964843750e+02 1.200850296020507812e+02 1.183726196289062500e+02 1.286311187744140625e+02 1.168347549438476562e+02 9.500645446777343750e+01 1.074252014160156250e+02 8.114038085937500000e+01 8.019454956054687500e+01 7.446885681152343750e+01 6.054973602294921875e+01 6.287668228149414062e+01 5.339163589477539062e+01 4.451613998413085938e+01 4.570185470581054688e+01 3.779183197021484375e+01 5.559940338134765625e+01 4.246346282958984375e+01 4.116279220581054688e+01 4.430462265014648438e+01 4.068391418457031250e+01 3.326022338867187500e+01 3.723712921142578125e+01 3.735574340820312500e+01 3.665160369873046875e+01 2.909342002868652344e+01 3.213672637939453125e+01 4.161915588378906250e+01 3.812643814086914062e+01 2.240692329406738281e+01 3.075127983093261719e+01 3.064235687255859375e+01 2.928166389465332031e+01 1.571397399902343750e+01 2.432791137695312500e+01 3.380165863037109375e+01 3.561148071289062500e+01 2.679696273803710938e+01 3.369197082519531250e+01 3.186757087707519531e+01 3.026796340942382812e+01 3.368652343750000000e+01 2.612174224853515625e+01 3.635000991821289062e+01 2.862201118469238281e+01 4.166063308715820312e+01 3.260547637939453125e+01 3.426974105834960938e+01 2.895229530334472656e+01 3.006383895874023438e+01 3.041621208190917969e+01 2.932272148132324219e+01 3.874806213378906250e+01 4.248513412475585938e+01 3.719051361083984375e+01 3.734073638916015625e+01 4.104918670654296875e+01 4.804083251953125000e+01 5.859845733642578125e+01 4.075397872924804688e+01 6.966638946533203125e+01 5.098645019531250000e+01 2.631472969055175781e+01 3.222522735595703125e+01 2.051041221618652344e+01 2.546226501464843750e+01 3.049217605590820312e+01 2.852588272094726562e+01 2.967609977722167969e+01 5.084639739990234375e+01 4.885650634765625000e+01 5.691083908081054688e+01 3.631120681762695312e+01 3.087508583068847656e+01 1.613669395446777344e+01 1.643411064147949219e+01 2.028841781616210938e+01 1.528007698059082031e+01 1.790900802612304688e+01 1.471133708953857422e+01 1.804556465148925781e+01 1.540988540649414062e+01 1.374047279357910156e+01 1.868603134155273438e+01 8.560434341430664062e+00 5.391592025756835938e+00 1.480848217010498047e+01 1.615628242492675781e+01 9.666211128234863281e+00 9.380648612976074219e+00 8.286361694335937500e+00 1.041656112670898438e+01 1.251303863525390625e+01 9.972393989562988281e+00 1.110198211669921875e+01 7.401003360748291016e+00 8.730976104736328125e+00 8.194715499877929688e+00 9.696611404418945312e+00 5.633431911468505859e+00 9.853943824768066406e+00 6.478750705718994141e+00 6.409728050231933594e+00 6.265831470489501953e+00 1.061200046539306641e+01 6.154988765716552734e+00 8.610825538635253906e+00 6.685408115386962891e+00 6.140859603881835938e+00
5.688640594482421875e+01 4.340458297729492188e+01 3.404788589477539062e+01 3.252894592285156250e+01 5.339899826049804688e+01 4.296622467041015625e+01 4.719786071777343750e+01 4.670116043090820312e+01 5.090237426757812500e+01 3.574577331542968750e+01 6.937808227539062500e+01 5.313918685913085938e+01 6.781319427490234375e+01 8.968739318847656250e+01 8.023737335205078125e+01 7.402198028564453125e+01 1.313304901123046875e+02 1.523904876708984375e+02 2.406149902343750000e+02 5.396769409179687500e+02 1.893016479492187500e+03 6.079638671875000000e+02 2.045126647949218750e+02 2.053747558593750000e+02 1.622824859619140625e+02 1.143190994262695312e+02 1.352442932128906250e+02 1.358724670410156250e+02 2.083596496582031250e+02 1.165972824096679688e+02 8.017422485351562500e+01 6.044643020629882812e+01 6.380652236938476562e+01 6.218117141723632812e+01 7.220471191406250000e+01 4.805468750000000000e+01 4.144001388549804688e+01 5.281080245971679688e+01 4.498869323730468750e+01 4.619091033935546875e+01 4.705281829833984375e+01 4.423038864135742188e+01 5.284245300292968750e+01 3.738580322265625000e+01 3.506553268432617188e+01 4.161442565917968750e+01 3.218581771850585938e+01 3.606855010986328125e+01 3.030049705505371094e+01 2.730764007568359375e+01 3.264392852783203125e+01 3.910757827758789062e+01 3.240529632568359375e+01 4.339038085937500000e+01 4.466091918945312500e+01 3.955804443359375000e+01 3.451058578491210938e+01 3.901210403442382812e+01 3.752691650390625000e+01 2.622126960754394531e+01 3.043213653564453125e+01 3.233786392211914062e+01 3.827518081665039062e+01 3.254021453857421875e+01 3.422244644165039062e+01 4.132925796508789062e+01 3.740026092529296875e+01 4.390143203735351562e+01 3.343059539794921875e+01 3.258978652954101562e+01 5.084925079345703125e+01 3.552098846435546875e+01 4.212575912475585938e+01 4.775439071655273438e+01 5.125744247436523438e+01 3.298862457275390625e+01 6.230344390869140625e+01 5.544657135009765625e+01 4.956542205810546875e+01 6.055123138427734375e+01 6.792531585693359375e+01 1.022524108886718750e+02 8.564911651611328125e+01 7.326662445068359375e+01 4.016086196899414062e+01 3.842675018310546875e+01 3.101082420349121094e+01 2.606517791748046875e+01 4.051458740234375000e+01 4.408829879760742188e+01 3.377407073974609375e+01 5.506963729858398438e+01 6.686278533935546875e+01 7.477015686035156250e+01 5.592470932006835938e+01 3.785979461669921875e+01 2.429234123229980469e+01 1.443170928955078125e+01 1.379333591461181641e+01 1.878560447692871094e+01 1.509782409667968750e+01 1.409328651428222656e+01 1.609061431884765625e+01 1.948648452758789062e+01 1.022084522247314453e+01 1.347285556793212891e+01 1.546435546875000000e+01 1.947973442077636719e+01 1.067709445953369141e+01 9.363903999328613281e+00 1.111213970184326172e+01 1.186224651336669922e+01 9.459731101989746094e+00 1.411307525634765625e+01 1.071368789672851562e+01 8.256897926330566406e+00 8.043148040771484375e+00 8.773965835571289062e+00 8.178300857543945312e+00 1.122612953186035156e+01 6.812108516693115234e+00 5.936436653137207031e+00 7.551969528198242188e+00 5.120417118072509766e+00 1.275847625732421875e+01 1.027110290527343750e+01 4.659494876861572266e+00 5.559468746185302734e+00 7.939728260040283203e+00 1.207713603973388672e+01 1.078526306152343750e+01
4.567741012573242188e+01 2.790001106262207031e+01 3.032070922851562500e+01 4.573901748657226562e+01 4.687704086303710938e+01 4.451623535156250000e+01 3.046262550354003906e+01 3.884502792358398438e+01 2.979023170471191406e+01 4.564351654052734375e+01 4.846164321899414062e+01 4.184270477294921875e+01 5.423160552978515625e+01 4.550347137451171875e+01 5.798190689086914062e+01 4.740140914916992188e+01 8.949104309082031250e+01 1.158680725097656250e+02 1.764619140625000000e+02 2.165830535888671875e+02 6.079638671875000000e+02 2.474941894531250000e+03 6.833740234375000000e+02 2.695260009765625000e+02 1.907224121093750000e+02 1.768187561035156250e+02 1.744292907714843750e+02 1.407740936279296875e+02 1.453340148925781250e+02 9.793141174316406250e+01 7.038204193115234375e+01 7.097731781005859375e+01 4.710220336914062500e+01 5.217317581176757812e+01 5.907036590576171875e+01 4.504652786254882812e+01 4.409537506103515625e+01 5.112802886962890625e+01 4.325129318237304688e+01 3.125676918029785156e+01 4.052365112304687500e+01 4.595330429077148438e+01 2.551498603820800781e+01 4.369736099243164062e+01 3.451399993896484375e+01 4.206691360473632812e+01 2.715392494201660156e+01 3.905136489868164062e+01 3.859565353393554688e+01 3.420852661132812500e+01 3.460206222534179688e+01 3.776619720458984375e+01 3.965399932861328125e+01 2.780980300903320312e+01 3.516677474975585938e+01 3.259745788574218750e+01 2.135117721557617188e+01 2.504249954223632812e+01 1.436426067352294922e+01 1.389707088470458984e+01 2.196588706970214844e+01 3.427764129638671875e+01 3.229128646850585938e+01 3.299896240234375000e+01 3.075511741638183594e+01 2.579656982421875000e+01 3.562452697753906250e+01 4.475416946411132812e+01 2.742065048217773438e+01 5.028317260742187500e+01 4.003957366943359375e+01 5.102605056762695312e+01 4.687142181396484375e+01 2.949225616455078125e+01 3.420422744750976562e+01 4.174683761596679688e+01 4.945443725585937500e+01 3.696980667114257812e+01 5.676896286010742188e+01 3.908121109008789062e+01 6.989589691162109375e+01 8.051529693603515625e+01 4.516177368164062500e+01 4.944976425170898438e+01 2.823513412475585938e+01 2.990604591369628906e+01 1.294918060302734375e+01 3.621912002563476562e+01 2.337637710571289062e+01 4.865483474731445312e+01 2.462433433532714844e+01 3.808892440795898438e+01 4.606779098510742188e+01 4.139669799804687500e+01 3.476532363891601562e+01 3.609980392456054688e+01 2.869230842590332031e+01 2.386392784118652344e+01 1.629166221618652344e+01 1.584868526458740234e+01 2.229053497314453125e+01 1.109729576110839844e+01 1.295798015594482422e+01 1.022932720184326172e+01 1.676680946350097656e+01 1.020072841644287109e+01 1.268426895141601562e+01 4.793336391448974609e+00 8.083969116210937500e+00 1.173024749755859375e+01 9.114467620849609375e+00 5.837835311889648438e+00 1.432452774047851562e+01 1.080418586730957031e+01 1.135634422302246094e+01 1.182113170623779297e+01 8.636335372924804688e+00 9.595515251159667969e+00 1.811175346374511719e+01 5.099795818328857422e+00 1.005744552612304688e+01 6.677788734436035156e+00 5.574890613555908203e+00 1.175972080230712891e+01 1.477388668060302734e+01 1.588643932342529297e+01 1.834483027458190918e+00 7.296035289764404297e+00 1.116406822204589844e+01 9.905982971191406250e+00 6.369375705718994141e+00
4.084222412109375000e+01 3.253259658813476562e+01 3.147413253784179688e+01 3.510877227783203125e+01 3.786016845703125000e+01 3.322100448608398438e+01 4.465461349487304688e+01 3.382023239135742188e+01 4.330805969238281250e+01 4.359157943725585938e+01 4.931636428833007812e+01 5.436641311645507812e+01 4.743884658813476562e+01 6.015372085571289062e+01 6.501156616210937500e+01 5.334191894531250000e+01 7.799065399169921875e+01 9.137575531005859375e+01 1.299550018310546875e+02 1.781499938964843750e+02 2.045126647949218750e+02 6.833740234375000000e+02 2.359508544921875000e+03 6.911411743164062500e+02 2.706809082031250000e+02 2.090700225830078125e+02 1.624688873291015625e+02 1.350708160400390625e+02 1.360028991699218750e+02 8.972242736816406250e+01 6.025458526611328125e+01 7.233030700683593750e+01 6.381549072265625000e+01 5.562161254882812500e+01 6.002273941040039062e+01 5.402691268920898438e+01 4.465940475463867188e+01 5.269047164916992188e+01 4.720788574218750000e+01 4.695473480224609375e+01 4.397356414794921875e+01 5.027985763549804688e+01 3.452488327026367188e+01 4.168183517456054688e+01 3.942346954345703125e+01 4.484736633300781250e+01 3.763329696655273438e+01 3.784772872924804688e+01 3.553575897216796875e+01 3.125963401794433594e+01 2.722768020629882812e+01 3.251962280273437500e+01 2.665160942077636719e+01 4.341302108764648438e+01 2.811836624145507812e+01 3.571735000610351562e+01 2.897033309936523438e+01 3.648686599731445312e+01 4.156570053100585938e+01 4.550508880615234375e+01 4.044882583618164062e+01 3.654325103759765625e+01 2.773174095153808594e+01 3.724947357177734375e+01 4.215587997436523438e+01 3.702140808105468750e+01 2.658541297912597656e+01 3.948599243164062500e+01 2.923304557800292969e+01 4.990967178344726562e+01 4.482032775878906250e+01 4.331745529174804688e+01 4.900848007202148438e+01 4.028451919555664062e+01 4.284636306762695312e+01 5.192382431030273438e+01 4.534193038940429688e+01 5.442797470092773438e+01 4.822780227661132812e+01 5.728844070434570312e+01 5.993656921386718750e+01 5.364814758300781250e+01 5.456635665893554688e+01 4.246743392944335938e+01 3.411487579345703125e+01 3.282044219970703125e+01 2.563798522949218750e+01 2.654647636413574219e+01 2.418847656250000000e+01 3.014109420776367188e+01 2.887709236145019531e+01 3.748287582397460938e+01 4.279819869995117188e+01 5.802652740478515625e+01 4.941756057739257812e+01 3.910659408569335938e+01 2.379125213623046875e+01 1.696082496643066406e+01 1.953953552246093750e+01 1.314150333404541016e+01 1.821895027160644531e+01 1.626732444763183594e+01 1.995420646667480469e+01 1.772134780883789062e+01 1.161876773834228516e+01 1.413744163513183594e+01 9.465853691101074219e+00 7.665235042572021484e+00 1.723657226562500000e+01 1.071905899047851562e+01 4.858448505401611328e+00 4.149128437042236328e+00 1.298062324523925781e+01 7.404620647430419922e+00 9.512605667114257812e+00 7.088884353637695312e+00 1.457800579071044922e+01 8.183792114257812500e+00 1.394529247283935547e+01 5.436872005462646484e+00 6.254618167877197266e+00 9.788849830627441406e+00 5.943368434906005859e+00 7.163994789123535156e+00 9.450228691101074219e+00 5.388876438140869141e+00 1.369014453887939453e+01 7.778273582458496094e+00 7.141180515289306641e+00 6.336437225341796875e+00 1.018554878234863281e+01
3.573223114013671875e+01 3.952896118164062500e+01 2.944532394409179688e+01 3.279354095458984375e+01 3.369933319091796875e+01 2.972647094726562500e+01 4.336043930053710938e+01 4.914838409423828125e+01 3.926236343383789062e+01 5.213552474975585938e+01 4.180618286132812500e+01 4.549631881713867188e+01 3.518776321411132812e+01 4.797743988037109375e+01 6.218835449218750000e+01 6.293597412109375000e+01 5.990893173217773438e+01 8.953384399414062500e+01 1.113887557983398438e+02 1.200850296020507812e+02 2.053747558593750000e+02 2.695260009765625000e+02 6.911411743164062500e+02 1.987105712890625000e+03 7.402690429687500000e+02 3.084605102539062500e+02 1.945603942871093750e+02 1.725473327636718750e+02 1.447225646972656250e+02 8.228198242187500000e+01 7.308425903320312500e+01 7.483627319335937500e+01 6.311351394653320312e+01 6.347281265258789062e+01 5.644301605224609375e+01 4.987043762207031250e+01 5.114206695556640625e+01 5.211087036132812500e+01 4.777437591552734375e+01 4.044620132446289062e+01 5.646051025390625000e+01 5.482695770263671875e+01 3.311040496826171875e+01 4.001087951660156250e+01 5.025352859497070312e+01 3.735077285766601562e+01 3.721932601928710938e+01 5.053239440917968750e+01 4.254378128051757812e+01 3.520963287353515625e+01 3.822063446044921875e+01 3.828798294067382812e+01 2.999408721923828125e+01 3.246340942382812500e+01 3.286525726318359375e+01 4.200746154785156250e+01 3.376802444458007812e+01 4.400671768188476562e+01 3.029045677185058594e+01 3.139850997924804688e+01 2.737108039855957031e+01 4.001355361938476562e+01 3.120968055725097656e+01 3.376975250244140625e+01 4.400839233398437500e+01 3.452193450927734375e+01 4.382162094116210938e+01 3.905164337158203125e+01 4.433093643188476562e+01 3.656345367431640625e+01 3.905023956298828125e+01 5.180767059326171875e+01 4.561824417114257812e+01 4.470009231567382812e+01 3.876866149902343750e+01 3.178973960876464844e+01 5.110034942626953125e+01 3.990790176391601562e+01 5.517922210693359375e+01 5.665826416015625000e+01 5.447100067138671875e+01 5.730265426635742188e+01 4.920440292358398438e+01 4.344857406616210938e+01 2.679322052001953125e+01 2.967717742919921875e+01 1.657889938354492188e+01 1.829856681823730469e+01 1.884795379638671875e+01 3.050278472900390625e+01 3.375206756591796875e+01 3.243674087524414062e+01 3.677627944946289062e+01 5.011366653442382812e+01 3.741912841796875000e+01 3.069557189941406250e+01 3.193295669555664062e+01 2.755770301818847656e+01 2.004032516479492188e+01 1.485365295410156250e+01 1.331805229187011719e+01 8.044191360473632812e+00 1.897568130493164062e+01 1.213366985321044922e+01 1.591056156158447266e+01 1.075533008575439453e+01 1.203650856018066406e+01 1.179253768920898438e+01 1.534227180480957031e+01 1.236800670623779297e+01 8.649009704589843750e+00 1.333633518218994141e+01 1.359300231933593750e+01 6.509483814239501953e+00 8.552696228027343750e+00 1.168484306335449219e+01 3.794117689132690430e+00 8.093770027160644531e+00 7.426403999328613281e+00 1.523501968383789062e+01 8.836880683898925781e+00 3.520426034927368164e+00 9.796651840209960938e+00 1.151343441009521484e+01 1.012513160705566406e+01 9.136454582214355469e+00 4.835554122924804688e+00 7.692711830139160156e+00 1.177104473114013672e+01 9.400103569030761719e+00 1.455062103271484375e+01
3.718529129028320312e+01 3.863976287841796875e+01 3.339736557006835938e+01 3.153206634521484375e+01 3.584905242919921875e+01 2.466087722778320312e+01 3.937623596191406250e+01 4.144432830810546875e+01 3.667341995239257812e+01 5.267783737182617188e+01 3.525302505493164062e+01 3.219417572021484375e+01 5.820286178588867188e+01 4.369348526000976562e+01 5.661087799072265625e+01 4.538625335693359375e+01 6.120468139648437500e+01 8.402082061767578125e+01 1.129047088623046875e+02 1.183726196289062500e+02 1.622824859619140625e+02 1.907224121093750000e+02 2.706809082031250000e+02 7.402690429687500000e+02 2.067617919921875000e+03 8.746523437500000000e+02 2.938439331054687500e+02 2.057945709228515625e+02 1.649986724853515625e+02 9.795417022705078125e+01 7.745465087890625000e+01 8.095222473144531250e+01 6.644161987304687500e+01 5.681713485717773438e+01 6.476525878906250000e+01 4.575018310546875000e+01 5.428384399414062500e+01 5.140216827392578125e+01 5.197700119018554688e+01 4.022784805297851562e+01 3.652430343627929688e+01 4.168393707275390625e+01 4.832362747192382812e+01 4.671572494506835938e+01 3.844210815429687500e+01 3.407019424438476562e+01 4.345637893676757812e+01 5.244478988647460938e+01 4.211413574218750000e+01 3.609650421142578125e+01 4.056861877441406250e+01 4.828044128417968750e+01 3.289791870117187500e+01 2.812193870544433594e+01 3.738875579833984375e+01 4.235867691040039062e+01 3.106347656250000000e+01 3.904969024658203125e+01 2.778788375854492188e+01 2.688409805297851562e+01 3.072866058349609375e+01 2.109883499145507812e+01 2.981426811218261719e+01 4.062354660034179688e+01 4.056562423706054688e+01 3.419984817504882812e+01 4.093204116821289062e+01 4.464583206176757812e+01 4.050760650634765625e+01 2.988341712951660156e+01 3.696819686889648438e+01 4.653028869628906250e+01 3.550849914550781250e+01 4.084492492675781250e+01 4.421266174316406250e+01 3.140662765502929688e+01 4.748729324340820312e+01 4.442826080322265625e+01 4.695447921752929688e+01 5.292224502563476562e+01 5.050509643554687500e+01 5.203736495971679688e+01 7.042240905761718750e+01 5.495695495605468750e+01 3.707627868652343750e+01 3.248470306396484375e+01 2.732769775390625000e+01 4.087209701538085938e+01 2.031361007690429688e+01 4.289905166625976562e+01 3.486100387573242188e+01 3.246201324462890625e+01 3.645771408081054688e+01 4.907415771484375000e+01 3.477340316772460938e+01 2.938830757141113281e+01 3.041600990295410156e+01 9.792604446411132812e+00 1.420628929138183594e+01 2.167845344543457031e+01 2.012331199645996094e+01 1.622289466857910156e+01 1.595199012756347656e+01 1.888930130004882812e+01 1.857678222656250000e+01 1.004612827301025391e+01 7.807518482208251953e+00 7.867816448211669922e+00 1.791326332092285156e+01 1.547205352783203125e+01 7.854289531707763672e+00 1.437339591979980469e+01 1.410742855072021484e+01 1.140047168731689453e+01 1.398028755187988281e+01 1.000482082366943359e+01 1.151778984069824219e+01 1.299387073516845703e+01 1.238698291778564453e+01 6.278131008148193359e+00 1.547659015655517578e+01 9.248317718505859375e+00 1.258216476440429688e+01 5.170309543609619141e+00 7.274988651275634766e+00 1.066750144958496094e+01 1.129174995422363281e+01 1.122727870941162109e+01 9.620509147644042969e+00 7.316887855529785156e+00 7.841053962707519531e+00
3.179907989501953125e+01 3.473738098144531250e+01 3.576440048217773438e+01 3.492819213867187500e+01 3.537276077270507812e+01 3.695046615600585938e+01 3.160667419433593750e+01 2.686925697326660156e+01 4.495858383178710938e+01 3.472897720336914062e+01 3.291163253784179688e+01 4.775555801391601562e+01 5.078576278686523438e+01 4.230230331420898438e+01 5.144671249389648438e+01 6.703270721435546875e+01 5.659547805786132812e+01 6.323879623413085938e+01 8.094464874267578125e+01 1.286311187744140625e+02 1.143190994262695312e+02 1.768187561035156250e+02 2.090700225830078125e+02 3.084605102539062500e+02 8.746523437500000000e+02 2.033396362304687500e+03 4.450205993652343750e+02 2.687521972656250000e+02 1.635257263183593750e+02 9.652883911132812500e+01 8.320458221435546875e+01 7.797486877441406250e+01 8.308097839355468750e+01 6.995595550537109375e+01 5.669213867187500000e+01 6.917266845703125000e+01 6.405197906494140625e+01 5.658472824096679688e+01 5.470552825927734375e+01 5.188902664184570312e+01 4.805205535888671875e+01 4.015083694458007812e+01 4.887364196777343750e+01 4.390671157836914062e+01 3.410495376586914062e+01 5.880828094482421875e+01 3.455975341796875000e+01 3.536114120483398438e+01 3.203611373901367188e+01 3.785947418212890625e+01 2.598589706420898438e+01 3.617034530639648438e+01 2.575924491882324219e+01 3.957150650024414062e+01 3.847771835327148438e+01 3.156690216064453125e+01 3.866712188720703125e+01 2.632943153381347656e+01 3.406565093994140625e+01 4.284498977661132812e+01 3.978036499023437500e+01 3.251654052734375000e+01 4.616108322143554688e+01 3.544667434692382812e+01 4.133124542236328125e+01 3.129490661621093750e+01 2.759861755371093750e+01 3.330506896972656250e+01 6.676374053955078125e+01 5.037257766723632812e+01 6.148406982421875000e+01 5.333453750610351562e+01 4.638717269897460938e+01 4.895977783203125000e+01 6.529938507080078125e+01 1.925096511840820312e+01 5.254322052001953125e+01 4.968305206298828125e+01 5.153834915161132812e+01 5.352459716796875000e+01 3.531452560424804688e+01 7.685598754882812500e+01 6.747531890869140625e+01 3.876520538330078125e+01 4.531041717529296875e+01 3.358453750610351562e+01 3.531616592407226562e+01 3.131613349914550781e+01 3.652411651611328125e+01 3.929417800903320312e+01 2.248322677612304688e+01 4.012737655639648438e+01 5.244113159179687500e+01 4.454217529296875000e+01 3.486859512329101562e+01 3.576402282714843750e+01 2.381589698791503906e+01 2.641083335876464844e+01 1.803041076660156250e+01 8.770077705383300781e+00 2.220256614685058594e+01 1.151406383514404297e+01 1.434093666076660156e+01 1.592024707794189453e+01 1.113376045227050781e+01 2.370776748657226562e+01 8.422807693481445312e+00 1.724096107482910156e+01 1.610413169860839844e+01 1.112757587432861328e+01 1.210466384887695312e+01 1.292177009582519531e+01 1.545699691772460938e+01 1.281136703491210938e+01 1.346610355377197266e+01 1.226508426666259766e+01 1.075281524658203125e+01 2.230117797851562500e+01 1.002237510681152344e+01 1.269917488098144531e+01 4.174064636230468750e+00 9.700010299682617188e+00 1.388222503662109375e+01 9.761093139648437500e+00 7.357791423797607422e+00 1.198768615722656250e+01 9.136217117309570312e+00 6.056035041809082031e+00 9.266674995422363281e+00 9.866889953613281250e+00 5.286866188049316406e+00
3.282987594604492188e+01 2.727909660339355469e+01 3.858225250244140625e+01 3.729468536376953125e+01 3.030333328247070312e+01 3.235837173461914062e+01 3.465853500366210938e+01 3.314664840698242188e+01 3.273806381225585938e+01 4.237379455566406250e+01 3.341620254516601562e+01 4.215123748779296875e+01 5.603229522705078125e+01 5.090825271606445312e+01 4.833884811401367188e+01 6.241951370239257812e+01 5.185150909423828125e+01 6.546237945556640625e+01 8.915671539306640625e+01 1.168347549438476562e+02 1.352442932128906250e+02 1.744292907714843750e+02 1.624688873291015625e+02 1.945603942871093750e+02 2.938439331054687500e+02 4.450205993652343750e+02 1.894898193359375000e+03 6.990502929687500000e+02 2.602767333984375000e+02 1.407263488769531250e+02 1.253722000122070312e+02 1.118280487060546875e+02 7.722176361083984375e+01 6.849172210693359375e+01 6.125610351562500000e+01 6.940269470214843750e+01 6.062094116210937500e+01 6.220999526977539062e+01 5.565270614624023438e+01 5.927010726928710938e+01 5.420124435424804688e+01 5.732773590087890625e+01 3.070418357849121094e+01 4.143018341064453125e+01 4.908493423461914062e+01 4.408267974853515625e+01 4.033396148681640625e+01 3.029337692260742188e+01 4.075148391723632812e+01 3.552258682250976562e+01 4.139903259277343750e+01 4.475843811035156250e+01 4.168319320678710938e+01 3.955039215087890625e+01 3.788885498046875000e+01 5.065179824829101562e+01 3.404571914672851562e+01 3.324048614501953125e+01 3.988418579101562500e+01 3.482239151000976562e+01 4.733230972290039062e+01 3.598124694824218750e+01 4.847517013549804688e+01 5.245149612426757812e+01 3.887924194335937500e+01 4.327210998535156250e+01 3.602794265747070312e+01 5.340599441528320312e+01 3.553055572509765625e+01 5.835991668701171875e+01 4.840177154541015625e+01 5.196223449707031250e+01 5.896787643432617188e+01 5.155510330200195312e+01 4.459068298339843750e+01 4.837660598754882812e+01 5.907958602905273438e+01 5.925402832031250000e+01 6.223352050781250000e+01 7.318073272705078125e+01 5.330368423461914062e+01 5.725340652465820312e+01 7.136435699462890625e+01 5.469815444946289062e+01 3.480125045776367188e+01 4.002975845336914062e+01 3.595503616333007812e+01 3.219369506835937500e+01 3.911210250854492188e+01 3.116921806335449219e+01 3.618743896484375000e+01 4.305749130249023438e+01 5.178918838500976562e+01 5.596600341796875000e+01 4.806895828247070312e+01 3.809113311767578125e+01 3.173758697509765625e+01 2.693545150756835938e+01 1.995158958435058594e+01 2.003519630432128906e+01 1.902061843872070312e+01 1.643988609313964844e+01 1.979358482360839844e+01 1.151707935333251953e+01 2.543501853942871094e+01 1.160577297210693359e+01 1.924186134338378906e+01 1.969344329833984375e+01 1.456263160705566406e+01 1.429925060272216797e+01 1.469067859649658203e+01 1.383736801147460938e+01 6.111593723297119141e+00 1.682881355285644531e+01 7.690811157226562500e+00 9.106344223022460938e+00 1.023531341552734375e+01 8.187898635864257812e+00 1.431004047393798828e+01 1.289386653900146484e+01 1.033026504516601562e+01 1.107981109619140625e+01 7.047526836395263672e+00 8.760387420654296875e+00 9.805154800415039062e+00 6.161806583404541016e+00 6.957213401794433594e+00 1.124092197418212891e+01 7.409384727478027344e+00 8.452821731567382812e+00 9.058363914489746094e+00
4.150496292114257812e+01 4.278058624267578125e+01 2.465092658996582031e+01 2.826144409179687500e+01 2.839667701721191406e+01 2.426991653442382812e+01 4.567198181152343750e+01 4.235603332519531250e+01 3.568188476562500000e+01 3.628989791870117188e+01 4.136608886718750000e+01 2.376284027099609375e+01 3.032478141784667969e+01 3.638528442382812500e+01 3.088460159301757812e+01 4.626196289062500000e+01 5.550167083740234375e+01 9.663051605224609375e+01 9.072029113769531250e+01 9.500645446777343750e+01 1.358724670410156250e+02 1.407740936279296875e+02 1.350708160400390625e+02 1.725473327636718750e+02 2.057945709228515625e+02 2.687521972656250000e+02 6.990502929687500000e+02 2.238511718750000000e+03 3.991096801757812500e+02 1.724099426269531250e+02 1.550374145507812500e+02 1.100188903808593750e+02 1.052157058715820312e+02 7.658113861083984375e+01 6.709316253662109375e+01 6.753732299804687500e+01 3.606069946289062500e+01 5.265205001831054688e+01 6.550077056884765625e+01 5.422121810913085938e+01 5.786310958862304688e+01 5.274398803710937500e+01 5.885244369506835938e+01 6.269334411621093750e+01 4.181505203247070312e+01 5.431870269775390625e+01 4.934704971313476562e+01 2.580667877197265625e+01 4.463467025756835938e+01 4.884584426879882812e+01 4.192173767089843750e+01 5.807392501831054688e+01 2.506557846069335938e+01 3.790423583984375000e+01 4.793164825439453125e+01 4.936635589599609375e+01 4.585651779174804688e+01 4.550994110107421875e+01 5.220857620239257812e+01 3.066710090637207031e+01 3.810429382324218750e+01 3.337126922607421875e+01 3.749205398559570312e+01 4.056745529174804688e+01 5.722227859497070312e+01 6.130503082275390625e+01 3.237036895751953125e+01 4.487289428710937500e+01 5.149283218383789062e+01 3.781242370605468750e+01 5.821139526367187500e+01 4.464780426025390625e+01 5.405641937255859375e+01 5.024673461914062500e+01 8.391548919677734375e+01 5.479273986816406250e+01 5.751932907104492188e+01 5.598794174194335938e+01 8.382294464111328125e+01 6.569590759277343750e+01 1.297837524414062500e+02 1.207149200439453125e+02 7.112981414794921875e+01 7.114349365234375000e+01 4.275994873046875000e+01 3.356819152832031250e+01 3.529897689819335938e+01 3.016809844970703125e+01 3.498524475097656250e+01 4.062578582763671875e+01 4.475000381469726562e+01 5.857019042968750000e+01 6.219153594970703125e+01 6.547844696044921875e+01 3.685459518432617188e+01 3.915105438232421875e+01 3.476184463500976562e+01 2.891207313537597656e+01 2.097160530090332031e+01 1.440097236633300781e+01 1.755380058288574219e+01 2.394855690002441406e+01 3.270645141601562500e+01 2.207543563842773438e+01 2.894693756103515625e+01 2.039165306091308594e+01 9.220490455627441406e+00 1.161462688446044922e+01 2.350569915771484375e+01 1.522676753997802734e+01 1.490741634368896484e+01 1.945009994506835938e+01 1.171443653106689453e+01 2.804933547973632812e+00 1.031898880004882812e+01 1.074131965637207031e+01 6.539534091949462891e+00 1.743800878524780273e+00 3.657181739807128906e+00 1.544650173187255859e+01 7.615616321563720703e+00 6.067800045013427734e+00 8.442745208740234375e+00 9.159015655517578125e+00 5.369740962982177734e+00 5.249192237854003906e+00 1.333528423309326172e+01 8.286965370178222656e+00 6.086565494537353516e+00 5.400667190551757812e+00 3.858372926712036133e+00
2.457312393188476562e+01 2.908070945739746094e+01 4.125133895874023438e+01 3.051177215576171875e+01 3.198163223266601562e+01 3.464542007446289062e+01 2.667148780822753906e+01 3.239112854003906250e+01 4.629410171508789062e+01 3.647424316406250000e+01 3.183817481994628906e+01 3.707142639160156250e+01 3.478561782836914062e+01 4.704969406127929688e+01 4.501412963867187500e+01 6.002082061767578125e+01 4.974837875366210938e+01 8.999957275390625000e+01 9.680504608154296875e+01 1.074252014160156250e+02 2.083596496582031250e+02 1.453340148925781250e+02 1.360028991699218750e+02 1.447225646972656250e+02 1.649986724853515625e+02 1.635257263183593750e+02 2.602767333984375000e+02 3.991096801757812500e+02 1.823198852539062500e+03 3.189867553710937500e+02 2.454243316650390625e+02 1.270732498168945312e+02 1.031005859375000000e+02 1.003958587646484375e+02 9.543374633789062500e+01 9.014946746826171875e+01 7.905368041992187500e+01 9.379341125488281250e+01 9.617416381835937500e+01 7.582143402099609375e+01 7.844305419921875000e+01 5.445246124267578125e+01 7.201040649414062500e+01 5.561477661132812500e+01 6.167073822021484375e+01 6.461683654785156250e+01 4.830387115478515625e+01 5.624549484252929688e+01 7.314360046386718750e+01 5.569158172607421875e+01 4.946246719360351562e+01 6.177186203002929688e+01 3.881624603271484375e+01 5.300421905517578125e+01 4.931762695312500000e+01 6.795389556884765625e+01 5.502989196777343750e+01 4.872423934936523438e+01 7.015517425537109375e+01 5.628527069091796875e+01 4.662347793579101562e+01 4.899871826171875000e+01 4.338118743896484375e+01 4.693966293334960938e+01 6.716629791259765625e+01 5.791315841674804688e+01 5.148986816406250000e+01 5.147378540039062500e+01 5.792428970336914062e+01 6.217041015625000000e+01 5.508888626098632812e+01 4.727592468261718750e+01 6.012919235229492188e+01 5.072155380249023438e+01 5.704274368286132812e+01 5.028228759765625000e+01 6.103199768066406250e+01 5.725100326538085938e+01 8.431919860839843750e+01 8.635838317871093750e+01 9.375969696044921875e+01 1.074209518432617188e+02 1.456123962402343750e+02 1.122479476928710938e+02 5.964482879638671875e+01 5.280842208862304688e+01 5.707377243041992188e+01 4.152706146240234375e+01 4.127825927734375000e+01 6.579094696044921875e+01 7.597257232666015625e+01 7.451536560058593750e+01 8.890065765380859375e+01 1.252906341552734375e+02 7.126522064208984375e+01 5.340678787231445312e+01 3.588784408569335938e+01 2.558450317382812500e+01 2.377355194091796875e+01 1.908906745910644531e+01 1.486966133117675781e+01 1.735038185119628906e+01 1.080507850646972656e+01 1.812577629089355469e+01 1.398109054565429688e+01 2.381660270690917969e+01 6.346105575561523438e+00 1.732011032104492188e+01 1.348171806335449219e+01 1.956265449523925781e+01 1.520029067993164062e+01 1.298109054565429688e+01 1.791687202453613281e+01 1.415719795227050781e+01 1.893909263610839844e+01 1.355352878570556641e+01 1.560314655303955078e+01 8.001269340515136719e+00 1.174644947052001953e+01 1.133997631072998047e+01 1.397742176055908203e+01 9.744539260864257812e+00 4.648651123046875000e+00 1.260759067535400391e+01 1.355120944976806641e+01 9.634174346923828125e+00 1.223754405975341797e+01 9.125754356384277344e+00 9.309215545654296875e+00 6.608123779296875000e+00 5.311136722564697266e+00
2.910634231567382812e+01 2.066728973388671875e+01 2.395781517028808594e+01 2.312994956970214844e+01 2.581558418273925781e+01 2.110461997985839844e+01 2.527344703674316406e+01 2.660084342956542969e+01 3.637792968750000000e+01 3.456237411499023438e+01 3.365038681030273438e+01 2.479641342163085938e+01 3.296225738525390625e+01 2.588718795776367188e+01 4.423442459106445312e+01 4.300283050537109375e+01 5.275270462036132812e+01 6.270739746093750000e+01 7.888850402832031250e+01 8.114038085937500000e+01 1.165972824096679688e+02 9.793141174316406250e+01 8.972242736816406250e+01 8.228198242187500000e+01 9.795417022705078125e+01 9.652883911132812500e+01 1.407263488769531250e+02 1.724099426269531250e+02 3.189867553710937500e+02 1.823270996093750000e+03 6.218450317382812500e+02 2.903094787597656250e+02 2.093493499755859375e+02 1.680690155029296875e+02 1.443985137939453125e+02 1.227971496582031250e+02 1.080096588134765625e+02 1.117696075439453125e+02 1.041520004272460938e+02 7.184709930419921875e+01 7.661841583251953125e+01 6.879763031005859375e+01 9.925212097167968750e+01 5.996852874755859375e+01 6.363264465332031250e+01 5.948039245605468750e+01 7.294900512695312500e+01 4.768703460693359375e+01 7.346820831298828125e+01 5.277239608764648438e+01 4.947367095947265625e+01 5.279534149169921875e+01 4.495530700683593750e+01 4.080854034423828125e+01 4.673254394531250000e+01 6.153008651733398438e+01 3.680850982666015625e+01 5.144686126708984375e+01 4.702091598510742188e+01 4.078556060791015625e+01 5.838020706176757812e+01 5.223414611816406250e+01 4.961222839355468750e+01 4.908052444458007812e+01 4.397335052490234375e+01 5.958131027221679688e+01 5.817379379272460938e+01 6.950534820556640625e+01 6.066576004028320312e+01 6.987192535400390625e+01 6.011057662963867188e+01 6.570352935791015625e+01 5.127965927124023438e+01 7.719190216064453125e+01 5.675536727905273438e+01 5.131176757812500000e+01 9.065695190429687500e+01 7.372446441650390625e+01 7.148896789550781250e+01 9.109570312500000000e+01 8.404265594482421875e+01 1.335997314453125000e+02 1.284639739990234375e+02 7.380376434326171875e+01 7.287902069091796875e+01 3.614025878906250000e+01 4.531205749511718750e+01 3.577303314208984375e+01 3.259548187255859375e+01 5.922526168823242188e+01 5.058778762817382812e+01 6.713689422607421875e+01 7.904070281982421875e+01 1.150888900756835938e+02 8.813199615478515625e+01 6.716977691650390625e+01 3.904473876953125000e+01 3.052877616882324219e+01 2.789108276367187500e+01 1.669705390930175781e+01 1.643861007690429688e+01 2.082517242431640625e+01 1.933978271484375000e+01 2.121701431274414062e+01 2.384683799743652344e+01 2.095619201660156250e+01 1.603589820861816406e+01 1.641224098205566406e+01 1.788506507873535156e+01 1.456497287750244141e+01 1.584389114379882812e+01 1.383824253082275391e+01 1.810957145690917969e+01 9.756450653076171875e+00 1.281882953643798828e+01 1.984841537475585938e+01 5.686644554138183594e+00 9.098240852355957031e+00 1.749115562438964844e+01 1.074556827545166016e+01 1.324476718902587891e+00 6.595542907714843750e+00 1.174662113189697266e+01 1.460156917572021484e+01 9.338832855224609375e+00 1.027032661437988281e+01 1.159608840942382812e+01 1.152987957000732422e+01 8.821253776550292969e+00 1.408892822265625000e+01 1.509822845458984375e+01
2.109584236145019531e+01 2.400535583496093750e+01 2.109020233154296875e+01 2.720159339904785156e+01 1.720888328552246094e+01 1.797643661499023438e+01 1.929074287414550781e+01 3.565069198608398438e+01 2.758904457092285156e+01 2.932308387756347656e+01 2.992055702209472656e+01 2.880139541625976562e+01 2.756602287292480469e+01 3.107062339782714844e+01 3.633224105834960938e+01 4.737042999267578125e+01 4.067486572265625000e+01 5.855978393554687500e+01 6.648512268066406250e+01 8.019454956054687500e+01 8.017422485351562500e+01 7.038204193115234375e+01 6.025458526611328125e+01 7.308425903320312500e+01 7.745465087890625000e+01 8.320458221435546875e+01 1.253722000122070312e+02 1.550374145507812500e+02 2.454243316650390625e+02 6.218450317382812500e+02 2.493341064453125000e+03 4.322273864746093750e+02 2.582923889160156250e+02 1.834280700683593750e+02 1.484076538085937500e+02 1.079032058715820312e+02 1.007685241699218750e+02 1.154321136474609375e+02 7.938922882080078125e+01 7.980044555664062500e+01 8.368036651611328125e+01 7.724580383300781250e+01 7.349277496337890625e+01 6.205566787719726562e+01 6.968679809570312500e+01 5.364428710937500000e+01 6.778506469726562500e+01 5.278263473510742188e+01 4.733643341064453125e+01 4.754170227050781250e+01 5.443994522094726562e+01 6.398875427246093750e+01 4.746931076049804688e+01 6.016117477416992188e+01 5.193326568603515625e+01 5.085868835449218750e+01 4.168478012084960938e+01 3.861174774169921875e+01 5.423881912231445312e+01 4.482216644287109375e+01 6.047870635986328125e+01 4.179538345336914062e+01 5.038099670410156250e+01 4.596249389648437500e+01 6.290373992919921875e+01 4.370814132690429688e+01 4.838862609863281250e+01 6.033615493774414062e+01 5.536470031738281250e+01 7.351892852783203125e+01 6.393978881835937500e+01 4.474869537353515625e+01 4.665695190429687500e+01 6.496086120605468750e+01 6.121345901489257812e+01 4.597665023803710938e+01 7.625126647949218750e+01 5.137921905517578125e+01 5.959016418457031250e+01 7.747369384765625000e+01 8.534494781494140625e+01 8.423950195312500000e+01 5.139551162719726562e+01 5.597282409667968750e+01 5.286308670043945312e+01 3.584227371215820312e+01 2.444776916503906250e+01 2.825461196899414062e+01 2.953089714050292969e+01 4.127460098266601562e+01 4.067892837524414062e+01 6.292217636108398438e+01 6.160728073120117188e+01 6.247660446166992188e+01 5.184801483154296875e+01 3.783370971679687500e+01 3.862152481079101562e+01 2.503031730651855469e+01 1.943753814697265625e+01 2.812111091613769531e+01 1.718431663513183594e+01 2.138793945312500000e+01 1.744219970703125000e+01 1.830687522888183594e+01 1.107938003540039062e+01 2.134511566162109375e+01 1.396944618225097656e+01 2.199583435058593750e+01 1.780608177185058594e+01 9.227687835693359375e+00 1.405313110351562500e+01 1.714487457275390625e+01 9.465538024902343750e+00 1.359871101379394531e+01 7.146842956542968750e+00 1.301885604858398438e+01 1.030398750305175781e+01 1.056773853302001953e+01 1.773052978515625000e+01 1.029693508148193359e+01 7.384314537048339844e+00 7.354385852813720703e+00 9.209612846374511719e+00 1.017596054077148438e+01 9.762471199035644531e+00 1.272440910339355469e+01 9.091592788696289062e+00 1.104850101470947266e+01 1.352473926544189453e+01 1.200062942504882812e+01 7.014724731445312500e+00
2.461942863464355469e+01 2.255652236938476562e+01 2.580379104614257812e+01 2.366652870178222656e+01 2.679728507995605469e+01 2.159421730041503906e+01 2.298644828796386719e+01 2.931163215637207031e+01 2.627424240112304688e+01 2.460116004943847656e+01 2.612008857727050781e+01 2.537165451049804688e+01 3.372693634033203125e+01 1.962054252624511719e+01 3.340663146972656250e+01 3.501109695434570312e+01 3.828120040893554688e+01 4.961870193481445312e+01 6.507546234130859375e+01 7.446885681152343750e+01 6.044643020629882812e+01 7.097731781005859375e+01 7.233030700683593750e+01 7.483627319335937500e+01 8.095222473144531250e+01 7.797486877441406250e+01 1.118280487060546875e+02 1.100188903808593750e+02 1.270732498168945312e+02 2.903094787597656250e+02 4.322273864746093750e+02 2.127691650390625000e+03 6.410311279296875000e+02 2.790423583984375000e+02 1.969977874755859375e+02 1.699557495117187500e+02 1.651788177490234375e+02 1.083917694091796875e+02 1.065681762695312500e+02 1.026130752563476562e+02 7.722576141357421875e+01 9.125100708007812500e+01 8.991815948486328125e+01 8.801090240478515625e+01 5.226422882080078125e+01 6.205358505249023438e+01 6.537213134765625000e+01 7.845198059082031250e+01 6.618967437744140625e+01 5.267964553833007812e+01 5.861423492431640625e+01 6.263201904296875000e+01 4.088729095458984375e+01 4.496718215942382812e+01 6.030931472778320312e+01 6.734987640380859375e+01 4.812419509887695312e+01 4.049258041381835938e+01 4.202864074707031250e+01 3.852159118652343750e+01 5.596749877929687500e+01 3.826990509033203125e+01 4.737894821166992188e+01 4.708042526245117188e+01 4.578282546997070312e+01 4.064234161376953125e+01 3.712208175659179688e+01 6.404758453369140625e+01 6.305840301513671875e+01 6.635284423828125000e+01 5.503083801269531250e+01 6.213474273681640625e+01 7.287398529052734375e+01 5.464207839965820312e+01 5.161956405639648438e+01 5.500222396850585938e+01 6.184003829956054688e+01 6.072735214233398438e+01 8.031871795654296875e+01 7.267141723632812500e+01 6.551795959472656250e+01 7.377408599853515625e+01 5.517408752441406250e+01 5.330533981323242188e+01 4.971313858032226562e+01 3.603049087524414062e+01 3.389999771118164062e+01 4.311009979248046875e+01 3.483394241333007812e+01 3.331184005737304688e+01 4.645249557495117188e+01 5.764010238647460938e+01 5.888219070434570312e+01 5.867279815673828125e+01 4.684494781494140625e+01 4.393571472167968750e+01 2.749283027648925781e+01 2.572458648681640625e+01 1.683016967773437500e+01 1.993180084228515625e+01 1.601901245117187500e+01 1.196254634857177734e+01 2.405653190612792969e+01 1.929708099365234375e+01 1.626669883728027344e+01 1.429489707946777344e+01 1.914255905151367188e+01 1.119532012939453125e+01 1.568568992614746094e+01 7.225628376007080078e+00 1.375516605377197266e+01 1.048834800720214844e+01 1.158105373382568359e+01 1.164658355712890625e+01 7.869724273681640625e+00 1.035354137420654297e+01 1.474036788940429688e+01 1.551551055908203125e+01 1.084662151336669922e+01 1.649227523803710938e+01 8.131215095520019531e+00 1.079767894744873047e+01 8.012749671936035156e+00 5.432837486267089844e+00 3.981450080871582031e+00 1.401144409179687500e+01 4.943791866302490234e+00 9.831130027770996094e+00 1.083107280731201172e+01 8.542678833007812500e+00 8.010325431823730469e+00
1.941238594055175781e+01 1.943895339965820312e+01 1.859856224060058594e+01 1.483312416076660156e+01 2.375341224670410156e+01 2.556477165222167969e+01 1.775133323669433594e+01 2.755683326721191406e+01 2.401513481140136719e+01 2.505572700500488281e+01 2.604462051391601562e+01 3.047848701477050781e+01 3.523089599609375000e+01 2.951347160339355469e+01 3.241979598999023438e+01 2.757750511169433594e+01 3.742899703979492188e+01 4.182250595092773438e+01 5.764999389648437500e+01 6.054973602294921875e+01 6.380652236938476562e+01 4.710220336914062500e+01 6.381549072265625000e+01 6.311351394653320312e+01 6.644161987304687500e+01 8.308097839355468750e+01 7.722176361083984375e+01 1.052157058715820312e+02 1.031005859375000000e+02 2.093493499755859375e+02 2.582923889160156250e+02 6.410311279296875000e+02 2.195810546875000000e+03 4.667157287597656250e+02 2.983844299316406250e+02 2.042914428710937500e+02 1.631104278564453125e+02 1.424910278320312500e+02 1.074936523437500000e+02 1.051090393066406250e+02 9.827003479003906250e+01 8.946472167968750000e+01 8.851314544677734375e+01 8.041119384765625000e+01 7.328659057617187500e+01 5.946052169799804688e+01 6.054121017456054688e+01 4.857056045532226562e+01 5.956022262573242188e+01 5.530389404296875000e+01 5.343532180786132812e+01 6.256258010864257812e+01 4.630211639404296875e+01 5.234063720703125000e+01 4.454903793334960938e+01 4.312954330444335938e+01 5.114442443847656250e+01 5.414173889160156250e+01 3.951251220703125000e+01 5.231116485595703125e+01 4.249826049804687500e+01 4.962593078613281250e+01 5.181475830078125000e+01 4.524546051025390625e+01 4.897876739501953125e+01 4.223122787475585938e+01 4.573063278198242188e+01 5.630329513549804688e+01 4.538876724243164062e+01 6.062329864501953125e+01 6.086624145507812500e+01 4.022011184692382812e+01 5.024157714843750000e+01 5.697491073608398438e+01 5.372882080078125000e+01 4.230769729614257812e+01 4.310220718383789062e+01 6.690444183349609375e+01 5.393591308593750000e+01 7.030110931396484375e+01 5.081636810302734375e+01 6.323767852783203125e+01 6.560153198242187500e+01 5.498631668090820312e+01 5.245985412597656250e+01 2.317657279968261719e+01 3.187050628662109375e+01 3.747041702270507812e+01 2.717432022094726562e+01 2.865223693847656250e+01 3.119394493103027344e+01 4.156992340087890625e+01 4.868756103515625000e+01 4.583737564086914062e+01 3.743441009521484375e+01 3.894510650634765625e+01 2.180833625793457031e+01 2.418453407287597656e+01 2.545374488830566406e+01 1.516929721832275391e+01 2.108400154113769531e+01 1.968117332458496094e+01 2.261633872985839844e+01 1.943766784667968750e+01 2.039048194885253906e+01 1.654043579101562500e+01 1.414014720916748047e+01 1.295395755767822266e+01 1.556589221954345703e+01 1.613349723815917969e+01 1.293168544769287109e+01 6.902309417724609375e+00 1.451697444915771484e+01 1.094933795928955078e+01 1.315304470062255859e+01 1.272869300842285156e+01 1.604599761962890625e+01 1.264175796508789062e+01 8.157813072204589844e+00 1.550493144989013672e+01 9.343184471130371094e+00 1.184313106536865234e+01 7.533051013946533203e+00 6.810120105743408203e+00 8.983422279357910156e+00 1.244080924987792969e+01 8.366080284118652344e+00 1.016682624816894531e+01 4.525621891021728516e+00 9.035161018371582031e+00 1.183406925201416016e+01
2.137507057189941406e+01 1.716515541076660156e+01 1.736260223388671875e+01 1.990562820434570312e+01 2.355081748962402344e+01 2.075729370117187500e+01 2.446294784545898438e+01 2.415051841735839844e+01 3.086836624145507812e+01 1.576513195037841797e+01 2.586859703063964844e+01 2.845305061340332031e+01 2.953802680969238281e+01 3.111918640136718750e+01 2.589669036865234375e+01 2.637759780883789062e+01 3.385373687744140625e+01 3.536056137084960938e+01 4.571205520629882812e+01 6.287668228149414062e+01 6.218117141723632812e+01 5.217317581176757812e+01 5.562161254882812500e+01 6.347281265258789062e+01 5.681713485717773438e+01 6.995595550537109375e+01 6.849172210693359375e+01 7.658113861083984375e+01 1.003958587646484375e+02 1.680690155029296875e+02 1.834280700683593750e+02 2.790423583984375000e+02 4.667157287597656250e+02 2.285132568359375000e+03 6.876355590820312500e+02 2.462201385498046875e+02 1.804803466796875000e+02 1.492224884033203125e+02 1.205779800415039062e+02 1.030526580810546875e+02 1.049755859375000000e+02 9.022053527832031250e+01 9.253438568115234375e+01 9.413225555419921875e+01 6.726867675781250000e+01 6.538402557373046875e+01 5.439752197265625000e+01 6.437561035156250000e+01 5.907977676391601562e+01 5.485777664184570312e+01 5.207415771484375000e+01 5.418413925170898438e+01 5.716746139526367188e+01 5.557422256469726562e+01 4.058034133911132812e+01 3.753020858764648438e+01 3.921963119506835938e+01 4.497793579101562500e+01 2.764192962646484375e+01 4.114290618896484375e+01 4.759086990356445312e+01 5.327726745605468750e+01 4.833101654052734375e+01 6.235234832763671875e+01 5.235485458374023438e+01 3.803908920288085938e+01 5.660117340087890625e+01 4.717341232299804688e+01 5.303765487670898438e+01 3.503475189208984375e+01 4.148863983154296875e+01 4.503973007202148438e+01 4.950173187255859375e+01 4.774938583374023438e+01 6.379579544067382812e+01 4.325769042968750000e+01 5.534377288818359375e+01 5.016494369506835938e+01 4.411761093139648438e+01 5.365666198730468750e+01 5.668082046508789062e+01 7.300056457519531250e+01 7.019432830810546875e+01 5.550934600830078125e+01 5.168734359741210938e+01 4.010260009765625000e+01 3.833663558959960938e+01 3.596617507934570312e+01 3.633358383178710938e+01 3.065819168090820312e+01 3.699748992919921875e+01 5.085222244262695312e+01 4.841695404052734375e+01 5.083837509155273438e+01 3.377204132080078125e+01 3.559630584716796875e+01 2.642729568481445312e+01 1.825131225585937500e+01 2.039820480346679688e+01 2.280869865417480469e+01 1.000880718231201172e+01 1.293628025054931641e+01 1.491882324218750000e+01 1.258694839477539062e+01 1.650493431091308594e+01 2.113980293273925781e+01 1.840065383911132812e+01 1.903944396972656250e+01 1.340245532989501953e+01 1.215477561950683594e+01 1.416649246215820312e+01 9.073667526245117188e+00 7.421472549438476562e+00 1.359416961669921875e+01 1.260786437988281250e+01 9.952271461486816406e+00 9.694632530212402344e+00 6.959949970245361328e+00 1.146886444091796875e+01 4.403635025024414062e+00 1.128988647460937500e+01 8.649329185485839844e+00 9.627751350402832031e+00 9.574176788330078125e+00 1.148142528533935547e+01 9.727181434631347656e+00 8.553935050964355469e+00 1.039511680603027344e+01 1.388172626495361328e+01 1.129093837738037109e+01 5.499907493591308594e+00
1.685413551330566406e+01 1.495933914184570312e+01 1.901433944702148438e+01 2.441520500183105469e+01 2.234167289733886719e+01 2.050929260253906250e+01 1.814817047119140625e+01 1.851360321044921875e+01 2.065174102783203125e+01 2.447299575805664062e+01 2.729633331298828125e+01 2.118869400024414062e+01 2.385865020751953125e+01 3.296428298950195312e+01 2.668136405944824219e+01 2.677521514892578125e+01 3.452746582031250000e+01 4.463221359252929688e+01 3.762459182739257812e+01 5.339163589477539062e+01 7.220471191406250000e+01 5.907036590576171875e+01 6.002273941040039062e+01 5.644301605224609375e+01 6.476525878906250000e+01 5.669213867187500000e+01 6.125610351562500000e+01 6.709316253662109375e+01 9.543374633789062500e+01 1.443985137939453125e+02 1.484076538085937500e+02 1.969977874755859375e+02 2.983844299316406250e+02 6.876355590820312500e+02 1.790356811523437500e+03 4.991600341796875000e+02 2.847658081054687500e+02 1.673248748779296875e+02 1.580378723144531250e+02 1.300104064941406250e+02 1.165715942382812500e+02 1.129652099609375000e+02 7.670458984375000000e+01 6.467092895507812500e+01 6.579771423339843750e+01 6.542356872558593750e+01 6.384524917602539062e+01 6.937178802490234375e+01 6.270937347412109375e+01 5.978074264526367188e+01 5.104480361938476562e+01 6.369029235839843750e+01 5.258896636962890625e+01 4.260277557373046875e+01 5.409083557128906250e+01 4.574488830566406250e+01 5.180511856079101562e+01 4.376274871826171875e+01 4.987821578979492188e+01 5.204073333740234375e+01 3.806900787353515625e+01 5.017724609375000000e+01 5.814029693603515625e+01 4.255638122558593750e+01 5.095378494262695312e+01 5.390747070312500000e+01 4.980420303344726562e+01 5.001496124267578125e+01 5.140365600585937500e+01 4.793008041381835938e+01 5.629462814331054688e+01 5.043960952758789062e+01 4.210041046142578125e+01 4.656068801879882812e+01 4.401483154296875000e+01 5.084688949584960938e+01 4.525452041625976562e+01 5.621577072143554688e+01 5.073033523559570312e+01 5.029065322875976562e+01 6.227988815307617188e+01 8.250350189208984375e+01 5.739779663085937500e+01 6.873952484130859375e+01 4.844487762451171875e+01 4.359823608398437500e+01 4.231954574584960938e+01 3.596268844604492188e+01 3.997731399536132812e+01 4.073738098144531250e+01 5.398558807373046875e+01 4.189210128784179688e+01 5.081241989135742188e+01 5.407408142089843750e+01 3.728071975708007812e+01 3.552046585083007812e+01 2.507046699523925781e+01 2.328877067565917969e+01 2.329389762878417969e+01 1.091062355041503906e+01 1.699792671203613281e+01 1.652808952331542969e+01 1.097918987274169922e+01 1.462594223022460938e+01 1.758039474487304688e+01 1.264037704467773438e+01 1.209068584442138672e+01 1.446857547760009766e+01 1.387019729614257812e+01 1.277863979339599609e+01 1.216311550140380859e+01 1.298416805267333984e+01 1.433689498901367188e+01 1.103419780731201172e+01 1.314452552795410156e+01 1.338068008422851562e+01 1.029022789001464844e+01 1.189041900634765625e+01 1.055033302307128906e+01 1.053247451782226562e+01 1.118458843231201172e+01 1.432190132141113281e+01 7.971005439758300781e+00 1.201007556915283203e+01 6.337132453918457031e+00 1.032477664947509766e+01 1.398908042907714844e+01 1.303988265991210938e+01 8.513299942016601562e+00 1.227513980865478516e+01 1.517827415466308594e+01
2.142135429382324219e+01 2.433676338195800781e+01 1.577617931365966797e+01 1.276718807220458984e+01 1.899946022033691406e+01 2.502432441711425781e+01 1.771472930908203125e+01 2.635417366027832031e+01 1.653627395629882812e+01 1.548328304290771484e+01 1.024784660339355469e+01 1.520781898498535156e+01 1.698143196105957031e+01 2.963669204711914062e+01 1.744025802612304688e+01 2.041853904724121094e+01 3.138989067077636719e+01 4.430464935302734375e+01 3.105506134033203125e+01 4.451613998413085938e+01 4.805468750000000000e+01 4.504652786254882812e+01 5.402691268920898438e+01 4.987043762207031250e+01 4.575018310546875000e+01 6.917266845703125000e+01 6.940269470214843750e+01 6.753732299804687500e+01 9.014946746826171875e+01 1.227971496582031250e+02 1.079032058715820312e+02 1.699557495117187500e+02 2.042914428710937500e+02 2.462201385498046875e+02 4.991600341796875000e+02 2.554072021484375000e+03 4.115619812011718750e+02 2.725446472167968750e+02 1.796545410156250000e+02 1.305406188964843750e+02 1.279267272949218750e+02 8.579463958740234375e+01 9.244941711425781250e+01 8.693249511718750000e+01 7.550405883789062500e+01 8.111380004882812500e+01 5.895172882080078125e+01 5.574096298217773438e+01 5.305010223388671875e+01 5.778459930419921875e+01 6.994757843017578125e+01 4.983668136596679688e+01 5.915321350097656250e+01 4.505070877075195312e+01 4.090060043334960938e+01 4.949670028686523438e+01 5.192232894897460938e+01 4.077583694458007812e+01 6.324530029296875000e+01 4.502534103393554688e+01 6.619086456298828125e+01 4.840931701660156250e+01 3.964273452758789062e+01 3.725053024291992188e+01 6.217103958129882812e+01 3.692629623413085938e+01 5.524398422241210938e+01 4.217941284179687500e+01 5.953079605102539062e+01 5.444845962524414062e+01 5.006048583984375000e+01 4.835573959350585938e+01 5.032029342651367188e+01 6.860174560546875000e+01 5.668809127807617188e+01 5.125094223022460938e+01 3.105962371826171875e+01 4.914012908935546875e+01 4.848707962036132812e+01 5.340760040283203125e+01 4.948220825195312500e+01 6.555014038085937500e+01 5.427609634399414062e+01 5.910995483398437500e+01 4.706891632080078125e+01 6.547224426269531250e+01 3.765125656127929688e+01 3.334858703613281250e+01 4.158137130737304688e+01 3.135272407531738281e+01 5.011869049072265625e+01 4.770683288574218750e+01 5.510982513427734375e+01 4.725469589233398438e+01 4.211843109130859375e+01 2.776477813720703125e+01 3.800528717041015625e+01 1.718158149719238281e+01 2.052696228027343750e+01 1.536063480377197266e+01 1.555496025085449219e+01 1.371333980560302734e+01 1.507073688507080078e+01 1.784577941894531250e+01 1.852555465698242188e+01 1.898227691650390625e+01 1.032667827606201172e+01 9.291457176208496094e+00 1.598345661163330078e+01 1.071936321258544922e+01 3.180165529251098633e+00 1.131612491607666016e+01 1.249507141113281250e+01 8.975552558898925781e+00 1.320795917510986328e+01 9.452114105224609375e+00 9.207423210144042969e+00 8.928026199340820312e+00 8.191872596740722656e+00 8.896951675415039062e+00 1.267205238342285156e+01 1.553316020965576172e+01 1.404835987091064453e+01 1.465404129028320312e+01 9.450496673583984375e+00 1.427742862701416016e+01 1.173474216461181641e+01 1.166774082183837891e+01 1.168589973449707031e+01 9.216897010803222656e+00 6.173234939575195312e+00
2.264656829833984375e+01 1.786717033386230469e+01 1.725989723205566406e+01 2.395375251770019531e+01 1.455518150329589844e+01 1.942781257629394531e+01 1.820771789550781250e+01 2.579770851135253906e+01 2.158281517028808594e+01 2.056933975219726562e+01 3.678203582763671875e+01 3.572809600830078125e+01 2.770478439331054688e+01 1.450545787811279297e+01 2.503894615173339844e+01 1.798866271972656250e+01 2.183240890502929688e+01 3.523744201660156250e+01 3.832959747314453125e+01 4.570185470581054688e+01 4.144001388549804688e+01 4.409537506103515625e+01 4.465940475463867188e+01 5.114206695556640625e+01 5.428384399414062500e+01 6.405197906494140625e+01 6.062094116210937500e+01 3.606069946289062500e+01 7.905368041992187500e+01 1.080096588134765625e+02 1.007685241699218750e+02 1.651788177490234375e+02 1.631104278564453125e+02 1.804803466796875000e+02 2.847658081054687500e+02 4.115619812011718750e+02 2.532696044921875000e+03 6.267136840820312500e+02 2.848950805664062500e+02 1.941026763916015625e+02 1.392310485839843750e+02 1.431842803955078125e+02 1.161941299438476562e+02 9.426119995117187500e+01 1.019768066406250000e+02 6.931841278076171875e+01 8.140804290771484375e+01 6.062666320800781250e+01 7.589762115478515625e+01 6.583734893798828125e+01 7.034654998779296875e+01 6.201404571533203125e+01 6.182990646362304688e+01 4.975324630737304688e+01 4.276678466796875000e+01 6.082219696044921875e+01 3.867195129394531250e+01 5.131910324096679688e+01 4.438821792602539062e+01 3.729392242431640625e+01 6.024635696411132812e+01 4.738715744018554688e+01 4.697529602050781250e+01 4.198883438110351562e+01 4.501847076416015625e+01 5.309032058715820312e+01 5.678138732910156250e+01 4.743819427490234375e+01 4.786777114868164062e+01 5.329878616333007812e+01 4.558461761474609375e+01 4.948628997802734375e+01 4.207435607910156250e+01 3.462588119506835938e+01 4.672937011718750000e+01 5.016878128051757812e+01 5.292513656616210938e+01 4.810253906250000000e+01 5.453227615356445312e+01 5.561691665649414062e+01 5.016730117797851562e+01 5.041618347167968750e+01 4.970231246948242188e+01 5.004268264770507812e+01 3.107387924194335938e+01 4.205893325805664062e+01 3.685625076293945312e+01 2.749004936218261719e+01 3.522408294677734375e+01 4.416468811035156250e+01 3.504317092895507812e+01 4.586558532714843750e+01 4.195814514160156250e+01 4.974800491333007812e+01 3.463244628906250000e+01 3.314454269409179688e+01 3.085110855102539062e+01 2.458131408691406250e+01 1.932070922851562500e+01 1.503629589080810547e+01 2.114794158935546875e+01 1.105488109588623047e+01 2.048961067199707031e+01 1.019023036956787109e+01 1.145329761505126953e+01 1.277475929260253906e+01 1.155272197723388672e+01 1.455243015289306641e+01 1.380526542663574219e+01 1.430867004394531250e+01 1.556508255004882812e+01 8.861748695373535156e+00 1.304665470123291016e+01 1.142184448242187500e+01 8.311547279357910156e+00 9.252532958984375000e+00 9.013009071350097656e+00 1.420170593261718750e+01 6.873344421386718750e+00 1.161212444305419922e+01 7.633528232574462891e+00 9.503236770629882812e+00 9.520428657531738281e+00 1.243200588226318359e+01 1.009194564819335938e+01 8.221154212951660156e+00 1.148696422576904297e+01 8.306456565856933594e+00 3.813050985336303711e+00 1.127785396575927734e+01 1.087719726562500000e+01
1.880231666564941406e+01 1.304388427734375000e+01 1.825713920593261719e+01 1.449081993103027344e+01 1.687654876708984375e+01 1.958808898925781250e+01 2.345735359191894531e+01 2.279018211364746094e+01 1.847083473205566406e+01 1.757360076904296875e+01 2.261652374267578125e+01 2.071313858032226562e+01 2.263931083679199219e+01 2.322609138488769531e+01 2.463350105285644531e+01 2.703766250610351562e+01 2.250168991088867188e+01 3.142874526977539062e+01 3.984516525268554688e+01 3.779183197021484375e+01 5.281080245971679688e+01 5.112802886962890625e+01 5.269047164916992188e+01 5.211087036132812500e+01 5.140216827392578125e+01 5.658472824096679688e+01 6.220999526977539062e+01 5.265205001831054688e+01 9.379341125488281250e+01 1.117696075439453125e+02 1.154321136474609375e+02 1.083917694091796875e+02 1.424910278320312500e+02 1.492224884033203125e+02 1.673248748779296875e+02 2.725446472167968750e+02 6.267136840820312500e+02 1.865785766601562500e+03 6.516018066406250000e+02 2.938277893066406250e+02 1.999649047851562500e+02 1.521853332519531250e+02 1.399073791503906250e+02 1.072706909179687500e+02 1.280038146972656250e+02 9.742281341552734375e+01 1.035519638061523438e+02 8.747927856445312500e+01 7.101942443847656250e+01 7.526239013671875000e+01 6.090256118774414062e+01 6.711086273193359375e+01 4.855262756347656250e+01 6.468077087402343750e+01 5.626955032348632812e+01 5.418682861328125000e+01 5.636982727050781250e+01 5.803461837768554688e+01 5.869109344482421875e+01 4.892004776000976562e+01 5.272066879272460938e+01 6.248625183105468750e+01 5.367787933349609375e+01 5.295618438720703125e+01 6.057585906982421875e+01 5.151625061035156250e+01 4.598160552978515625e+01 5.092961502075195312e+01 5.308893966674804688e+01 5.951040267944335938e+01 5.549752426147460938e+01 5.238927078247070312e+01 4.521507263183593750e+01 6.245286560058593750e+01 4.891440582275390625e+01 6.735481262207031250e+01 5.309684371948242188e+01 6.042213821411132812e+01 5.464276504516601562e+01 5.932814025878906250e+01 6.151136016845703125e+01 7.794256591796875000e+01 5.034275054931640625e+01 4.291347503662109375e+01 4.224179840087890625e+01 2.941489410400390625e+01 2.930355834960937500e+01 2.523387145996093750e+01 3.146337127685546875e+01 3.182442474365234375e+01 3.575625610351562500e+01 4.963519287109375000e+01 4.864993667602539062e+01 5.667021179199218750e+01 3.824369812011718750e+01 2.459563446044921875e+01 1.893783569335937500e+01 2.750166130065917969e+01 1.373996543884277344e+01 1.317265319824218750e+01 1.896272850036621094e+01 1.342837524414062500e+01 1.963948631286621094e+01 1.856712532043457031e+01 1.549327945709228516e+01 8.079366683959960938e+00 1.897658157348632812e+01 2.320086860656738281e+01 1.493989467620849609e+01 1.474730777740478516e+01 1.122956562042236328e+01 1.798139953613281250e+01 1.512743091583251953e+01 1.290390682220458984e+01 1.356337356567382812e+01 7.802323341369628906e+00 1.013378810882568359e+01 7.600014686584472656e+00 1.328259277343750000e+01 1.271610450744628906e+01 1.032614231109619141e+01 6.611329555511474609e+00 5.723830223083496094e+00 1.182748985290527344e+01 1.170148277282714844e+01 6.354882240295410156e+00 6.457691669464111328e+00 1.284164142608642578e+01 9.824853897094726562e+00 1.307652854919433594e+01 8.407981872558593750e+00
1.645412063598632812e+01 1.947239303588867188e+01 1.357754802703857422e+01 1.264753246307373047e+01 1.208597946166992188e+01 1.025784587860107422e+01 1.376898384094238281e+01 1.927914810180664062e+01 2.592204856872558594e+01 2.730531883239746094e+01 1.639906501770019531e+01 1.529706382751464844e+01 1.478881835937500000e+01 2.129329299926757812e+01 2.232695007324218750e+01 2.053836059570312500e+01 3.021444511413574219e+01 3.207304000854492188e+01 4.568301391601562500e+01 5.559940338134765625e+01 4.498869323730468750e+01 4.325129318237304688e+01 4.720788574218750000e+01 4.777437591552734375e+01 5.197700119018554688e+01 5.470552825927734375e+01 5.565270614624023438e+01 6.550077056884765625e+01 9.617416381835937500e+01 1.041520004272460938e+02 7.938922882080078125e+01 1.065681762695312500e+02 1.074936523437500000e+02 1.205779800415039062e+02 1.580378723144531250e+02 1.796545410156250000e+02 2.848950805664062500e+02 6.516018066406250000e+02 1.910037475585937500e+03 5.620952758789062500e+02 2.832135009765625000e+02 2.019195709228515625e+02 1.649015350341796875e+02 1.406420135498046875e+02 1.048752212524414062e+02 1.106701507568359375e+02 1.030008392333984375e+02 8.117599487304687500e+01 7.836292266845703125e+01 7.622779846191406250e+01 5.870472717285156250e+01 6.256487274169921875e+01 5.409122085571289062e+01 6.549032592773437500e+01 6.035091018676757812e+01 6.452108001708984375e+01 7.328298187255859375e+01 6.036857986450195312e+01 4.910360336303710938e+01 6.017494583129882812e+01 4.884605407714843750e+01 7.160794067382812500e+01 6.582298278808593750e+01 5.264257812500000000e+01 6.074468994140625000e+01 5.909112548828125000e+01 5.430525970458984375e+01 6.318905639648437500e+01 6.124105453491210938e+01 5.716523361206054688e+01 5.855146026611328125e+01 6.230680465698242188e+01 5.943497467041015625e+01 7.057260131835937500e+01 5.274647140502929688e+01 3.699882507324218750e+01 5.049194335937500000e+01 6.833864593505859375e+01 5.188470077514648438e+01 5.922819519042968750e+01 6.625571441650390625e+01 7.492591857910156250e+01 4.963145828247070312e+01 4.528652954101562500e+01 3.303149032592773438e+01 3.741844177246093750e+01 2.360864639282226562e+01 2.648233222961425781e+01 2.632366752624511719e+01 3.776014328002929688e+01 2.749789237976074219e+01 3.739230346679687500e+01 4.549444198608398438e+01 5.788631439208984375e+01 4.852786636352539062e+01 2.415034866333007812e+01 2.966720581054687500e+01 1.933696174621582031e+01 1.516069412231445312e+01 1.966462326049804688e+01 1.422385597229003906e+01 1.180219459533691406e+01 1.684353065490722656e+01 1.767852592468261719e+01 1.159069347381591797e+01 1.952761840820312500e+01 1.483897018432617188e+01 1.104525279998779297e+01 1.031695365905761719e+01 9.802062034606933594e+00 1.066275882720947266e+01 1.552163410186767578e+01 7.617210388183593750e+00 1.149046611785888672e+01 7.764234542846679688e+00 8.643256187438964844e+00 9.184913635253906250e+00 1.224602603912353516e+01 5.350613594055175781e+00 9.943512916564941406e+00 8.022220611572265625e+00 7.989706039428710938e+00 4.940839290618896484e+00 1.340003204345703125e+01 1.099862575531005859e+01 6.911813735961914062e+00 7.804036617279052734e+00 1.551895713806152344e+01 1.187320804595947266e+01 5.267604827880859375e+00 1.016093635559082031e+01
8.648025512695312500e+00 1.407227516174316406e+01 1.404928493499755859e+01 1.744927597045898438e+01 1.354805183410644531e+01 2.068416595458984375e+01 1.899649620056152344e+01 2.184888458251953125e+01 2.880954551696777344e+01 1.953363800048828125e+01 2.047033882141113281e+01 1.726750183105468750e+01 1.326228713989257812e+01 3.338349151611328125e+01 1.906887435913085938e+01 1.674395561218261719e+01 2.709565162658691406e+01 2.445386123657226562e+01 2.895833206176757812e+01 4.246346282958984375e+01 4.619091033935546875e+01 3.125676918029785156e+01 4.695473480224609375e+01 4.044620132446289062e+01 4.022784805297851562e+01 5.188902664184570312e+01 5.927010726928710938e+01 5.422121810913085938e+01 7.582143402099609375e+01 7.184709930419921875e+01 7.980044555664062500e+01 1.026130752563476562e+02 1.051090393066406250e+02 1.030526580810546875e+02 1.300104064941406250e+02 1.305406188964843750e+02 1.941026763916015625e+02 2.938277893066406250e+02 5.620952758789062500e+02 2.345260742187500000e+03 5.946011962890625000e+02 2.803544616699218750e+02 2.332674865722656250e+02 1.687286529541015625e+02 1.205766601562500000e+02 9.908412933349609375e+01 1.115598373413085938e+02 7.813615417480468750e+01 7.851140594482421875e+01 8.604682159423828125e+01 7.011289215087890625e+01 7.566159820556640625e+01 4.932998657226562500e+01 7.869567108154296875e+01 6.332728195190429688e+01 6.908786773681640625e+01 4.556867218017578125e+01 5.511707305908203125e+01 5.720790481567382812e+01 4.369519805908203125e+01 4.834563064575195312e+01 5.568417739868164062e+01 6.580669403076171875e+01 5.269147109985351562e+01 5.909463119506835938e+01 5.386511230468750000e+01 5.227166366577148438e+01 5.887434387207031250e+01 5.364555358886718750e+01 6.869191741943359375e+01 6.315607452392578125e+01 5.268645858764648438e+01 6.216126632690429688e+01 4.868304824829101562e+01 5.018766784667968750e+01 4.083659744262695312e+01 4.353852844238281250e+01 6.328651809692382812e+01 5.986956024169921875e+01 5.304286575317382812e+01 5.573796463012695312e+01 4.430236434936523438e+01 5.301248931884765625e+01 4.534835052490234375e+01 2.347657585144042969e+01 2.452171897888183594e+01 2.035741996765136719e+01 2.435771560668945312e+01 2.622943115234375000e+01 2.797753715515136719e+01 3.251803207397460938e+01 3.869145965576171875e+01 3.766007614135742188e+01 4.836794281005859375e+01 3.825822067260742188e+01 3.929961013793945312e+01 2.338892173767089844e+01 2.084250259399414062e+01 1.593644237518310547e+01 1.550312328338623047e+01 2.071429061889648438e+01 2.951293373107910156e+01 1.584430885314941406e+01 1.688561248779296875e+01 1.599119853973388672e+01 1.945771026611328125e+01 1.861155509948730469e+01 1.641088294982910156e+01 2.016465377807617188e+01 1.598231601715087891e+01 1.872304916381835938e+01 1.284873294830322266e+01 1.891646766662597656e+01 1.472056865692138672e+01 8.331549644470214844e+00 1.734507942199707031e+01 9.504034042358398438e+00 1.126355552673339844e+01 1.033482742309570312e+01 1.746010398864746094e+01 6.148847103118896484e+00 7.348711013793945312e+00 4.090002536773681641e+00 4.929991722106933594e+00 5.419409751892089844e+00 9.535943031311035156e+00 5.383452892303466797e+00 0.000000000000000000e+00 1.146668148040771484e+01 8.720994949340820312e+00 6.230499267578125000e+00
1.596702861785888672e+01 2.150228881835937500e+01 1.371512985229492188e+01 1.914217185974121094e+01 1.857807159423828125e+01 1.275297069549560547e+01 1.992011070251464844e+01 1.935354614257812500e+01 1.872144126892089844e+01 1.847683334350585938e+01 1.865732955932617188e+01 1.465808963775634766e+01 2.442148399353027344e+01 2.380449104309082031e+01 2.241310882568359375e+01 2.427255821228027344e+01 2.653966140747070312e+01 2.135156822204589844e+01 3.817477035522460938e+01 4.116279220581054688e+01 4.705281829833984375e+01 4.052365112304687500e+01 4.397356414794921875e+01 5.646051025390625000e+01 3.652430343627929688e+01 4.805205535888671875e+01 5.420124435424804688e+01 5.786310958862304688e+01 7.844305419921875000e+01 7.661841583251953125e+01 8.368036651611328125e+01 7.722576141357421875e+01 9.827003479003906250e+01 1.049755859375000000e+02 1.165715942382812500e+02 1.279267272949218750e+02 1.392310485839843750e+02 1.999649047851562500e+02 2.832135009765625000e+02 5.946011962890625000e+02 1.730019897460937500e+03 6.958894042968750000e+02 3.014255981445312500e+02 1.967992553710937500e+02 1.750278778076171875e+02 1.373350830078125000e+02 1.028185043334960938e+02 1.154115142822265625e+02 9.439838409423828125e+01 8.643502807617187500e+01 8.250377655029296875e+01 7.544510650634765625e+01 6.377944183349609375e+01 6.383438491821289062e+01 7.107929992675781250e+01 5.684298324584960938e+01 5.657311630249023438e+01 6.487929534912109375e+01 6.670998382568359375e+01 5.786369705200195312e+01 5.447098922729492188e+01 6.312746047973632812e+01 6.569393157958984375e+01 6.165334320068359375e+01 5.965007019042968750e+01 6.747554016113281250e+01 5.857173919677734375e+01 6.227957153320312500e+01 6.557587432861328125e+01 5.312817382812500000e+01 4.638071823120117188e+01 6.143753433227539062e+01 4.176502990722656250e+01 5.854547119140625000e+01 5.943182754516601562e+01 4.506514358520507812e+01 4.952521896362304688e+01 4.736381912231445312e+01 5.038032150268554688e+01 5.184211730957031250e+01 5.791357803344726562e+01 4.362473297119140625e+01 5.850182723999023438e+01 4.106180953979492188e+01 2.813487052917480469e+01 2.629398536682128906e+01 2.004603958129882812e+01 2.199265289306640625e+01 2.312209320068359375e+01 2.309449577331542969e+01 3.772547531127929688e+01 3.996083831787109375e+01 3.590364837646484375e+01 3.151018714904785156e+01 3.734826660156250000e+01 2.697871208190917969e+01 3.216422653198242188e+01 1.740976142883300781e+01 1.927765083312988281e+01 1.710844039916992188e+01 1.443739795684814453e+01 1.140344810485839844e+01 1.613995933532714844e+01 1.385611438751220703e+01 1.503654384613037109e+01 1.982078552246093750e+01 1.042736244201660156e+01 1.612006568908691406e+01 1.389532852172851562e+01 1.878524017333984375e+01 1.089852237701416016e+01 1.381562519073486328e+01 1.338155841827392578e+01 1.845569229125976562e+01 1.212430477142333984e+01 9.386514663696289062e+00 1.398421001434326172e+01 1.864481163024902344e+01 6.767789363861083984e+00 1.143379497528076172e+01 8.142657279968261719e+00 9.357294082641601562e+00 1.111018848419189453e+01 1.004396724700927734e+01 9.936962127685546875e+00 7.555240154266357422e+00 8.911347389221191406e+00 5.452595233917236328e+00 1.001198196411132812e+01 1.036434745788574219e+01 8.726792335510253906e+00
1.748204803466796875e+01 1.524443721771240234e+01 1.694078826904296875e+01 1.256719875335693359e+01 1.596679401397705078e+01 1.111929893493652344e+01 2.568029975891113281e+01 1.940548133850097656e+01 2.283042144775390625e+01 2.375181579589843750e+01 2.384276008605957031e+01 1.306437778472900391e+01 2.344501876831054688e+01 2.386837196350097656e+01 2.621879577636718750e+01 2.302214241027832031e+01 2.128870391845703125e+01 2.576992988586425781e+01 2.029852104187011719e+01 4.430462265014648438e+01 4.423038864135742188e+01 4.595330429077148438e+01 5.027985763549804688e+01 5.482695770263671875e+01 4.168393707275390625e+01 4.015083694458007812e+01 5.732773590087890625e+01 5.274398803710937500e+01 5.445246124267578125e+01 6.879763031005859375e+01 7.724580383300781250e+01 9.125100708007812500e+01 8.946472167968750000e+01 9.022053527832031250e+01 1.129652099609375000e+02 8.579463958740234375e+01 1.431842803955078125e+02 1.521853332519531250e+02 2.019195709228515625e+02 2.803544616699218750e+02 6.958894042968750000e+02 2.339448730468750000e+03 4.485718688964843750e+02 2.226036529541015625e+02 2.032077178955078125e+02 1.493171691894531250e+02 1.379113922119140625e+02 1.064103240966796875e+02 9.421350097656250000e+01 1.007045898437500000e+02 8.334252166748046875e+01 8.616928863525390625e+01 5.706029129028320312e+01 6.450185394287109375e+01 6.987258911132812500e+01 6.785180664062500000e+01 7.636048126220703125e+01 6.463639068603515625e+01 6.663272094726562500e+01 7.314357757568359375e+01 7.481803131103515625e+01 5.045402145385742188e+01 5.825257873535156250e+01 4.242465972900390625e+01 5.944432830810546875e+01 7.434792327880859375e+01 6.673740386962890625e+01 5.685733413696289062e+01 5.707625579833984375e+01 6.279884338378906250e+01 5.250585174560546875e+01 5.192539596557617188e+01 4.615487670898437500e+01 6.445773315429687500e+01 5.126134490966796875e+01 5.213777923583984375e+01 5.188161849975585938e+01 5.826432418823242188e+01 5.095863723754882812e+01 5.368953704833984375e+01 5.693038177490234375e+01 4.273624038696289062e+01 3.948189544677734375e+01 4.717624664306640625e+01 3.056123542785644531e+01 2.306897735595703125e+01 1.963776779174804688e+01 2.167471885681152344e+01 1.631476593017578125e+01 3.448835754394531250e+01 1.998972511291503906e+01 4.025103378295898438e+01 2.958903694152832031e+01 4.212632751464843750e+01 3.527756500244140625e+01 3.199593544006347656e+01 1.891235160827636719e+01 2.412684440612792969e+01 1.017335987091064453e+01 1.429529285430908203e+01 2.041506958007812500e+01 1.819053268432617188e+01 1.618326950073242188e+01 1.676777267456054688e+01 1.570509910583496094e+01 3.312329101562500000e+01 1.425728797912597656e+01 8.979623794555664062e+00 1.110570907592773438e+01 1.151067447662353516e+01 1.365971088409423828e+01 1.215149021148681641e+01 1.073397350311279297e+01 1.349338817596435547e+01 1.114377021789550781e+01 9.227159500122070312e+00 7.190634250640869141e+00 8.388712882995605469e+00 7.539945125579833984e+00 7.430680274963378906e+00 5.233659267425537109e+00 9.382404327392578125e+00 3.481251001358032227e+00 6.294325351715087891e+00 8.303023338317871094e+00 5.411081790924072266e+00 1.603764915466308594e+01 1.025105094909667969e+01 4.182853698730468750e+00 8.660133361816406250e+00 7.954737186431884766e+00
1.717336463928222656e+01 2.385810661315917969e+01 1.779083061218261719e+01 1.761522674560546875e+01 1.439673614501953125e+01 1.654274940490722656e+01 2.161141395568847656e+01 2.230904197692871094e+01 1.578217411041259766e+01 1.638342094421386719e+01 2.158092308044433594e+01 2.782959365844726562e+01 2.889079666137695312e+01 2.582559585571289062e+01 3.242143630981445312e+01 2.313069152832031250e+01 2.951281929016113281e+01 3.699870681762695312e+01 4.118065643310546875e+01 4.068391418457031250e+01 5.284245300292968750e+01 2.551498603820800781e+01 3.452488327026367188e+01 3.311040496826171875e+01 4.832362747192382812e+01 4.887364196777343750e+01 3.070418357849121094e+01 5.885244369506835938e+01 7.201040649414062500e+01 9.925212097167968750e+01 7.349277496337890625e+01 8.991815948486328125e+01 8.851314544677734375e+01 9.253438568115234375e+01 7.670458984375000000e+01 9.244941711425781250e+01 1.161941299438476562e+02 1.399073791503906250e+02 1.649015350341796875e+02 2.332674865722656250e+02 3.014255981445312500e+02 4.485718688964843750e+02 1.792233398437500000e+03 5.256128540039062500e+02 3.123166198730468750e+02 1.783905944824218750e+02 1.559473876953125000e+02 1.367240600585937500e+02 1.280165100097656250e+02 9.658034515380859375e+01 8.850673675537109375e+01 9.053632354736328125e+01 9.435626220703125000e+01 8.052813720703125000e+01 9.315270996093750000e+01 7.066262054443359375e+01 7.081894683837890625e+01 6.006653594970703125e+01 6.031162643432617188e+01 7.344054412841796875e+01 6.678636169433593750e+01 4.962844467163085938e+01 6.272630691528320312e+01 7.967539215087890625e+01 5.566050720214843750e+01 6.536116027832031250e+01 6.017493438720703125e+01 6.334441757202148438e+01 5.743359375000000000e+01 5.799044036865234375e+01 5.782585906982421875e+01 6.224856567382812500e+01 6.394706344604492188e+01 5.324155044555664062e+01 5.373154067993164062e+01 5.406257247924804688e+01 4.410681915283203125e+01 6.779993438720703125e+01 5.663557815551757812e+01 3.366702651977539062e+01 6.159871673583984375e+01 4.896068191528320312e+01 5.187360763549804688e+01 3.271503448486328125e+01 3.243136978149414062e+01 2.139484405517578125e+01 1.968572235107421875e+01 2.064801216125488281e+01 1.811713218688964844e+01 3.398460769653320312e+01 2.246077919006347656e+01 3.266373443603515625e+01 3.735125350952148438e+01 3.884720230102539062e+01 3.009585571289062500e+01 2.950536346435546875e+01 2.261719894409179688e+01 1.612383842468261719e+01 5.503791332244873047e+00 2.320127677917480469e+01 1.957899475097656250e+01 1.757336616516113281e+01 1.240313720703125000e+01 1.295910167694091797e+01 1.699292945861816406e+01 9.304466247558593750e+00 1.285533046722412109e+01 1.781259346008300781e+01 1.474738216400146484e+01 1.273761749267578125e+01 1.200860214233398438e+01 5.916564941406250000e+00 1.524359607696533203e+01 1.094989204406738281e+01 7.398962497711181641e+00 1.422690677642822266e+01 1.239980792999267578e+01 6.807445049285888672e+00 1.019778347015380859e+01 1.464428901672363281e+01 8.494235038757324219e+00 5.075884342193603516e+00 9.416790962219238281e+00 4.256540775299072266e+00 1.197850322723388672e+01 8.782192230224609375e+00 6.507280826568603516e+00 6.470126628875732422e+00 1.018316555023193359e+01 1.405540657043457031e+01 1.075879001617431641e+01
2.012356948852539062e+01 1.553148937225341797e+01 1.989951515197753906e+01 1.955495262145996094e+01 1.433945369720458984e+01 1.497902488708496094e+01 1.537530326843261719e+01 2.152829742431640625e+01 1.366902542114257812e+01 1.468076324462890625e+01 1.831221771240234375e+01 2.174028587341308594e+01 1.816552543640136719e+01 1.837345695495605469e+01 1.187221908569335938e+01 2.189193725585937500e+01 1.602618217468261719e+01 2.733230972290039062e+01 2.205945587158203125e+01 3.326022338867187500e+01 3.738580322265625000e+01 4.369736099243164062e+01 4.168183517456054688e+01 4.001087951660156250e+01 4.671572494506835938e+01 4.390671157836914062e+01 4.143018341064453125e+01 6.269334411621093750e+01 5.561477661132812500e+01 5.996852874755859375e+01 6.205566787719726562e+01 8.801090240478515625e+01 8.041119384765625000e+01 9.413225555419921875e+01 6.467092895507812500e+01 8.693249511718750000e+01 9.426119995117187500e+01 1.072706909179687500e+02 1.406420135498046875e+02 1.687286529541015625e+02 1.967992553710937500e+02 2.226036529541015625e+02 5.256128540039062500e+02 2.358475585937500000e+03 5.396828002929687500e+02 2.931766357421875000e+02 1.977864837646484375e+02 1.475635223388671875e+02 1.406328887939453125e+02 1.189755249023437500e+02 9.001355743408203125e+01 1.104020996093750000e+02 8.497177124023437500e+01 8.492582702636718750e+01 7.973088073730468750e+01 8.065103149414062500e+01 5.993354034423828125e+01 5.848922348022460938e+01 6.092459869384765625e+01 7.191053009033203125e+01 4.743003845214843750e+01 5.960794830322265625e+01 6.178431701660156250e+01 4.495245361328125000e+01 6.870093536376953125e+01 5.538011932373046875e+01 6.487137603759765625e+01 6.048070907592773438e+01 5.861620712280273438e+01 5.250882339477539062e+01 6.062713623046875000e+01 5.386502456665039062e+01 6.422785949707031250e+01 6.567146301269531250e+01 7.413274383544921875e+01 6.334996032714843750e+01 6.225561904907226562e+01 5.226793289184570312e+01 4.740355682373046875e+01 4.757286453247070312e+01 4.872199630737304688e+01 4.541919708251953125e+01 4.290702438354492188e+01 4.159770202636718750e+01 3.800274276733398438e+01 1.984728431701660156e+01 1.867370986938476562e+01 2.240289306640625000e+01 2.449553871154785156e+01 2.264434242248535156e+01 2.339493942260742188e+01 2.870626831054687500e+01 3.517056274414062500e+01 4.369991683959960938e+01 2.924498367309570312e+01 2.558481788635253906e+01 2.839564132690429688e+01 1.686941719055175781e+01 1.934785652160644531e+01 1.777612495422363281e+01 1.588324260711669922e+01 1.647383117675781250e+01 1.282400035858154297e+01 7.592669963836669922e+00 1.294288921356201172e+01 1.696003150939941406e+01 1.506374263763427734e+01 1.518008136749267578e+01 1.248059844970703125e+01 1.094559192657470703e+01 1.948369216918945312e+01 1.271044349670410156e+01 1.701170158386230469e+01 1.741345977783203125e+01 1.156003570556640625e+01 8.774179458618164062e+00 1.623937416076660156e+01 7.976892948150634766e+00 1.314462184906005859e+01 1.312237167358398438e+01 8.958109855651855469e+00 8.921802520751953125e+00 8.827597618103027344e+00 6.982877731323242188e+00 5.263607025146484375e+00 4.287867069244384766e+00 8.714472770690917969e+00 6.498537063598632812e+00 7.955017566680908203e+00 1.529355239868164062e+01 7.564222812652587891e+00
1.563117504119873047e+01 1.849848937988281250e+01 1.828358459472656250e+01 1.785609626770019531e+01 1.748059082031250000e+01 1.322294902801513672e+01 1.357277011871337891e+01 1.813176155090332031e+01 1.436491489410400391e+01 2.259632110595703125e+01 1.744833946228027344e+01 2.663317108154296875e+01 2.537278556823730469e+01 2.008120346069335938e+01 2.884597778320312500e+01 2.011421585083007812e+01 2.833014106750488281e+01 3.434970092773437500e+01 3.546923065185546875e+01 3.723712921142578125e+01 3.506553268432617188e+01 3.451399993896484375e+01 3.942346954345703125e+01 5.025352859497070312e+01 3.844210815429687500e+01 3.410495376586914062e+01 4.908493423461914062e+01 4.181505203247070312e+01 6.167073822021484375e+01 6.363264465332031250e+01 6.968679809570312500e+01 5.226422882080078125e+01 7.328659057617187500e+01 6.726867675781250000e+01 6.579771423339843750e+01 7.550405883789062500e+01 1.019768066406250000e+02 1.280038146972656250e+02 1.048752212524414062e+02 1.205766601562500000e+02 1.750278778076171875e+02 2.032077178955078125e+02 3.123166198730468750e+02 5.396828002929687500e+02 2.251935302734375000e+03 5.110904846191406250e+02 2.642479553222656250e+02 2.078904266357421875e+02 1.652648620605468750e+02 1.375561523437500000e+02 1.146669769287109375e+02 1.053993377685546875e+02 8.925464630126953125e+01 9.103438568115234375e+01 7.393467712402343750e+01 9.682636260986328125e+01 7.165727233886718750e+01 6.800949096679687500e+01 7.923890686035156250e+01 6.739490509033203125e+01 6.948351287841796875e+01 6.960966491699218750e+01 7.460205078125000000e+01 6.095298004150390625e+01 7.457464599609375000e+01 5.725842285156250000e+01 6.449850463867187500e+01 5.959210968017578125e+01 6.903802490234375000e+01 6.106813049316406250e+01 5.182044219970703125e+01 5.132394027709960938e+01 6.119791030883789062e+01 5.396957015991210938e+01 5.950802230834960938e+01 4.133445358276367188e+01 6.883209228515625000e+01 5.602746963500976562e+01 5.118960189819335938e+01 4.726337432861328125e+01 5.287125015258789062e+01 3.587398147583007812e+01 4.343806838989257812e+01 3.205798721313476562e+01 2.795622253417968750e+01 2.388756561279296875e+01 2.354926490783691406e+01 1.600952720642089844e+01 2.158946418762207031e+01 2.790012359619140625e+01 2.298788642883300781e+01 3.294678878784179688e+01 3.797957611083984375e+01 4.293957519531250000e+01 2.827513694763183594e+01 3.459019851684570312e+01 1.758645057678222656e+01 1.494845008850097656e+01 1.382634067535400391e+01 1.195590782165527344e+01 1.513395118713378906e+01 2.060189056396484375e+01 2.077234840393066406e+01 1.953311347961425781e+01 1.209514904022216797e+01 2.250848960876464844e+01 6.458899974822998047e+00 1.559395790100097656e+01 1.440740489959716797e+01 1.208843040466308594e+01 1.082931995391845703e+01 9.083121299743652344e+00 1.337256908416748047e+01 1.506377124786376953e+01 8.261018753051757812e+00 1.128634834289550781e+01 1.099417400360107422e+01 8.957830429077148438e+00 9.393393516540527344e+00 5.770764827728271484e+00 7.824218750000000000e+00 1.062614631652832031e+01 9.462550163269042969e+00 3.564353942871093750e+00 1.253824138641357422e+01 6.741219043731689453e+00 4.670644283294677734e+00 9.287953376770019531e+00 1.800188255310058594e+01 1.092905902862548828e+01 1.531568431854248047e+01
1.768812942504882812e+01 2.691355323791503906e+01 2.280597305297851562e+01 1.882531356811523438e+01 1.542846488952636719e+01 1.781309318542480469e+01 9.577516555786132812e+00 1.998484802246093750e+01 1.548118019104003906e+01 2.500452232360839844e+01 1.930789375305175781e+01 2.242404174804687500e+01 1.907752227783203125e+01 2.393069076538085938e+01 1.942970848083496094e+01 2.810013389587402344e+01 2.679636192321777344e+01 3.084911346435546875e+01 3.185455322265625000e+01 3.735574340820312500e+01 4.161442565917968750e+01 4.206691360473632812e+01 4.484736633300781250e+01 3.735077285766601562e+01 3.407019424438476562e+01 5.880828094482421875e+01 4.408267974853515625e+01 5.431870269775390625e+01 6.461683654785156250e+01 5.948039245605468750e+01 5.364428710937500000e+01 6.205358505249023438e+01 5.946052169799804688e+01 6.538402557373046875e+01 6.542356872558593750e+01 8.111380004882812500e+01 6.931841278076171875e+01 9.742281341552734375e+01 1.106701507568359375e+02 9.908412933349609375e+01 1.373350830078125000e+02 1.493171691894531250e+02 1.783905944824218750e+02 2.931766357421875000e+02 5.110904846191406250e+02 2.131336425781250000e+03 6.260652465820312500e+02 3.247030639648437500e+02 2.025769195556640625e+02 1.601645507812500000e+02 1.186796035766601562e+02 1.228894271850585938e+02 9.658464813232421875e+01 9.197668457031250000e+01 8.954859924316406250e+01 7.557131195068359375e+01 7.877898406982421875e+01 7.730263519287109375e+01 7.741979980468750000e+01 8.171101379394531250e+01 6.734896850585937500e+01 5.598423385620117188e+01 6.768300628662109375e+01 6.546757507324218750e+01 6.530036163330078125e+01 6.352278137207031250e+01 7.195426940917968750e+01 6.792804718017578125e+01 5.538411712646484375e+01 5.649661254882812500e+01 6.294264602661132812e+01 5.617646408081054688e+01 3.915987014770507812e+01 6.848954010009765625e+01 5.376942062377929688e+01 4.772835159301757812e+01 5.767110824584960938e+01 5.031769561767578125e+01 5.273357391357421875e+01 4.356377410888671875e+01 4.516687774658203125e+01 3.451934432983398438e+01 2.237411880493164062e+01 3.611956024169921875e+01 2.582454681396484375e+01 2.011235618591308594e+01 1.797695159912109375e+01 1.984163093566894531e+01 2.358155441284179688e+01 2.630965614318847656e+01 3.096777725219726562e+01 4.187147521972656250e+01 3.536307907104492188e+01 2.629335784912109375e+01 2.898183822631835938e+01 2.396450996398925781e+01 2.278011131286621094e+01 1.688957977294921875e+01 1.707378196716308594e+01 1.409294128417968750e+01 1.444112491607666016e+01 1.903098487854003906e+01 2.139888000488281250e+01 1.388780403137207031e+01 2.587837982177734375e+01 1.282852458953857422e+01 2.755319213867187500e+01 1.187361335754394531e+01 1.478759288787841797e+01 1.532681751251220703e+01 9.378355026245117188e+00 1.001142597198486328e+01 1.310156536102294922e+01 1.676372337341308594e+01 1.576566505432128906e+01 1.604891014099121094e+01 1.151938056945800781e+01 8.776293754577636719e+00 6.902272224426269531e+00 8.745747566223144531e+00 1.149848365783691406e+01 5.725940227508544922e+00 6.373664855957031250e+00 1.440499496459960938e+01 5.911744594573974609e+00 1.486035823822021484e+01 8.389315605163574219e+00 8.341416358947753906e+00 7.658197879791259766e+00 1.132531929016113281e+01 8.495648384094238281e+00
1.721697998046875000e+01 1.711515617370605469e+01 1.417152309417724609e+01 2.479830551147460938e+01 1.859008979797363281e+01 2.358051490783691406e+01 1.850921058654785156e+01 1.694530677795410156e+01 2.151826667785644531e+01 1.688879394531250000e+01 1.921849632263183594e+01 2.077905845642089844e+01 1.884790229797363281e+01 1.871562767028808594e+01 1.308277034759521484e+01 3.282197189331054688e+01 1.527017593383789062e+01 3.041599082946777344e+01 2.387466430664062500e+01 3.665160369873046875e+01 3.218581771850585938e+01 2.715392494201660156e+01 3.763329696655273438e+01 3.721932601928710938e+01 4.345637893676757812e+01 3.455975341796875000e+01 4.033396148681640625e+01 4.934704971313476562e+01 4.830387115478515625e+01 7.294900512695312500e+01 6.778506469726562500e+01 6.537213134765625000e+01 6.054121017456054688e+01 5.439752197265625000e+01 6.384524917602539062e+01 5.895172882080078125e+01 8.140804290771484375e+01 1.035519638061523438e+02 1.030008392333984375e+02 1.115598373413085938e+02 1.028185043334960938e+02 1.379113922119140625e+02 1.559473876953125000e+02 1.977864837646484375e+02 2.642479553222656250e+02 6.260652465820312500e+02 1.781027587890625000e+03 7.134921264648437500e+02 2.525478210449218750e+02 2.078523406982421875e+02 1.563348846435546875e+02 1.310280914306640625e+02 1.184550781250000000e+02 1.188384628295898438e+02 9.264217376708984375e+01 9.649243164062500000e+01 9.344230651855468750e+01 5.774246597290039062e+01 6.905496215820312500e+01 6.680899047851562500e+01 6.439947509765625000e+01 8.353778076171875000e+01 7.546273040771484375e+01 6.713674163818359375e+01 7.050379943847656250e+01 5.657513809204101562e+01 6.549181365966796875e+01 6.708039855957031250e+01 6.664357757568359375e+01 4.619305801391601562e+01 5.333489990234375000e+01 5.741411972045898438e+01 4.886973190307617188e+01 6.375245666503906250e+01 5.915053939819335938e+01 3.685591506958007812e+01 6.009741592407226562e+01 4.854640579223632812e+01 6.384529495239257812e+01 4.931839752197265625e+01 3.977032089233398438e+01 5.080300140380859375e+01 3.799449539184570312e+01 3.145828247070312500e+01 2.727328681945800781e+01 1.973324394226074219e+01 1.815685844421386719e+01 1.622301864624023438e+01 2.506513786315917969e+01 1.843837738037109375e+01 2.416912841796875000e+01 3.286576843261718750e+01 4.798451995849609375e+01 4.012981414794921875e+01 3.317479705810546875e+01 3.102381515502929688e+01 2.533081054687500000e+01 1.912063407897949219e+01 1.395995616912841797e+01 2.139938354492187500e+01 2.222574806213378906e+01 1.685689926147460938e+01 1.615039825439453125e+01 1.494081497192382812e+01 9.403919219970703125e+00 1.430308151245117188e+01 1.185694026947021484e+01 1.642920494079589844e+01 1.209070968627929688e+01 9.398694992065429688e+00 1.192796993255615234e+01 1.000461673736572266e+01 1.405972385406494141e+01 1.226366043090820312e+01 9.857369422912597656e+00 1.588452053070068359e+01 1.143679523468017578e+01 8.072685241699218750e+00 1.316810226440429688e+01 1.032885265350341797e+01 1.331872177124023438e+01 1.248446273803710938e+01 6.948359489440917969e+00 1.020750331878662109e+01 1.035769748687744141e+01 6.075102329254150391e+00 7.716731548309326172e+00 8.525191307067871094e+00 1.565384101867675781e+01 1.018585395812988281e+01 6.946257114410400391e+00
1.080461120605468750e+01 2.397480201721191406e+01 2.047826576232910156e+01 1.341578865051269531e+01 7.812263488769531250e+00 1.224106121063232422e+01 2.512981033325195312e+01 1.780265808105468750e+01 2.109985542297363281e+01 1.743200111389160156e+01 2.019086074829101562e+01 2.876473617553710938e+01 2.039328575134277344e+01 3.503508758544921875e+01 2.015888595581054688e+01 2.252863502502441406e+01 3.124853324890136719e+01 2.909713935852050781e+01 2.128221321105957031e+01 2.909342002868652344e+01 3.606855010986328125e+01 3.905136489868164062e+01 3.784772872924804688e+01 5.053239440917968750e+01 5.244478988647460938e+01 3.536114120483398438e+01 3.029337692260742188e+01 2.580667877197265625e+01 5.624549484252929688e+01 4.768703460693359375e+01 5.278263473510742188e+01 7.845198059082031250e+01 4.857056045532226562e+01 6.437561035156250000e+01 6.937178802490234375e+01 5.574096298217773438e+01 6.062666320800781250e+01 8.747927856445312500e+01 8.117599487304687500e+01 7.813615417480468750e+01 1.154115142822265625e+02 1.064103240966796875e+02 1.367240600585937500e+02 1.475635223388671875e+02 2.078904266357421875e+02 3.247030639648437500e+02 7.134921264648437500e+02 2.961176757812500000e+03 4.084404907226562500e+02 2.583096008300781250e+02 2.129517211914062500e+02 1.411286468505859375e+02 1.185222244262695312e+02 8.739578247070312500e+01 1.142835769653320312e+02 1.145353851318359375e+02 6.582794189453125000e+01 5.968021774291992188e+01 8.652117919921875000e+01 7.642824554443359375e+01 6.040172958374023438e+01 4.488407135009765625e+01 6.577368927001953125e+01 5.871440887451171875e+01 5.772260665893554688e+01 5.820334625244140625e+01 6.748370361328125000e+01 4.385070419311523438e+01 4.524073410034179688e+01 6.833961486816406250e+01 4.587528991699218750e+01 3.984147262573242188e+01 5.948625564575195312e+01 5.068607330322265625e+01 4.232460784912109375e+01 2.976175117492675781e+01 3.989030075073242188e+01 4.518198394775390625e+01 4.553007888793945312e+01 3.940398025512695312e+01 5.849551010131835938e+01 3.690012359619140625e+01 4.415491867065429688e+01 2.140375709533691406e+01 2.070423698425292969e+01 2.257446670532226562e+01 2.543401145935058594e+01 1.659920501708984375e+01 2.394755935668945312e+01 2.169582366943359375e+01 2.934183120727539062e+01 3.491226959228515625e+01 3.981279754638671875e+01 2.670145416259765625e+01 2.655488204956054688e+01 2.775210189819335938e+01 1.461074447631835938e+01 1.666563987731933594e+01 1.742174148559570312e+01 2.259738349914550781e+01 4.086296081542968750e+00 1.271471214294433594e+01 1.451666545867919922e+01 1.523631095886230469e+01 1.075790882110595703e+01 7.479981899261474609e+00 1.395166587829589844e+01 1.610974693298339844e+01 1.185561180114746094e+01 1.689589500427246094e+01 2.005034828186035156e+01 1.605286216735839844e+01 1.181686305999755859e+01 1.414729404449462891e+01 7.435152530670166016e+00 1.083523750305175781e+01 7.916056156158447266e+00 1.407238388061523438e+01 3.689158678054809570e+00 9.348936080932617188e+00 7.682203769683837891e+00 7.651068210601806641e+00 1.192319107055664062e+01 4.619549274444580078e+00 4.062519073486328125e+00 1.059017753601074219e+01 8.407425880432128906e+00 1.337507724761962891e+01 0.000000000000000000e+00 1.271173954010009766e+01 1.167632675170898438e+01
1.535037994384765625e+01 1.658651733398437500e+01 1.373380565643310547e+01 1.325923156738281250e+01 1.801589393615722656e+01 1.814731979370117188e+01 1.724760818481445312e+01 1.876790237426757812e+01 1.901360321044921875e+01 1.722857666015625000e+01 2.195076560974121094e+01 2.132179832458496094e+01 2.015530586242675781e+01 1.648868560791015625e+01 2.173488044738769531e+01 2.067532539367675781e+01 1.672876548767089844e+01 2.875758743286132812e+01 2.944740104675292969e+01 3.213672637939453125e+01 3.030049705505371094e+01 3.859565353393554688e+01 3.553575897216796875e+01 4.254378128051757812e+01 4.211413574218750000e+01 3.203611373901367188e+01 4.075148391723632812e+01 4.463467025756835938e+01 7.314360046386718750e+01 7.346820831298828125e+01 4.733643341064453125e+01 6.618967437744140625e+01 5.956022262573242188e+01 5.907977676391601562e+01 6.270937347412109375e+01 5.305010223388671875e+01 7.589762115478515625e+01 7.101942443847656250e+01 7.836292266845703125e+01 7.851140594482421875e+01 9.439838409423828125e+01 9.421350097656250000e+01 1.280165100097656250e+02 1.406328887939453125e+02 1.652648620605468750e+02 2.025769195556640625e+02 2.525478210449218750e+02 4.084404907226562500e+02 2.124851806640625000e+03 5.342015991210937500e+02 3.000269470214843750e+02 2.276447143554687500e+02 1.569664154052734375e+02 1.304636230468750000e+02 1.172941665649414062e+02 1.263233032226562500e+02 1.019855575561523438e+02 8.545085144042968750e+01 7.714625549316406250e+01 8.183105468750000000e+01 8.864080047607421875e+01 6.654043579101562500e+01 7.150675201416015625e+01 7.649308013916015625e+01 7.363301849365234375e+01 6.381584167480468750e+01 6.562045288085937500e+01 6.850355529785156250e+01 6.458514404296875000e+01 7.303973388671875000e+01 7.435750579833984375e+01 5.906480789184570312e+01 5.144306564331054688e+01 5.593895721435546875e+01 5.887283325195312500e+01 4.412166595458984375e+01 5.465710449218750000e+01 4.784435272216796875e+01 5.865909957885742188e+01 6.284169769287109375e+01 4.129492187500000000e+01 5.470426940917968750e+01 6.000451660156250000e+01 2.924227333068847656e+01 2.216784477233886719e+01 1.992056274414062500e+01 1.675813865661621094e+01 2.460824775695800781e+01 2.366810226440429688e+01 2.025138473510742188e+01 1.784580039978027344e+01 3.450485992431640625e+01 3.517490386962890625e+01 3.402902984619140625e+01 2.821337318420410156e+01 2.162611770629882812e+01 2.960249900817871094e+01 1.801532936096191406e+01 1.721843719482421875e+01 1.116684055328369141e+01 1.211583232879638672e+01 2.073445510864257812e+01 9.130076408386230469e+00 1.390016269683837891e+01 1.594855213165283203e+01 1.293721389770507812e+01 1.838514137268066406e+01 1.519803714752197266e+01 1.684356498718261719e+01 1.214452838897705078e+01 1.155954837799072266e+01 2.027262306213378906e+01 1.038130283355712891e+01 1.188487052917480469e+01 1.469677448272705078e+01 1.271669387817382812e+01 1.173551845550537109e+01 1.216964435577392578e+01 7.292215347290039062e+00 1.308977031707763672e+01 9.111066818237304688e+00 7.561783313751220703e+00 5.892026424407958984e+00 6.848461627960205078e+00 8.030221939086914062e+00 1.242908191680908203e+01 9.140246391296386719e+00 1.239280796051025391e+01 1.011355876922607422e+01 1.166601371765136719e+01 5.770034313201904297e+00
1.301397514343261719e+01 2.053493499755859375e+01 1.745058631896972656e+01 1.769805717468261719e+01 1.911820602416992188e+01 1.497819042205810547e+01 1.793685531616210938e+01 1.797128295898437500e+01 2.278043937683105469e+01 1.839698410034179688e+01 2.347030448913574219e+01 1.759829902648925781e+01 2.397853469848632812e+01 1.913795089721679688e+01 2.186345291137695312e+01 1.476754856109619141e+01 2.628709602355957031e+01 2.269712066650390625e+01 2.929608345031738281e+01 4.161915588378906250e+01 2.730764007568359375e+01 3.420852661132812500e+01 3.125963401794433594e+01 3.520963287353515625e+01 3.609650421142578125e+01 3.785947418212890625e+01 3.552258682250976562e+01 4.884584426879882812e+01 5.569158172607421875e+01 5.277239608764648438e+01 4.754170227050781250e+01 5.267964553833007812e+01 5.530389404296875000e+01 5.485777664184570312e+01 5.978074264526367188e+01 5.778459930419921875e+01 6.583734893798828125e+01 7.526239013671875000e+01 7.622779846191406250e+01 8.604682159423828125e+01 8.643502807617187500e+01 1.007045898437500000e+02 9.658034515380859375e+01 1.189755249023437500e+02 1.375561523437500000e+02 1.601645507812500000e+02 2.078523406982421875e+02 2.583096008300781250e+02 5.342015991210937500e+02 1.921073730468750000e+03 5.502424316406250000e+02 2.999592895507812500e+02 2.124602508544921875e+02 1.754446258544921875e+02 1.270640182495117188e+02 1.241508636474609375e+02 1.102081832885742188e+02 1.039199829101562500e+02 7.767453765869140625e+01 8.266303253173828125e+01 8.314615631103515625e+01 7.002332305908203125e+01 8.827742004394531250e+01 8.572186279296875000e+01 7.637842559814453125e+01 8.262371826171875000e+01 8.190729522705078125e+01 7.269498443603515625e+01 6.227624893188476562e+01 6.927861785888671875e+01 5.641377639770507812e+01 5.245936584472656250e+01 5.989806365966796875e+01 6.822155761718750000e+01 6.329703903198242188e+01 4.487038803100585938e+01 5.407910919189453125e+01 4.146358489990234375e+01 5.595941543579101562e+01 5.013243484497070312e+01 4.090013885498046875e+01 3.724963378906250000e+01 4.052104568481445312e+01 4.101767349243164062e+01 2.929214859008789062e+01 1.923686599731445312e+01 1.867266845703125000e+01 2.538853073120117188e+01 2.313338661193847656e+01 2.488786888122558594e+01 2.692704963684082031e+01 3.511972808837890625e+01 3.708985137939453125e+01 3.546627426147460938e+01 2.802488136291503906e+01 2.154997444152832031e+01 2.413495063781738281e+01 1.768378639221191406e+01 1.541696453094482422e+01 8.887567520141601562e+00 1.312500381469726562e+01 1.983613204956054688e+01 1.513860130310058594e+01 1.398238849639892578e+01 1.410364437103271484e+01 1.630293083190917969e+01 8.535645484924316406e+00 1.142395591735839844e+01 1.495988368988037109e+01 1.268622970581054688e+01 8.433443069458007812e+00 1.063958930969238281e+01 1.144681930541992188e+01 1.233384609222412109e+01 1.364650440216064453e+01 1.118645572662353516e+01 1.089686679840087891e+01 7.264266014099121094e+00 1.184941577911376953e+01 7.864573001861572266e+00 7.049971580505371094e+00 7.723537921905517578e+00 8.597232818603515625e+00 1.342466640472412109e+01 8.077724456787109375e+00 7.896382331848144531e+00 8.487060546875000000e+00 1.457576847076416016e+01 8.451735496520996094e+00 9.999073028564453125e+00 1.250128269195556641e+01
1.817842483520507812e+01 1.854568672180175781e+01 1.493574619293212891e+01 1.867998695373535156e+01 1.631655693054199219e+01 1.641304016113281250e+01 9.719571113586425781e+00 1.101698303222656250e+01 1.612975311279296875e+01 2.022676277160644531e+01 2.436504936218261719e+01 1.668820190429687500e+01 2.129652976989746094e+01 1.238919258117675781e+01 1.786208915710449219e+01 2.016553497314453125e+01 2.175504684448242188e+01 2.700967788696289062e+01 3.259641265869140625e+01 3.812643814086914062e+01 3.264392852783203125e+01 3.460206222534179688e+01 2.722768020629882812e+01 3.822063446044921875e+01 4.056861877441406250e+01 2.598589706420898438e+01 4.139903259277343750e+01 4.192173767089843750e+01 4.946246719360351562e+01 4.947367095947265625e+01 5.443994522094726562e+01 5.861423492431640625e+01 5.343532180786132812e+01 5.207415771484375000e+01 5.104480361938476562e+01 6.994757843017578125e+01 7.034654998779296875e+01 6.090256118774414062e+01 5.870472717285156250e+01 7.011289215087890625e+01 8.250377655029296875e+01 8.334252166748046875e+01 8.850673675537109375e+01 9.001355743408203125e+01 1.146669769287109375e+02 1.186796035766601562e+02 1.563348846435546875e+02 2.129517211914062500e+02 3.000269470214843750e+02 5.502424316406250000e+02 2.051046386718750000e+03 7.260830078125000000e+02 3.124548339843750000e+02 2.104203338623046875e+02 1.734077606201171875e+02 1.456101074218750000e+02 1.098245162963867188e+02 1.093769073486328125e+02 8.991682434082031250e+01 1.021948699951171875e+02 9.174835968017578125e+01 7.812007141113281250e+01 7.708195495605468750e+01 7.762430572509765625e+01 7.227275085449218750e+01 8.104166412353515625e+01 7.274594879150390625e+01 6.696597290039062500e+01 6.065960693359375000e+01 5.384756088256835938e+01 5.195265579223632812e+01 7.235843658447265625e+01 4.754938888549804688e+01 5.802808380126953125e+01 5.674961090087890625e+01 3.749325561523437500e+01 4.376098251342773438e+01 5.916617202758789062e+01 4.603724288940429688e+01 5.985342788696289062e+01 4.912764739990234375e+01 5.651722717285156250e+01 3.202124786376953125e+01 3.389286041259765625e+01 2.402361297607421875e+01 2.469690322875976562e+01 2.124841308593750000e+01 2.503858375549316406e+01 2.573946189880371094e+01 2.685245513916015625e+01 2.618924713134765625e+01 3.926308441162109375e+01 3.135709953308105469e+01 3.065619850158691406e+01 2.588229560852050781e+01 2.477032279968261719e+01 2.034383010864257812e+01 1.547002792358398438e+01 2.136999320983886719e+01 1.198641204833984375e+01 1.706913375854492188e+01 1.947419929504394531e+01 1.960032653808593750e+01 1.523118305206298828e+01 1.141271400451660156e+01 2.169799804687500000e+01 7.554608821868896484e+00 1.495401668548583984e+01 2.476142311096191406e+01 1.140637397766113281e+01 6.979467868804931641e+00 9.934141159057617188e+00 1.401608276367187500e+01 1.050588130950927734e+01 1.518384265899658203e+01 1.005790519714355469e+01 1.224691581726074219e+01 8.980685234069824219e+00 1.284185409545898438e+01 1.012460517883300781e+01 9.983503341674804688e+00 1.278390884399414062e+01 3.952788829803466797e+00 6.432206630706787109e+00 8.170650482177734375e+00 5.529614925384521484e+00 6.243414402008056641e+00 1.163956356048583984e+01 6.649193763732910156e+00 6.742734432220458984e+00 5.419327259063720703e+00
1.381482887268066406e+01 1.700292015075683594e+01 2.214385414123535156e+01 9.605957031250000000e+00 1.758028602600097656e+01 1.446892547607421875e+01 2.227756309509277344e+01 2.136646270751953125e+01 2.437576103210449219e+01 1.355149459838867188e+01 1.211637306213378906e+01 2.059609222412109375e+01 2.346746253967285156e+01 1.365212535858154297e+01 2.099511528015136719e+01 2.106896591186523438e+01 2.290726470947265625e+01 3.095351791381835938e+01 2.176923370361328125e+01 2.240692329406738281e+01 3.910757827758789062e+01 3.776619720458984375e+01 3.251962280273437500e+01 3.828798294067382812e+01 4.828044128417968750e+01 3.617034530639648438e+01 4.475843811035156250e+01 5.807392501831054688e+01 6.177186203002929688e+01 5.279534149169921875e+01 6.398875427246093750e+01 6.263201904296875000e+01 6.256258010864257812e+01 5.418413925170898438e+01 6.369029235839843750e+01 4.983668136596679688e+01 6.201404571533203125e+01 6.711086273193359375e+01 6.256487274169921875e+01 7.566159820556640625e+01 7.544510650634765625e+01 8.616928863525390625e+01 9.053632354736328125e+01 1.104020996093750000e+02 1.053993377685546875e+02 1.228894271850585938e+02 1.310280914306640625e+02 1.411286468505859375e+02 2.276447143554687500e+02 2.999592895507812500e+02 7.260830078125000000e+02 1.811832031250000000e+03 6.090820922851562500e+02 3.039455566406250000e+02 2.092189483642578125e+02 1.609627227783203125e+02 1.288451843261718750e+02 1.283529968261718750e+02 1.177449798583984375e+02 1.034917602539062500e+02 8.911868286132812500e+01 9.274062347412109375e+01 8.208020019531250000e+01 8.517320251464843750e+01 7.249996185302734375e+01 7.218651580810546875e+01 6.947334289550781250e+01 6.713658905029296875e+01 6.992821502685546875e+01 6.242544555664062500e+01 6.306733322143554688e+01 5.528260803222656250e+01 5.949537277221679688e+01 4.631573486328125000e+01 5.323455810546875000e+01 6.088563919067382812e+01 4.228689956665039062e+01 4.357501602172851562e+01 4.324541854858398438e+01 4.763401031494140625e+01 5.242608642578125000e+01 5.737170791625976562e+01 4.177795791625976562e+01 3.502969741821289062e+01 3.035517883300781250e+01 2.704952812194824219e+01 2.636292457580566406e+01 2.094084167480468750e+01 2.784760093688964844e+01 2.761709785461425781e+01 1.754623222351074219e+01 2.911836624145507812e+01 3.800894546508789062e+01 2.932498931884765625e+01 3.096532440185546875e+01 2.270974540710449219e+01 2.690117454528808594e+01 2.642287445068359375e+01 1.883873176574707031e+01 1.122704315185546875e+01 1.783384323120117188e+01 1.300567531585693359e+01 1.943851470947265625e+01 1.198844528198242188e+01 1.509132671356201172e+01 1.453719139099121094e+01 1.807651901245117188e+01 1.498036670684814453e+01 1.091422462463378906e+01 1.571140003204345703e+01 1.298914718627929688e+01 1.386595916748046875e+01 1.289309883117675781e+01 1.273451614379882812e+01 7.909510612487792969e+00 9.420712471008300781e+00 8.637021064758300781e+00 1.007609081268310547e+01 1.433960914611816406e+01 6.375251293182373047e+00 1.194416522979736328e+01 6.260923862457275391e+00 6.272250175476074219e+00 8.820490837097167969e+00 9.973165512084960938e+00 7.582766532897949219e+00 8.255828857421875000e+00 6.156518459320068359e+00 6.698972702026367188e+00 8.173085212707519531e+00 1.114729309082031250e+01
1.705328750610351562e+01 2.095767784118652344e+01 1.704872703552246094e+01 1.140170669555664062e+01 2.149909400939941406e+01 1.321058845520019531e+01 2.101812744140625000e+01 1.902055168151855469e+01 1.868563461303710938e+01 1.269854927062988281e+01 2.157213401794433594e+01 2.211812782287597656e+01 1.795067787170410156e+01 1.377363014221191406e+01 1.868997764587402344e+01 2.266316032409667969e+01 2.276336860656738281e+01 2.331577491760253906e+01 4.030853271484375000e+01 3.075127983093261719e+01 3.240529632568359375e+01 3.965399932861328125e+01 2.665160942077636719e+01 2.999408721923828125e+01 3.289791870117187500e+01 2.575924491882324219e+01 4.168319320678710938e+01 2.506557846069335938e+01 3.881624603271484375e+01 4.495530700683593750e+01 4.746931076049804688e+01 4.088729095458984375e+01 4.630211639404296875e+01 5.716746139526367188e+01 5.258896636962890625e+01 5.915321350097656250e+01 6.182990646362304688e+01 4.855262756347656250e+01 5.409122085571289062e+01 4.932998657226562500e+01 6.377944183349609375e+01 5.706029129028320312e+01 9.435626220703125000e+01 8.497177124023437500e+01 8.925464630126953125e+01 9.658464813232421875e+01 1.184550781250000000e+02 1.185222244262695312e+02 1.569664154052734375e+02 2.124602508544921875e+02 3.124548339843750000e+02 6.090820922851562500e+02 1.954713378906250000e+03 6.437188720703125000e+02 2.867542724609375000e+02 2.063698120117187500e+02 1.874924926757812500e+02 1.471453704833984375e+02 1.086994094848632812e+02 1.148850631713867188e+02 9.333409881591796875e+01 9.263962554931640625e+01 8.784165191650390625e+01 8.035803222656250000e+01 7.953401947021484375e+01 6.448169708251953125e+01 6.448855590820312500e+01 7.625239562988281250e+01 6.753977203369140625e+01 7.177986145019531250e+01 5.257828903198242188e+01 5.468100738525390625e+01 5.135819244384765625e+01 5.087151718139648438e+01 5.024452209472656250e+01 4.129581451416015625e+01 4.931150436401367188e+01 4.466812515258789062e+01 5.685759353637695312e+01 4.262153625488281250e+01 4.464088439941406250e+01 5.196864700317382812e+01 4.154668807983398438e+01 3.057220268249511719e+01 3.016449546813964844e+01 2.349234199523925781e+01 2.305670547485351562e+01 2.216846275329589844e+01 2.632035446166992188e+01 2.692632484436035156e+01 2.521084022521972656e+01 3.064913558959960938e+01 3.398226547241210938e+01 3.685451507568359375e+01 3.739883041381835938e+01 2.747350311279296875e+01 1.702939414978027344e+01 1.871627044677734375e+01 1.450408744812011719e+01 1.332584190368652344e+01 1.322982788085937500e+01 1.852436828613281250e+01 1.538158321380615234e+01 1.878304672241210938e+01 1.791251945495605469e+01 1.543849945068359375e+01 1.693876266479492188e+01 1.137972164154052734e+01 1.295454311370849609e+01 1.417286777496337891e+01 8.114398002624511719e+00 1.992293930053710938e+01 1.721627044677734375e+01 1.030576515197753906e+01 7.943797588348388672e+00 1.183958721160888672e+01 9.610909461975097656e+00 7.688396930694580078e+00 8.062234878540039062e+00 1.135057353973388672e+01 1.119238662719726562e+01 4.458809375762939453e+00 7.444792747497558594e+00 8.225960731506347656e+00 8.549349784851074219e+00 9.643177032470703125e+00 4.082993507385253906e+00 1.055517101287841797e+01 5.963465213775634766e+00 9.700971603393554688e+00 5.670506477355957031e+00
1.813663482666015625e+01 1.073176956176757812e+01 1.063983249664306641e+01 1.782814407348632812e+01 2.477027702331542969e+01 1.217651081085205078e+01 1.718564033508300781e+01 1.593790149688720703e+01 1.875083732604980469e+01 1.755682754516601562e+01 1.656962203979492188e+01 1.475360488891601562e+01 1.568975734710693359e+01 1.773633193969726562e+01 2.563540458679199219e+01 2.070908927917480469e+01 1.894166183471679688e+01 2.930549812316894531e+01 3.691516113281250000e+01 3.064235687255859375e+01 4.339038085937500000e+01 2.780980300903320312e+01 4.341302108764648438e+01 3.246340942382812500e+01 2.812193870544433594e+01 3.957150650024414062e+01 3.955039215087890625e+01 3.790423583984375000e+01 5.300421905517578125e+01 4.080854034423828125e+01 6.016117477416992188e+01 4.496718215942382812e+01 5.234063720703125000e+01 5.557422256469726562e+01 4.260277557373046875e+01 4.505070877075195312e+01 4.975324630737304688e+01 6.468077087402343750e+01 6.549032592773437500e+01 7.869567108154296875e+01 6.383438491821289062e+01 6.450185394287109375e+01 8.052813720703125000e+01 8.492582702636718750e+01 9.103438568115234375e+01 9.197668457031250000e+01 1.188384628295898438e+02 8.739578247070312500e+01 1.304636230468750000e+02 1.754446258544921875e+02 2.104203338623046875e+02 3.039455566406250000e+02 6.437188720703125000e+02 2.096625976562500000e+03 6.378156127929687500e+02 2.925684204101562500e+02 2.120383758544921875e+02 1.532657623291015625e+02 1.441821441650390625e+02 1.109832458496093750e+02 1.157284622192382812e+02 9.417807769775390625e+01 7.636540222167968750e+01 9.855808258056640625e+01 8.787992095947265625e+01 7.429287719726562500e+01 7.673686981201171875e+01 8.706305694580078125e+01 6.844079589843750000e+01 6.580548095703125000e+01 6.365856170654296875e+01 6.978569030761718750e+01 6.564456939697265625e+01 5.293973159790039062e+01 5.087254714965820312e+01 3.568436813354492188e+01 4.261085510253906250e+01 5.236746597290039062e+01 5.186108016967773438e+01 4.509789276123046875e+01 3.428879547119140625e+01 4.542310333251953125e+01 3.242684555053710938e+01 2.817911911010742188e+01 3.378876495361328125e+01 2.796903419494628906e+01 2.561614036560058594e+01 1.315773963928222656e+01 2.256752586364746094e+01 1.955815887451171875e+01 2.778387832641601562e+01 3.606386947631835938e+01 2.835204315185546875e+01 3.695774841308593750e+01 3.194546127319335938e+01 2.627855873107910156e+01 2.043801307678222656e+01 1.573591804504394531e+01 1.392579078674316406e+01 1.806285667419433594e+01 1.524280548095703125e+01 1.351719093322753906e+01 1.476830005645751953e+01 1.311573982238769531e+01 1.031899452209472656e+01 1.569488430023193359e+01 9.107500076293945312e+00 1.475009727478027344e+01 2.155925178527832031e+01 1.546989440917968750e+01 1.589336681365966797e+01 2.295430374145507812e+01 1.101989078521728516e+01 1.424860095977783203e+01 8.320438385009765625e+00 1.212536334991455078e+01 1.033503532409667969e+01 7.873974323272705078e+00 1.444946289062500000e+01 6.974727630615234375e+00 1.031628704071044922e+01 1.284309291839599609e+01 6.671428680419921875e+00 6.031186103820800781e+00 5.303938865661621094e+00 7.406952857971191406e+00 1.223102188110351562e+01 1.122571182250976562e+01 1.145138931274414062e+01 1.117701816558837891e+01 8.711066246032714844e+00
1.216229248046875000e+01 1.727194786071777344e+01 2.041705513000488281e+01 1.585666370391845703e+01 8.207671165466308594e+00 2.020955848693847656e+01 1.571531295776367188e+01 1.656614875793457031e+01 1.676556205749511719e+01 1.805266761779785156e+01 1.151551818847656250e+01 2.482408714294433594e+01 2.066027259826660156e+01 1.727738571166992188e+01 1.237745666503906250e+01 1.376660251617431641e+01 2.227759552001953125e+01 2.358245849609375000e+01 2.491474342346191406e+01 2.928166389465332031e+01 4.466091918945312500e+01 3.516677474975585938e+01 2.811836624145507812e+01 3.286525726318359375e+01 3.738875579833984375e+01 3.847771835327148438e+01 3.788885498046875000e+01 4.793164825439453125e+01 4.931762695312500000e+01 4.673254394531250000e+01 5.193326568603515625e+01 6.030931472778320312e+01 4.454903793334960938e+01 4.058034133911132812e+01 5.409083557128906250e+01 4.090060043334960938e+01 4.276678466796875000e+01 5.626955032348632812e+01 6.035091018676757812e+01 6.332728195190429688e+01 7.107929992675781250e+01 6.987258911132812500e+01 9.315270996093750000e+01 7.973088073730468750e+01 7.393467712402343750e+01 8.954859924316406250e+01 9.264217376708984375e+01 1.142835769653320312e+02 1.172941665649414062e+02 1.270640182495117188e+02 1.734077606201171875e+02 2.092189483642578125e+02 2.867542724609375000e+02 6.378156127929687500e+02 1.936919555664062500e+03 7.092888183593750000e+02 2.851837768554687500e+02 2.218645782470703125e+02 1.803891906738281250e+02 1.540383148193359375e+02 1.293901977539062500e+02 9.801674652099609375e+01 1.043945007324218750e+02 1.033443527221679688e+02 9.247731781005859375e+01 7.452563476562500000e+01 7.939415740966796875e+01 7.770358276367187500e+01 6.639186096191406250e+01 7.656920623779296875e+01 7.436141204833984375e+01 5.459739303588867188e+01 6.249708175659179688e+01 5.401222229003906250e+01 5.858326339721679688e+01 4.211622238159179688e+01 4.816847991943359375e+01 4.432037353515625000e+01 3.880453872680664062e+01 3.709723281860351562e+01 4.765990066528320312e+01 2.824509429931640625e+01 4.597557067871093750e+01 3.514787673950195312e+01 3.573568344116210938e+01 2.976731109619140625e+01 1.526932811737060547e+01 2.429052734375000000e+01 2.156540298461914062e+01 2.387935638427734375e+01 3.150444793701171875e+01 3.023020172119140625e+01 4.019821548461914062e+01 3.227140045166015625e+01 3.228304290771484375e+01 2.258846473693847656e+01 2.039390373229980469e+01 1.782181358337402344e+01 1.232686233520507812e+01 1.671568679809570312e+01 1.349266052246093750e+01 1.831988906860351562e+01 1.663790130615234375e+01 1.635929107666015625e+01 1.522364997863769531e+01 1.431382751464843750e+01 1.675178527832031250e+01 1.912318992614746094e+01 1.201082420349121094e+01 9.682395935058593750e+00 1.278956890106201172e+01 1.847158241271972656e+01 1.241495895385742188e+01 1.401400852203369141e+01 1.606931686401367188e+01 1.158692932128906250e+01 7.128614902496337891e+00 8.712377548217773438e+00 1.079709720611572266e+01 7.717380523681640625e+00 5.534420013427734375e+00 4.822990417480468750e+00 9.970206260681152344e+00 1.178673648834228516e+01 1.097521305084228516e+01 6.556502819061279297e+00 9.085328102111816406e+00 1.505575752258300781e+01 9.215059280395507812e+00 9.811931610107421875e+00 1.139107322692871094e+01
1.446792030334472656e+01 9.783915519714355469e+00 9.700098037719726562e+00 1.197627925872802734e+01 1.394802093505859375e+01 1.457013320922851562e+01 1.851645088195800781e+01 1.755736160278320312e+01 1.962727165222167969e+01 1.956309509277343750e+01 1.922601509094238281e+01 1.467330932617187500e+01 2.535709571838378906e+01 1.616981887817382812e+01 1.308788776397705078e+01 1.970088577270507812e+01 1.859705162048339844e+01 1.781144714355468750e+01 2.931218528747558594e+01 1.571397399902343750e+01 3.955804443359375000e+01 3.259745788574218750e+01 3.571735000610351562e+01 4.200746154785156250e+01 4.235867691040039062e+01 3.156690216064453125e+01 5.065179824829101562e+01 4.936635589599609375e+01 6.795389556884765625e+01 6.153008651733398438e+01 5.085868835449218750e+01 6.734987640380859375e+01 4.312954330444335938e+01 3.753020858764648438e+01 4.574488830566406250e+01 4.949670028686523438e+01 6.082219696044921875e+01 5.418682861328125000e+01 6.452108001708984375e+01 6.908786773681640625e+01 5.684298324584960938e+01 6.785180664062500000e+01 7.066262054443359375e+01 8.065103149414062500e+01 9.682636260986328125e+01 7.557131195068359375e+01 9.649243164062500000e+01 1.145353851318359375e+02 1.263233032226562500e+02 1.241508636474609375e+02 1.456101074218750000e+02 1.609627227783203125e+02 2.063698120117187500e+02 2.925684204101562500e+02 7.092888183593750000e+02 2.098261230468750000e+03 4.628565063476562500e+02 2.755549316406250000e+02 2.293137969970703125e+02 1.624464874267578125e+02 1.503242187500000000e+02 1.190592803955078125e+02 1.165935897827148438e+02 1.052825469970703125e+02 9.244403839111328125e+01 8.907111358642578125e+01 8.217440795898437500e+01 6.854979705810546875e+01 6.752438354492187500e+01 6.891133117675781250e+01 6.552462005615234375e+01 6.185477828979492188e+01 5.057466888427734375e+01 5.171140289306640625e+01 4.877830123901367188e+01 5.422107315063476562e+01 5.179648971557617188e+01 4.444968414306640625e+01 4.893955993652343750e+01 4.476938629150390625e+01 3.978587722778320312e+01 3.576424407958984375e+01 4.082486724853515625e+01 3.211284637451171875e+01 2.904421043395996094e+01 2.385366439819335938e+01 2.162376403808593750e+01 2.681373405456542969e+01 2.700378417968750000e+01 3.258721160888671875e+01 3.338947296142578125e+01 3.561851119995117188e+01 3.200219345092773438e+01 3.512732315063476562e+01 2.844666481018066406e+01 2.504655838012695312e+01 1.639693641662597656e+01 2.444148063659667969e+01 1.523499965667724609e+01 1.317400264739990234e+01 1.181204795837402344e+01 1.945787811279296875e+01 2.086909294128417969e+01 2.152318954467773438e+01 1.097553062438964844e+01 1.240085315704345703e+01 1.542005252838134766e+01 1.568855762481689453e+01 1.587526416778564453e+01 1.253649616241455078e+01 8.523311614990234375e+00 1.637759590148925781e+01 1.071636104583740234e+01 1.082510948181152344e+01 1.213689327239990234e+01 1.036352252960205078e+01 1.615237998962402344e+01 8.075842857360839844e+00 1.129135990142822266e+01 1.430708312988281250e+01 1.175641059875488281e+01 8.586425781250000000e+00 9.557731628417968750e+00 6.283997535705566406e+00 1.243409919738769531e+01 8.778580665588378906e+00 1.115075016021728516e+01 1.108708381652832031e+01 1.148397350311279297e+01 7.410791873931884766e+00 1.091981697082519531e+01
2.289108848571777344e+01 1.136037635803222656e+01 1.679461479187011719e+01 1.925444984436035156e+01 1.850906944274902344e+01 2.082189178466796875e+01 1.373962306976318359e+01 1.946706390380859375e+01 1.357207202911376953e+01 1.906175231933593750e+01 1.545498085021972656e+01 1.441642093658447266e+01 1.254369068145751953e+01 1.641882324218750000e+01 2.404754257202148438e+01 1.759634399414062500e+01 1.494938373565673828e+01 1.829505538940429688e+01 2.327192878723144531e+01 2.432791137695312500e+01 3.451058578491210938e+01 2.135117721557617188e+01 2.897033309936523438e+01 3.376802444458007812e+01 3.106347656250000000e+01 3.866712188720703125e+01 3.404571914672851562e+01 4.585651779174804688e+01 5.502989196777343750e+01 3.680850982666015625e+01 4.168478012084960938e+01 4.812419509887695312e+01 5.114442443847656250e+01 3.921963119506835938e+01 5.180511856079101562e+01 5.192232894897460938e+01 3.867195129394531250e+01 5.636982727050781250e+01 7.328298187255859375e+01 4.556867218017578125e+01 5.657311630249023438e+01 7.636048126220703125e+01 7.081894683837890625e+01 5.993354034423828125e+01 7.165727233886718750e+01 7.877898406982421875e+01 9.344230651855468750e+01 6.582794189453125000e+01 1.019855575561523438e+02 1.102081832885742188e+02 1.098245162963867188e+02 1.288451843261718750e+02 1.874924926757812500e+02 2.120383758544921875e+02 2.851837768554687500e+02 4.628565063476562500e+02 2.301488769531250000e+03 6.693316650390625000e+02 3.013129882812500000e+02 2.198783569335937500e+02 1.651220092773437500e+02 1.374250488281250000e+02 1.168748779296875000e+02 1.001967315673828125e+02 9.541275787353515625e+01 8.154502105712890625e+01 8.331455230712890625e+01 7.579255676269531250e+01 7.328945159912109375e+01 7.385987854003906250e+01 7.424311065673828125e+01 6.061402511596679688e+01 4.968925094604492188e+01 6.189104461669921875e+01 5.142402267456054688e+01 3.951800155639648438e+01 5.650736999511718750e+01 4.146586227416992188e+01 6.045537185668945312e+01 4.210866546630859375e+01 4.873476028442382812e+01 5.648998260498046875e+01 4.375651168823242188e+01 2.684672546386718750e+01 2.358324623107910156e+01 3.173785400390625000e+01 3.800958251953125000e+01 2.722664642333984375e+01 3.032116889953613281e+01 2.833724975585937500e+01 4.195738220214843750e+01 4.111292648315429688e+01 4.551383590698242188e+01 3.764982986450195312e+01 4.355632781982421875e+01 3.034670257568359375e+01 2.316626167297363281e+01 1.708475875854492188e+01 2.109166336059570312e+01 1.941504478454589844e+01 2.085221672058105469e+01 1.668412399291992188e+01 1.948155212402343750e+01 9.611990928649902344e+00 7.562370300292968750e+00 1.124653720855712891e+01 1.907004356384277344e+01 1.601443672180175781e+01 1.701527214050292969e+01 1.343674564361572266e+01 1.461659622192382812e+01 1.365285873413085938e+01 1.220377635955810547e+01 1.082896709442138672e+01 1.056936359405517578e+01 1.036721515655517578e+01 1.226286983489990234e+01 1.154102897644042969e+01 1.210219669342041016e+01 1.192681694030761719e+01 1.092055702209472656e+01 6.693105220794677734e+00 1.024407577514648438e+01 8.419066429138183594e+00 7.403886318206787109e+00 7.237671852111816406e+00 8.274107933044433594e+00 9.140961647033691406e+00 1.007070732116699219e+01 5.957222461700439453e+00 8.511980056762695312e+00
1.905387306213378906e+01 1.352941894531250000e+01 1.100596141815185547e+01 1.734969139099121094e+01 1.653226089477539062e+01 1.535078811645507812e+01 1.641343879699707031e+01 1.339515304565429688e+01 2.101241302490234375e+01 1.147672939300537109e+01 1.519209575653076172e+01 2.029058265686035156e+01 1.618355178833007812e+01 1.804490470886230469e+01 1.120366382598876953e+01 2.043212318420410156e+01 1.714428138732910156e+01 1.847255325317382812e+01 2.301905441284179688e+01 3.380165863037109375e+01 3.901210403442382812e+01 2.504249954223632812e+01 3.648686599731445312e+01 4.400671768188476562e+01 3.904969024658203125e+01 2.632943153381347656e+01 3.324048614501953125e+01 4.550994110107421875e+01 4.872423934936523438e+01 5.144686126708984375e+01 3.861174774169921875e+01 4.049258041381835938e+01 5.414173889160156250e+01 4.497793579101562500e+01 4.376274871826171875e+01 4.077583694458007812e+01 5.131910324096679688e+01 5.803461837768554688e+01 6.036857986450195312e+01 5.511707305908203125e+01 6.487929534912109375e+01 6.463639068603515625e+01 6.006653594970703125e+01 5.848922348022460938e+01 6.800949096679687500e+01 7.730263519287109375e+01 5.774246597290039062e+01 5.968021774291992188e+01 8.545085144042968750e+01 1.039199829101562500e+02 1.093769073486328125e+02 1.283529968261718750e+02 1.471453704833984375e+02 1.532657623291015625e+02 2.218645782470703125e+02 2.755549316406250000e+02 6.693316650390625000e+02 2.067494140625000000e+03 6.766575317382812500e+02 2.823978576660156250e+02 2.134666137695312500e+02 1.551395263671875000e+02 1.268174209594726562e+02 9.956818389892578125e+01 1.066859054565429688e+02 8.810044097900390625e+01 7.780252075195312500e+01 8.647709655761718750e+01 7.958480072021484375e+01 6.577026367187500000e+01 6.558360290527343750e+01 4.887667846679687500e+01 5.284037780761718750e+01 6.197333526611328125e+01 5.971137237548828125e+01 3.399008560180664062e+01 4.945560073852539062e+01 4.628923034667968750e+01 4.358711242675781250e+01 3.874521636962890625e+01 3.798779678344726562e+01 5.379381561279296875e+01 3.633791351318359375e+01 4.499845123291015625e+01 3.326631546020507812e+01 3.260624313354492188e+01 3.109790229797363281e+01 2.536959457397460938e+01 2.311613082885742188e+01 3.344248199462890625e+01 3.608823776245117188e+01 3.662482833862304688e+01 3.971455001831054688e+01 3.833118057250976562e+01 3.059520339965820312e+01 3.463494491577148438e+01 2.129986763000488281e+01 1.910334777832031250e+01 1.345966529846191406e+01 1.518109035491943359e+01 2.241916847229003906e+01 2.092750549316406250e+01 1.427397346496582031e+01 1.433021450042724609e+01 1.589993572235107422e+01 1.231151390075683594e+01 1.640245819091796875e+01 1.033071041107177734e+01 1.184747505187988281e+01 7.945551872253417969e+00 7.857484817504882812e+00 1.258183765411376953e+01 9.879217147827148438e+00 1.530185508728027344e+01 1.118877983093261719e+01 7.006223678588867188e+00 1.054749679565429688e+01 8.272191047668457031e+00 1.214418125152587891e+01 8.792959213256835938e+00 7.947881698608398438e+00 7.196062564849853516e+00 1.121412467956542969e+01 1.231034278869628906e+01 8.915486335754394531e+00 1.307300567626953125e+01 1.265190505981445312e+01 1.022097969055175781e+01 6.737096309661865234e+00 1.024781036376953125e+01 1.098194122314453125e+01
2.341974067687988281e+01 1.478173542022705078e+01 1.860070800781250000e+01 1.550914573669433594e+01 8.278658866882324219e+00 1.257877159118652344e+01 1.533246612548828125e+01 1.989451026916503906e+01 1.291352367401123047e+01 2.216723823547363281e+01 1.244873523712158203e+01 9.698819160461425781e+00 2.210192871093750000e+01 1.639360618591308594e+01 1.906724929809570312e+01 1.674252891540527344e+01 2.333037757873535156e+01 2.775082588195800781e+01 2.829347419738769531e+01 3.561148071289062500e+01 3.752691650390625000e+01 1.436426067352294922e+01 4.156570053100585938e+01 3.029045677185058594e+01 2.778788375854492188e+01 3.406565093994140625e+01 3.988418579101562500e+01 5.220857620239257812e+01 7.015517425537109375e+01 4.702091598510742188e+01 5.423881912231445312e+01 4.202864074707031250e+01 3.951251220703125000e+01 2.764192962646484375e+01 4.987821578979492188e+01 6.324530029296875000e+01 4.438821792602539062e+01 5.869109344482421875e+01 4.910360336303710938e+01 5.720790481567382812e+01 6.670998382568359375e+01 6.663272094726562500e+01 6.031162643432617188e+01 6.092459869384765625e+01 7.923890686035156250e+01 7.741979980468750000e+01 6.905496215820312500e+01 8.652117919921875000e+01 7.714625549316406250e+01 7.767453765869140625e+01 8.991682434082031250e+01 1.177449798583984375e+02 1.086994094848632812e+02 1.441821441650390625e+02 1.803891906738281250e+02 2.293137969970703125e+02 3.013129882812500000e+02 6.766575317382812500e+02 2.243964599609375000e+03 6.479283447265625000e+02 2.750745849609375000e+02 1.984702301025390625e+02 1.549250030517578125e+02 1.378088836669921875e+02 1.140608215332031250e+02 9.777382659912109375e+01 9.311305999755859375e+01 8.339821624755859375e+01 7.360734558105468750e+01 6.522349548339843750e+01 9.333900451660156250e+01 6.207845687866210938e+01 6.303761291503906250e+01 5.761838531494140625e+01 6.252014160156250000e+01 4.669342422485351562e+01 4.821077728271484375e+01 4.570303344726562500e+01 4.981474685668945312e+01 4.555245208740234375e+01 3.381148147583007812e+01 5.118947982788085938e+01 3.509323883056640625e+01 3.129329109191894531e+01 2.293757438659667969e+01 3.168910980224609375e+01 2.744247817993164062e+01 2.718483161926269531e+01 2.404159545898437500e+01 3.553165817260742188e+01 2.609249114990234375e+01 3.880756759643554688e+01 3.835421752929687500e+01 3.005555343627929688e+01 3.376826477050781250e+01 2.652972030639648438e+01 3.293659210205078125e+01 1.866402816772460938e+01 1.582442378997802734e+01 1.959255599975585938e+01 1.180977249145507812e+01 1.763841056823730469e+01 1.678180122375488281e+01 1.490393161773681641e+01 1.954313278198242188e+01 1.188980960845947266e+01 2.150485420227050781e+01 1.269781494140625000e+01 1.370552444458007812e+01 9.766138076782226562e+00 1.062368106842041016e+01 1.443376636505126953e+01 1.214287090301513672e+01 1.308383464813232422e+01 1.633108901977539062e+01 1.096019268035888672e+01 1.143906593322753906e+01 1.525143146514892578e+01 1.279441070556640625e+01 1.350964260101318359e+01 7.104728698730468750e+00 1.061390018463134766e+01 1.083000946044921875e+01 1.246086120605468750e+01 1.174105358123779297e+01 1.147747135162353516e+01 8.747364997863769531e+00 8.697421073913574219e+00 1.419563293457031250e+01 1.574489974975585938e+01 6.749132156372070312e+00
1.359481525421142578e+01 1.251334667205810547e+01 1.472377967834472656e+01 1.125353908538818359e+01 1.383441829681396484e+01 2.053629112243652344e+01 1.717596244812011719e+01 1.659263229370117188e+01 1.665802383422851562e+01 2.047143173217773438e+01 1.957125091552734375e+01 1.608577919006347656e+01 1.282984542846679688e+01 1.865930938720703125e+01 1.639742088317871094e+01 1.349832248687744141e+01 2.111533927917480469e+01 2.115316390991210938e+01 2.499296379089355469e+01 2.679696273803710938e+01 2.622126960754394531e+01 1.389707088470458984e+01 4.550508880615234375e+01 3.139850997924804688e+01 2.688409805297851562e+01 4.284498977661132812e+01 3.482239151000976562e+01 3.066710090637207031e+01 5.628527069091796875e+01 4.078556060791015625e+01 4.482216644287109375e+01 3.852159118652343750e+01 5.231116485595703125e+01 4.114290618896484375e+01 5.204073333740234375e+01 4.502534103393554688e+01 3.729392242431640625e+01 4.892004776000976562e+01 6.017494583129882812e+01 4.369519805908203125e+01 5.786369705200195312e+01 7.314357757568359375e+01 7.344054412841796875e+01 7.191053009033203125e+01 6.739490509033203125e+01 8.171101379394531250e+01 6.680899047851562500e+01 7.642824554443359375e+01 8.183105468750000000e+01 8.266303253173828125e+01 1.021948699951171875e+02 1.034917602539062500e+02 1.148850631713867188e+02 1.109832458496093750e+02 1.540383148193359375e+02 1.624464874267578125e+02 2.198783569335937500e+02 2.823978576660156250e+02 6.479283447265625000e+02 1.952815673828125000e+03 6.468955688476562500e+02 3.074751586914062500e+02 2.170130767822265625e+02 1.542212219238281250e+02 1.171072463989257812e+02 1.230736389160156250e+02 1.046929244995117188e+02 8.859609985351562500e+01 8.526856231689453125e+01 7.198976135253906250e+01 7.491061401367187500e+01 7.168379211425781250e+01 6.653165435791015625e+01 5.196509933471679688e+01 5.961008834838867188e+01 5.230760192871093750e+01 4.055891036987304688e+01 5.684987258911132812e+01 6.183451461791992188e+01 5.108216094970703125e+01 5.140423202514648438e+01 4.746104812622070312e+01 3.549511718750000000e+01 3.661222457885742188e+01 2.315639114379882812e+01 2.705156326293945312e+01 2.370529174804687500e+01 2.398001289367675781e+01 2.678384590148925781e+01 3.100581550598144531e+01 3.660358047485351562e+01 3.228902053833007812e+01 3.913077163696289062e+01 4.086639404296875000e+01 3.341247177124023438e+01 3.820183181762695312e+01 1.797532272338867188e+01 2.329934310913085938e+01 1.739743614196777344e+01 2.437112426757812500e+01 1.294908809661865234e+01 1.706473159790039062e+01 1.771198081970214844e+01 1.376377105712890625e+01 1.976693534851074219e+01 1.673178291320800781e+01 1.170304870605468750e+01 1.146583747863769531e+01 1.740343475341796875e+01 1.202536392211914062e+01 7.475019931793212891e+00 1.097196292877197266e+01 1.468491268157958984e+01 1.186714744567871094e+01 1.247362899780273438e+01 1.439076042175292969e+01 1.549382305145263672e+01 1.082061767578125000e+01 7.220662593841552734e+00 7.842149734497070312e+00 9.451270103454589844e+00 9.412964820861816406e+00 1.238281822204589844e+01 1.119446563720703125e+01 1.060190391540527344e+01 7.402781963348388672e+00 1.128381633758544922e+01 2.804847478866577148e+00 1.030044651031494141e+01 1.117072391510009766e+01 5.441350460052490234e+00
1.747267723083496094e+01 1.258648014068603516e+01 1.480983161926269531e+01 1.697896575927734375e+01 1.318288993835449219e+01 2.371650886535644531e+01 1.727634620666503906e+01 1.468685340881347656e+01 2.443493080139160156e+01 8.824746131896972656e+00 2.195705413818359375e+01 1.078652667999267578e+01 2.007417678833007812e+01 1.313785362243652344e+01 2.680153656005859375e+01 1.719780158996582031e+01 1.464741230010986328e+01 2.045845413208007812e+01 2.873032379150390625e+01 3.369197082519531250e+01 3.043213653564453125e+01 2.196588706970214844e+01 4.044882583618164062e+01 2.737108039855957031e+01 3.072866058349609375e+01 3.978036499023437500e+01 4.733230972290039062e+01 3.810429382324218750e+01 4.662347793579101562e+01 5.838020706176757812e+01 6.047870635986328125e+01 5.596749877929687500e+01 4.249826049804687500e+01 4.759086990356445312e+01 3.806900787353515625e+01 6.619086456298828125e+01 6.024635696411132812e+01 5.272066879272460938e+01 4.884605407714843750e+01 4.834563064575195312e+01 5.447098922729492188e+01 7.481803131103515625e+01 6.678636169433593750e+01 4.743003845214843750e+01 6.948351287841796875e+01 6.734896850585937500e+01 6.439947509765625000e+01 6.040172958374023438e+01 8.864080047607421875e+01 8.314615631103515625e+01 9.174835968017578125e+01 8.911868286132812500e+01 9.333409881591796875e+01 1.157284622192382812e+02 1.293901977539062500e+02 1.503242187500000000e+02 1.651220092773437500e+02 2.134666137695312500e+02 2.750745849609375000e+02 6.468955688476562500e+02 2.141466308593750000e+03 5.314431762695312500e+02 3.144731750488281250e+02 1.981565551757812500e+02 1.585657043457031250e+02 1.197006072998046875e+02 1.224474411010742188e+02 1.098010482788085938e+02 8.482441711425781250e+01 6.794071960449218750e+01 8.979880523681640625e+01 7.015401458740234375e+01 6.320269012451171875e+01 5.892119979858398438e+01 7.230287170410156250e+01 5.978785324096679688e+01 3.773625946044921875e+01 4.992090606689453125e+01 5.670803070068359375e+01 5.843296051025390625e+01 5.483827590942382812e+01 4.358726119995117188e+01 4.812084960937500000e+01 4.532455825805664062e+01 2.814417076110839844e+01 2.358171081542968750e+01 3.433512496948242188e+01 2.412016296386718750e+01 2.552246856689453125e+01 3.050904846191406250e+01 4.316535186767578125e+01 3.549891662597656250e+01 3.732363510131835938e+01 4.821960449218750000e+01 4.107613754272460938e+01 3.362196350097656250e+01 2.383322715759277344e+01 1.464719676971435547e+01 1.679914855957031250e+01 1.271073436737060547e+01 1.532325744628906250e+01 1.287334918975830078e+01 2.004243278503417969e+01 1.450346088409423828e+01 1.469573211669921875e+01 1.893326568603515625e+01 1.438732337951660156e+01 2.306569671630859375e+01 1.167009830474853516e+01 2.159936714172363281e+01 1.033822250366210938e+01 1.404592990875244141e+01 8.862442970275878906e+00 8.753436088562011719e+00 1.672870635986328125e+01 1.066569042205810547e+01 1.410014915466308594e+01 1.187329959869384766e+01 1.141307163238525391e+01 1.139375209808349609e+01 5.185368061065673828e+00 7.746527671813964844e+00 1.053900623321533203e+01 7.795309543609619141e+00 1.142557048797607422e+01 8.190651893615722656e+00 5.674881935119628906e+00 1.034454727172851562e+01 1.496537780761718750e+01 1.021455478668212891e+01 1.313556480407714844e+01
1.490316295623779297e+01 1.984155082702636719e+01 2.017597007751464844e+01 1.272208309173583984e+01 1.346964740753173828e+01 1.407042312622070312e+01 1.733119583129882812e+01 1.473348236083984375e+01 1.369587802886962891e+01 2.644899940490722656e+01 1.299663543701171875e+01 1.818490982055664062e+01 1.582264423370361328e+01 2.301194000244140625e+01 1.137511253356933594e+01 1.775685882568359375e+01 1.975515365600585938e+01 1.505049800872802734e+01 3.375856018066406250e+01 3.186757087707519531e+01 3.233786392211914062e+01 3.427764129638671875e+01 3.654325103759765625e+01 4.001355361938476562e+01 2.109883499145507812e+01 3.251654052734375000e+01 3.598124694824218750e+01 3.337126922607421875e+01 4.899871826171875000e+01 5.223414611816406250e+01 4.179538345336914062e+01 3.826990509033203125e+01 4.962593078613281250e+01 5.327726745605468750e+01 5.017724609375000000e+01 4.840931701660156250e+01 4.738715744018554688e+01 6.248625183105468750e+01 7.160794067382812500e+01 5.568417739868164062e+01 6.312746047973632812e+01 5.045402145385742188e+01 4.962844467163085938e+01 5.960794830322265625e+01 6.960966491699218750e+01 5.598423385620117188e+01 8.353778076171875000e+01 4.488407135009765625e+01 6.654043579101562500e+01 7.002332305908203125e+01 7.812007141113281250e+01 9.274062347412109375e+01 9.263962554931640625e+01 9.417807769775390625e+01 9.801674652099609375e+01 1.190592803955078125e+02 1.374250488281250000e+02 1.551395263671875000e+02 1.984702301025390625e+02 3.074751586914062500e+02 5.314431762695312500e+02 2.481047607421875000e+03 6.577479858398437500e+02 2.675017089843750000e+02 2.221918029785156250e+02 1.618180694580078125e+02 1.381224822998046875e+02 1.160917053222656250e+02 9.591428375244140625e+01 7.343755340576171875e+01 1.075714569091796875e+02 8.601602935791015625e+01 7.749298095703125000e+01 5.126953887939453125e+01 7.675856781005859375e+01 5.864483642578125000e+01 6.252503585815429688e+01 5.007939910888671875e+01 5.382957458496093750e+01 5.805699920654296875e+01 4.610561370849609375e+01 5.344245910644531250e+01 4.758153533935546875e+01 4.167942047119140625e+01 2.855804824829101562e+01 3.224978256225585938e+01 3.040439033508300781e+01 2.671181488037109375e+01 3.042391014099121094e+01 2.244433403015136719e+01 3.735893249511718750e+01 2.592997550964355469e+01 3.577803802490234375e+01 4.070707702636718750e+01 3.754374313354492188e+01 3.459869766235351562e+01 3.022963714599609375e+01 1.939568328857421875e+01 2.231393814086914062e+01 2.337699699401855469e+01 1.033333778381347656e+01 1.929161262512207031e+01 1.820302200317382812e+01 1.939934349060058594e+01 1.377883529663085938e+01 2.063478088378906250e+01 1.764033508300781250e+01 2.020065116882324219e+01 2.248516082763671875e+01 1.059321594238281250e+01 5.761691570281982422e+00 1.599162673950195312e+01 1.086626434326171875e+01 1.561107063293457031e+01 1.230666732788085938e+01 1.214314365386962891e+01 1.273869609832763672e+01 2.426313877105712891e+00 7.632871150970458984e+00 1.289530181884765625e+01 6.357793331146240234e+00 5.276687622070312500e+00 1.057246685028076172e+01 9.557849884033203125e+00 7.471425056457519531e+00 9.129617691040039062e+00 9.277317047119140625e+00 1.153043365478515625e+01 1.270321559906005859e+01 6.262046337127685547e+00 1.207916259765625000e+01
1.364955234527587891e+01 1.534569835662841797e+01 2.069628715515136719e+01 1.186379241943359375e+01 1.447496795654296875e+01 1.099678707122802734e+01 1.340415954589843750e+01 1.859193420410156250e+01 2.069730377197265625e+01 2.026022911071777344e+01 1.768504714965820312e+01 1.695807266235351562e+01 1.803410339355468750e+01 1.601794433593750000e+01 2.037350845336914062e+01 1.788952636718750000e+01 2.302797317504882812e+01 2.132001876831054688e+01 2.796143150329589844e+01 3.026796340942382812e+01 3.827518081665039062e+01 3.229128646850585938e+01 2.773174095153808594e+01 3.120968055725097656e+01 2.981426811218261719e+01 4.616108322143554688e+01 4.847517013549804688e+01 3.749205398559570312e+01 4.338118743896484375e+01 4.961222839355468750e+01 5.038099670410156250e+01 4.737894821166992188e+01 5.181475830078125000e+01 4.833101654052734375e+01 5.814029693603515625e+01 3.964273452758789062e+01 4.697529602050781250e+01 5.367787933349609375e+01 6.582298278808593750e+01 6.580669403076171875e+01 6.569393157958984375e+01 5.825257873535156250e+01 6.272630691528320312e+01 6.178431701660156250e+01 7.460205078125000000e+01 6.768300628662109375e+01 7.546273040771484375e+01 6.577368927001953125e+01 7.150675201416015625e+01 8.827742004394531250e+01 7.708195495605468750e+01 8.208020019531250000e+01 8.784165191650390625e+01 7.636540222167968750e+01 1.043945007324218750e+02 1.165935897827148438e+02 1.168748779296875000e+02 1.268174209594726562e+02 1.549250030517578125e+02 2.170130767822265625e+02 3.144731750488281250e+02 6.577479858398437500e+02 2.172867187500000000e+03 5.906978759765625000e+02 2.882940673828125000e+02 2.123143005371093750e+02 1.441045837402343750e+02 1.315230865478515625e+02 1.134592666625976562e+02 1.027976760864257812e+02 9.921832275390625000e+01 8.053128814697265625e+01 7.347948455810546875e+01 7.854608154296875000e+01 6.970776367187500000e+01 6.015721893310546875e+01 6.047248840332031250e+01 6.034041213989257812e+01 5.751852035522460938e+01 6.878603363037109375e+01 6.052586364746093750e+01 5.407482147216796875e+01 3.904688644409179688e+01 3.944591903686523438e+01 3.487443923950195312e+01 2.688887786865234375e+01 2.142066383361816406e+01 2.516389274597167969e+01 2.611324310302734375e+01 3.898099136352539062e+01 3.535695648193359375e+01 3.528396606445312500e+01 3.779807662963867188e+01 4.189889907836914062e+01 3.153417968750000000e+01 2.696881294250488281e+01 1.771955871582031250e+01 1.526403236389160156e+01 2.263785743713378906e+01 1.386590766906738281e+01 1.720750427246093750e+01 1.991762351989746094e+01 1.867245864868164062e+01 1.895203018188476562e+01 1.708526802062988281e+01 1.606418609619140625e+01 1.645023727416992188e+01 1.184091663360595703e+01 1.048410415649414062e+01 2.173280715942382812e+01 9.287581443786621094e+00 9.013204574584960938e+00 1.326963520050048828e+01 1.215322685241699219e+01 1.277432918548583984e+01 1.505706787109375000e+01 1.000041770935058594e+01 8.888877868652343750e+00 6.524761676788330078e+00 7.873724460601806641e+00 9.316791534423828125e+00 1.005228233337402344e+01 6.885789871215820312e+00 7.003097057342529297e+00 9.580131530761718750e+00 6.689329147338867188e+00 7.647242546081542969e+00 1.013810634613037109e+01 8.273534774780273438e+00 3.670593023300170898e+00 1.081725215911865234e+01
2.067687988281250000e+01 1.136095809936523438e+01 1.839504241943359375e+01 1.558773231506347656e+01 1.210270309448242188e+01 1.710457229614257812e+01 8.396865844726562500e+00 1.622338294982910156e+01 1.900187301635742188e+01 1.525018215179443359e+01 2.943956375122070312e+01 2.490236282348632812e+01 2.439175796508789062e+01 3.010271453857421875e+01 2.004064369201660156e+01 1.759724426269531250e+01 1.566206073760986328e+01 3.022815895080566406e+01 3.258236694335937500e+01 3.368652343750000000e+01 3.254021453857421875e+01 3.299896240234375000e+01 3.724947357177734375e+01 3.376975250244140625e+01 4.062354660034179688e+01 3.544667434692382812e+01 5.245149612426757812e+01 4.056745529174804688e+01 4.693966293334960938e+01 4.908052444458007812e+01 4.596249389648437500e+01 4.708042526245117188e+01 4.524546051025390625e+01 6.235234832763671875e+01 4.255638122558593750e+01 3.725053024291992188e+01 4.198883438110351562e+01 5.295618438720703125e+01 5.264257812500000000e+01 5.269147109985351562e+01 6.165334320068359375e+01 4.242465972900390625e+01 7.967539215087890625e+01 4.495245361328125000e+01 6.095298004150390625e+01 6.546757507324218750e+01 6.713674163818359375e+01 5.871440887451171875e+01 7.649308013916015625e+01 8.572186279296875000e+01 7.762430572509765625e+01 8.517320251464843750e+01 8.035803222656250000e+01 9.855808258056640625e+01 1.033443527221679688e+02 1.052825469970703125e+02 1.001967315673828125e+02 9.956818389892578125e+01 1.378088836669921875e+02 1.542212219238281250e+02 1.981565551757812500e+02 2.675017089843750000e+02 5.906978759765625000e+02 2.013765502929687500e+03 5.167232055664062500e+02 2.844276733398437500e+02 1.833013763427734375e+02 1.531397399902343750e+02 1.392570800781250000e+02 1.077540359497070312e+02 6.521687316894531250e+01 1.079742584228515625e+02 7.227896881103515625e+01 7.944629669189453125e+01 8.142552947998046875e+01 6.741651153564453125e+01 6.741574859619140625e+01 6.264312744140625000e+01 6.312574768066406250e+01 5.973860168457031250e+01 5.787548828125000000e+01 5.245766448974609375e+01 3.319629287719726562e+01 4.543524551391601562e+01 3.207485580444335938e+01 2.997617340087890625e+01 2.503198051452636719e+01 2.269003295898437500e+01 2.136373519897460938e+01 2.702062034606933594e+01 3.332080078125000000e+01 4.184922409057617188e+01 3.628099822998046875e+01 4.840939712524414062e+01 3.049098777770996094e+01 2.743015289306640625e+01 3.355285263061523438e+01 2.733701324462890625e+01 1.905150985717773438e+01 1.676839637756347656e+01 1.489520263671875000e+01 1.877059936523437500e+01 1.587466907501220703e+01 1.473913955688476562e+01 2.184796524047851562e+01 1.635943603515625000e+01 1.398541355133056641e+01 1.601525497436523438e+01 2.754994392395019531e+01 1.343743324279785156e+01 1.553092861175537109e+01 1.462881088256835938e+01 1.435811805725097656e+01 2.165904235839843750e+01 7.317625999450683594e+00 1.999493598937988281e+01 1.442764377593994141e+01 1.154161930084228516e+01 1.613708686828613281e+01 1.703918266296386719e+01 1.176120090484619141e+01 1.087685203552246094e+01 1.024459934234619141e+01 1.262924575805664062e+01 1.036597156524658203e+01 9.409454345703125000e+00 5.516354084014892578e+00 1.005557250976562500e+01 1.342829608917236328e+01 1.092213249206542969e+01 1.383267498016357422e+01
1.225734424591064453e+01 1.912125205993652344e+01 1.930943870544433594e+01 9.685204505920410156e+00 1.396540546417236328e+01 1.683264541625976562e+01 1.958169174194335938e+01 1.615705108642578125e+01 1.587255382537841797e+01 1.797801780700683594e+01 1.887978553771972656e+01 1.483286285400390625e+01 1.629984474182128906e+01 1.789418029785156250e+01 2.192433357238769531e+01 1.858743476867675781e+01 2.470761299133300781e+01 1.680478096008300781e+01 3.336221694946289062e+01 2.612174224853515625e+01 3.422244644165039062e+01 3.075511741638183594e+01 4.215587997436523438e+01 4.400839233398437500e+01 4.056562423706054688e+01 4.133124542236328125e+01 3.887924194335937500e+01 5.722227859497070312e+01 6.716629791259765625e+01 4.397335052490234375e+01 6.290373992919921875e+01 4.578282546997070312e+01 4.897876739501953125e+01 5.235485458374023438e+01 5.095378494262695312e+01 6.217103958129882812e+01 4.501847076416015625e+01 6.057585906982421875e+01 6.074468994140625000e+01 5.909463119506835938e+01 5.965007019042968750e+01 5.944432830810546875e+01 5.566050720214843750e+01 6.870093536376953125e+01 7.457464599609375000e+01 6.530036163330078125e+01 7.050379943847656250e+01 5.772260665893554688e+01 7.363301849365234375e+01 7.637842559814453125e+01 7.227275085449218750e+01 7.249996185302734375e+01 7.953401947021484375e+01 8.787992095947265625e+01 9.247731781005859375e+01 9.244403839111328125e+01 9.541275787353515625e+01 1.066859054565429688e+02 1.140608215332031250e+02 1.171072463989257812e+02 1.585657043457031250e+02 2.221918029785156250e+02 2.882940673828125000e+02 5.167232055664062500e+02 2.049515136718750000e+03 6.152709350585937500e+02 2.963505249023437500e+02 2.083232116699218750e+02 1.299505920410156250e+02 1.265365295410156250e+02 1.135493469238281250e+02 1.014729919433593750e+02 9.747757720947265625e+01 7.388015747070312500e+01 7.307388305664062500e+01 4.911035156250000000e+01 7.853955841064453125e+01 7.655255126953125000e+01 6.506787872314453125e+01 6.280451583862304688e+01 4.136759948730468750e+01 5.023382949829101562e+01 4.439952087402343750e+01 3.999322128295898438e+01 3.629967117309570312e+01 2.195118331909179688e+01 3.007783889770507812e+01 2.282551574707031250e+01 3.119704627990722656e+01 2.734770393371582031e+01 3.724417877197265625e+01 3.655975341796875000e+01 4.130868530273437500e+01 5.159716796875000000e+01 4.546184539794921875e+01 3.874893569946289062e+01 2.169848442077636719e+01 2.062518119812011719e+01 2.310099220275878906e+01 1.331725311279296875e+01 1.404763317108154297e+01 2.412786674499511719e+01 1.633239936828613281e+01 1.982325172424316406e+01 1.584982204437255859e+01 1.851425933837890625e+01 2.494036102294921875e+01 1.208316230773925781e+01 1.406100559234619141e+01 1.837557983398437500e+01 2.136765861511230469e+01 1.398035240173339844e+01 1.354111003875732422e+01 1.283957386016845703e+01 1.226886653900146484e+01 1.173335742950439453e+01 7.619740962982177734e+00 7.982242584228515625e+00 1.445790958404541016e+01 1.285569286346435547e+01 1.077505016326904297e+01 8.837606430053710938e+00 7.729327678680419922e+00 1.206942272186279297e+01 8.379535675048828125e+00 8.737512588500976562e+00 6.242953777313232422e+00 1.379401969909667969e+01 6.754238605499267578e+00 4.494824886322021484e+00 9.633648872375488281e+00
1.736289024353027344e+01 1.608093643188476562e+01 1.144638156890869141e+01 1.593493080139160156e+01 1.965008544921875000e+01 1.520483207702636719e+01 1.950885581970214844e+01 1.857490730285644531e+01 1.387508392333984375e+01 1.753859519958496094e+01 2.257147216796875000e+01 1.071875095367431641e+01 2.208533477783203125e+01 1.585286903381347656e+01 1.638961982727050781e+01 2.338596343994140625e+01 2.765521621704101562e+01 2.927506446838378906e+01 3.330810165405273438e+01 3.635000991821289062e+01 4.132925796508789062e+01 2.579656982421875000e+01 3.702140808105468750e+01 3.452193450927734375e+01 3.419984817504882812e+01 3.129490661621093750e+01 4.327210998535156250e+01 6.130503082275390625e+01 5.791315841674804688e+01 5.958131027221679688e+01 4.370814132690429688e+01 4.064234161376953125e+01 4.223122787475585938e+01 3.803908920288085938e+01 5.390747070312500000e+01 3.692629623413085938e+01 5.309032058715820312e+01 5.151625061035156250e+01 5.909112548828125000e+01 5.386511230468750000e+01 6.747554016113281250e+01 7.434792327880859375e+01 6.536116027832031250e+01 5.538011932373046875e+01 5.725842285156250000e+01 6.352278137207031250e+01 5.657513809204101562e+01 5.820334625244140625e+01 6.381584167480468750e+01 8.262371826171875000e+01 8.104166412353515625e+01 7.218651580810546875e+01 6.448169708251953125e+01 7.429287719726562500e+01 7.452563476562500000e+01 8.907111358642578125e+01 8.154502105712890625e+01 8.810044097900390625e+01 9.777382659912109375e+01 1.230736389160156250e+02 1.197006072998046875e+02 1.618180694580078125e+02 2.123143005371093750e+02 2.844276733398437500e+02 6.152709350585937500e+02 2.277304199218750000e+03 5.950056762695312500e+02 3.004509277343750000e+02 1.929337310791015625e+02 1.412460174560546875e+02 1.210307922363281250e+02 1.065063018798828125e+02 8.959028625488281250e+01 8.877083587646484375e+01 8.061058044433593750e+01 6.416516113281250000e+01 5.574197769165039062e+01 7.756767272949218750e+01 6.453179931640625000e+01 6.207034301757812500e+01 4.048104095458984375e+01 5.362609863281250000e+01 4.164836120605468750e+01 4.574351501464843750e+01 3.857563018798828125e+01 2.884127616882324219e+01 2.843281936645507812e+01 2.551496887207031250e+01 3.170262527465820312e+01 3.638081741333007812e+01 2.649343299865722656e+01 2.401761054992675781e+01 4.248389816284179688e+01 4.320351409912109375e+01 3.413872528076171875e+01 3.162084579467773438e+01 3.021684646606445312e+01 2.561708641052246094e+01 1.530246162414550781e+01 9.924253463745117188e+00 1.065888309478759766e+01 1.918869209289550781e+01 1.770355606079101562e+01 1.572254276275634766e+01 1.975753211975097656e+01 1.358810710906982422e+01 1.819608306884765625e+01 1.882777214050292969e+01 1.988017845153808594e+01 1.116109752655029297e+01 1.587686157226562500e+01 1.495465087890625000e+01 1.614572143554687500e+01 1.581533622741699219e+01 7.480617523193359375e+00 1.286981868743896484e+01 1.106175231933593750e+01 2.261416625976562500e+01 8.248260498046875000e+00 1.219309711456298828e+01 5.152786254882812500e+00 5.987219333648681641e+00 1.237692832946777344e+01 5.164218902587890625e+00 6.055349349975585938e+00 8.139186859130859375e+00 1.033857822418212891e+01 8.410539627075195312e+00 4.575798511505126953e+00 1.218044757843017578e+01 1.196527671813964844e+01
1.626319694519042969e+01 1.603870582580566406e+01 1.859229469299316406e+01 2.019356536865234375e+01 1.219461059570312500e+01 2.183745765686035156e+01 1.867931747436523438e+01 2.223135185241699219e+01 1.660637474060058594e+01 2.099104309082031250e+01 2.251219558715820312e+01 1.443231296539306641e+01 1.705342102050781250e+01 1.562522220611572266e+01 1.838990211486816406e+01 2.368338775634765625e+01 2.525984573364257812e+01 2.043872833251953125e+01 3.132230567932128906e+01 2.862201118469238281e+01 3.740026092529296875e+01 3.562452697753906250e+01 2.658541297912597656e+01 4.382162094116210938e+01 4.093204116821289062e+01 2.759861755371093750e+01 3.602794265747070312e+01 3.237036895751953125e+01 5.148986816406250000e+01 5.817379379272460938e+01 4.838862609863281250e+01 3.712208175659179688e+01 4.573063278198242188e+01 5.660117340087890625e+01 4.980420303344726562e+01 5.524398422241210938e+01 5.678138732910156250e+01 4.598160552978515625e+01 5.430525970458984375e+01 5.227166366577148438e+01 5.857173919677734375e+01 6.673740386962890625e+01 6.017493438720703125e+01 6.487137603759765625e+01 6.449850463867187500e+01 7.195426940917968750e+01 6.549181365966796875e+01 6.748370361328125000e+01 6.562045288085937500e+01 8.190729522705078125e+01 7.274594879150390625e+01 6.947334289550781250e+01 6.448855590820312500e+01 7.673686981201171875e+01 7.939415740966796875e+01 8.217440795898437500e+01 8.331455230712890625e+01 7.780252075195312500e+01 9.311305999755859375e+01 1.046929244995117188e+02 1.224474411010742188e+02 1.381224822998046875e+02 1.441045837402343750e+02 1.833013763427734375e+02 2.963505249023437500e+02 5.950056762695312500e+02 2.471344726562500000e+03 4.494928283691406250e+02 2.723870239257812500e+02 1.679868927001953125e+02 1.399451751708984375e+02 1.321072540283203125e+02 1.105422821044921875e+02 9.833337402343750000e+01 8.179712677001953125e+01 8.248457336425781250e+01 6.064973449707031250e+01 8.096229553222656250e+01 6.526884460449218750e+01 6.709956359863281250e+01 5.404002380371093750e+01 8.146218109130859375e+01 3.876972198486328125e+01 4.548300552368164062e+01 4.501495742797851562e+01 3.343993377685546875e+01 3.176112937927246094e+01 2.776141357421875000e+01 2.529549598693847656e+01 3.789795684814453125e+01 3.623843002319335938e+01 3.503350830078125000e+01 4.519714736938476562e+01 4.230659866333007812e+01 3.819417572021484375e+01 3.284692001342773438e+01 3.030039787292480469e+01 2.229801750183105469e+01 2.414214324951171875e+01 1.943644714355468750e+01 2.824779701232910156e+01 2.806950569152832031e+01 1.500850391387939453e+01 1.332906436920166016e+01 1.336556911468505859e+01 2.001588630676269531e+01 1.400011539459228516e+01 1.665556144714355469e+01 1.090538406372070312e+01 9.247946739196777344e+00 1.229554080963134766e+01 1.193230152130126953e+01 1.844562149047851562e+01 1.041071033477783203e+01 1.193755531311035156e+01 1.540322494506835938e+01 1.235662651062011719e+01 5.883854866027832031e+00 7.403939723968505859e+00 1.042377948760986328e+01 1.233421039581298828e+01 8.189479827880859375e+00 7.976397514343261719e+00 6.180788516998291016e+00 6.341419219970703125e+00 1.594043064117431641e+01 7.874180793762207031e+00 1.006614303588867188e+01 1.232221126556396484e+01 7.289076328277587891e+00 1.171687507629394531e+01
2.407104682922363281e+01 2.501256561279296875e+01 9.537802696228027344e+00 1.457968616485595703e+01 2.094205665588378906e+01 1.359866809844970703e+01 1.699286842346191406e+01 2.115287590026855469e+01 1.834431266784667969e+01 2.197541999816894531e+01 2.867157936096191406e+01 1.354610633850097656e+01 2.050033378601074219e+01 2.175690460205078125e+01 2.389940452575683594e+01 2.518264389038085938e+01 2.094170761108398438e+01 3.225391387939453125e+01 3.145485305786132812e+01 4.166063308715820312e+01 4.390143203735351562e+01 4.475416946411132812e+01 3.948599243164062500e+01 3.905164337158203125e+01 4.464583206176757812e+01 3.330506896972656250e+01 5.340599441528320312e+01 4.487289428710937500e+01 5.147378540039062500e+01 6.950534820556640625e+01 6.033615493774414062e+01 6.404758453369140625e+01 5.630329513549804688e+01 4.717341232299804688e+01 5.001496124267578125e+01 4.217941284179687500e+01 4.743819427490234375e+01 5.092961502075195312e+01 6.318905639648437500e+01 5.887434387207031250e+01 6.227957153320312500e+01 5.685733413696289062e+01 6.334441757202148438e+01 6.048070907592773438e+01 5.959210968017578125e+01 6.792804718017578125e+01 6.708039855957031250e+01 4.385070419311523438e+01 6.850355529785156250e+01 7.269498443603515625e+01 6.696597290039062500e+01 6.713658905029296875e+01 7.625239562988281250e+01 8.706305694580078125e+01 7.770358276367187500e+01 6.854979705810546875e+01 7.579255676269531250e+01 8.647709655761718750e+01 8.339821624755859375e+01 8.859609985351562500e+01 1.098010482788085938e+02 1.160917053222656250e+02 1.315230865478515625e+02 1.531397399902343750e+02 2.083232116699218750e+02 3.004509277343750000e+02 4.494928283691406250e+02 1.997821044921875000e+03 5.317172241210937500e+02 2.798021545410156250e+02 2.105885314941406250e+02 1.438245086669921875e+02 1.350404815673828125e+02 1.013534317016601562e+02 9.131159973144531250e+01 8.501787567138671875e+01 9.064303588867187500e+01 6.874250030517578125e+01 6.644467926025390625e+01 7.318755340576171875e+01 5.569972610473632812e+01 5.774604797363281250e+01 4.798561477661132812e+01 4.487938690185546875e+01 4.425088500976562500e+01 3.084140014648437500e+01 3.095742797851562500e+01 2.645761489868164062e+01 2.410750770568847656e+01 2.881763267517089844e+01 4.022719192504882812e+01 4.144337081909179688e+01 4.667568588256835938e+01 4.459602355957031250e+01 4.097931671142578125e+01 3.526371765136718750e+01 2.604043197631835938e+01 2.173377609252929688e+01 1.947412872314453125e+01 2.104957580566406250e+01 1.361847305297851562e+01 1.823947906494140625e+01 2.007863616943359375e+01 1.528444576263427734e+01 3.006313705444335938e+01 1.463204479217529297e+01 1.718366241455078125e+01 1.718904685974121094e+01 1.610519409179687500e+01 1.068317794799804688e+01 1.307389926910400391e+01 1.550714778900146484e+01 1.198590850830078125e+01 9.839778900146484375e+00 1.228189659118652344e+01 1.177525806427001953e+01 1.433803367614746094e+01 1.376392078399658203e+01 1.042395782470703125e+01 1.083734416961669922e+01 1.135420513153076172e+01 1.064299869537353516e+01 5.923473358154296875e+00 9.371268272399902344e+00 7.652607917785644531e+00 1.035804367065429688e+01 6.578510284423828125e+00 6.540949344635009766e+00 8.006935119628906250e+00 7.894032955169677734e+00 1.099740791320800781e+01
1.251799011230468750e+01 1.728327369689941406e+01 1.506392288208007812e+01 2.158783912658691406e+01 1.273861408233642578e+01 1.890964126586914062e+01 1.365882301330566406e+01 1.833402442932128906e+01 1.469945907592773438e+01 1.705468940734863281e+01 2.010039138793945312e+01 7.405823707580566406e+00 1.772041702270507812e+01 1.718133354187011719e+01 1.887325477600097656e+01 2.485828018188476562e+01 2.145415115356445312e+01 2.996561813354492188e+01 3.397202301025390625e+01 3.260547637939453125e+01 3.343059539794921875e+01 2.742065048217773438e+01 2.923304557800292969e+01 4.433093643188476562e+01 4.050760650634765625e+01 6.676374053955078125e+01 3.553055572509765625e+01 5.149283218383789062e+01 5.792428970336914062e+01 6.066576004028320312e+01 5.536470031738281250e+01 6.305840301513671875e+01 4.538876724243164062e+01 5.303765487670898438e+01 5.140365600585937500e+01 5.953079605102539062e+01 4.786777114868164062e+01 5.308893966674804688e+01 6.124105453491210938e+01 5.364555358886718750e+01 6.557587432861328125e+01 5.707625579833984375e+01 5.743359375000000000e+01 5.861620712280273438e+01 6.903802490234375000e+01 5.538411712646484375e+01 6.664357757568359375e+01 4.524073410034179688e+01 6.458514404296875000e+01 6.227624893188476562e+01 6.065960693359375000e+01 6.992821502685546875e+01 6.753977203369140625e+01 6.844079589843750000e+01 6.639186096191406250e+01 6.752438354492187500e+01 7.328945159912109375e+01 7.958480072021484375e+01 7.360734558105468750e+01 8.526856231689453125e+01 8.482441711425781250e+01 9.591428375244140625e+01 1.134592666625976562e+02 1.392570800781250000e+02 1.299505920410156250e+02 1.929337310791015625e+02 2.723870239257812500e+02 5.317172241210937500e+02 2.100911621093750000e+03 5.114780883789062500e+02 3.184283142089843750e+02 2.176408081054687500e+02 1.608121643066406250e+02 1.235374679565429688e+02 9.928353881835937500e+01 8.100375366210937500e+01 1.045696334838867188e+02 9.472291564941406250e+01 8.289312744140625000e+01 8.023790740966796875e+01 8.175627136230468750e+01 6.460255432128906250e+01 5.399899291992187500e+01 4.149197006225585938e+01 3.287173843383789062e+01 3.653297805786132812e+01 3.492420959472656250e+01 2.635425376892089844e+01 3.504647827148437500e+01 2.792923927307128906e+01 3.602869415283203125e+01 5.185718917846679688e+01 4.907708740234375000e+01 4.486585617065429688e+01 4.375597000122070312e+01 4.506914901733398438e+01 2.858899688720703125e+01 2.359921836853027344e+01 1.730096244812011719e+01 2.327186012268066406e+01 2.244406509399414062e+01 2.029603385925292969e+01 2.106584358215332031e+01 1.870859336853027344e+01 1.740986633300781250e+01 1.829519844055175781e+01 1.317074871063232422e+01 1.960705375671386719e+01 1.678802680969238281e+01 1.344560623168945312e+01 1.462623500823974609e+01 1.561355590820312500e+01 1.284565544128417969e+01 1.675498962402343750e+01 2.450263595581054688e+01 7.671567440032958984e+00 1.086977481842041016e+01 1.177508354187011719e+01 1.614690208435058594e+01 1.363963699340820312e+01 1.028494930267333984e+01 7.091490268707275391e+00 6.139534950256347656e+00 1.189357948303222656e+01 9.064846038818359375e+00 6.816418170928955078e+00 1.298755168914794922e+01 7.748038291931152344e+00 6.323041915893554688e+00 1.309115409851074219e+01 1.503104591369628906e+01
1.319259548187255859e+01 1.795447540283203125e+01 1.214493465423583984e+01 1.719992828369140625e+01 1.462630367279052734e+01 1.594295883178710938e+01 1.636473846435546875e+01 1.970850181579589844e+01 1.879201698303222656e+01 1.532501316070556641e+01 2.235237121582031250e+01 1.756109237670898438e+01 1.618533515930175781e+01 1.955583000183105469e+01 2.058651542663574219e+01 1.964843559265136719e+01 2.416479492187500000e+01 3.339636993408203125e+01 3.014365386962890625e+01 3.426974105834960938e+01 3.258978652954101562e+01 5.028317260742187500e+01 4.990967178344726562e+01 3.656345367431640625e+01 2.988341712951660156e+01 5.037257766723632812e+01 5.835991668701171875e+01 3.781242370605468750e+01 6.217041015625000000e+01 6.987192535400390625e+01 7.351892852783203125e+01 6.635284423828125000e+01 6.062329864501953125e+01 3.503475189208984375e+01 4.793008041381835938e+01 5.444845962524414062e+01 5.329878616333007812e+01 5.951040267944335938e+01 5.716523361206054688e+01 6.869191741943359375e+01 5.312817382812500000e+01 6.279884338378906250e+01 5.799044036865234375e+01 5.250882339477539062e+01 6.106813049316406250e+01 5.649661254882812500e+01 4.619305801391601562e+01 6.833961486816406250e+01 7.303973388671875000e+01 6.927861785888671875e+01 5.384756088256835938e+01 6.242544555664062500e+01 7.177986145019531250e+01 6.580548095703125000e+01 7.656920623779296875e+01 6.891133117675781250e+01 7.385987854003906250e+01 6.577026367187500000e+01 6.522349548339843750e+01 7.198976135253906250e+01 6.794071960449218750e+01 7.343755340576171875e+01 1.027976760864257812e+02 1.077540359497070312e+02 1.265365295410156250e+02 1.412460174560546875e+02 1.679868927001953125e+02 2.798021545410156250e+02 5.114780883789062500e+02 2.122187255859375000e+03 6.470787353515625000e+02 2.918823242187500000e+02 1.936896972656250000e+02 1.427560882568359375e+02 1.224983596801757812e+02 8.098529815673828125e+01 9.741333770751953125e+01 1.111239089965820312e+02 9.530216217041015625e+01 7.085713195800781250e+01 6.802278137207031250e+01 7.929788208007812500e+01 6.604444885253906250e+01 3.689550781250000000e+01 3.792028427124023438e+01 3.386405944824218750e+01 2.401611518859863281e+01 3.040182685852050781e+01 3.077930450439453125e+01 3.178912162780761719e+01 5.732292556762695312e+01 4.197259902954101562e+01 4.065734100341796875e+01 4.941911315917968750e+01 4.669044494628906250e+01 3.909893417358398438e+01 2.711671447753906250e+01 2.492752838134765625e+01 1.580221748352050781e+01 2.443840980529785156e+01 2.261875152587890625e+01 1.987182044982910156e+01 2.062553787231445312e+01 1.717271041870117188e+01 1.351087379455566406e+01 1.826634597778320312e+01 2.498495864868164062e+01 1.931260871887207031e+01 1.375209045410156250e+01 1.650411796569824219e+01 1.958542633056640625e+01 1.306719398498535156e+01 1.346666717529296875e+01 1.451021385192871094e+01 1.815687179565429688e+01 1.322999191284179688e+01 1.095437622070312500e+01 1.546433734893798828e+01 1.171175098419189453e+01 1.065418148040771484e+01 1.575854969024658203e+01 1.046312046051025391e+01 9.150994300842285156e+00 9.776937484741210938e+00 1.587327384948730469e+01 5.818846702575683594e+00 1.067622089385986328e+01 1.143182182312011719e+01 1.399397182464599609e+01 1.064312934875488281e+01 1.425697517395019531e+01
1.294744110107421875e+01 9.914534568786621094e+00 1.897181320190429688e+01 1.796783256530761719e+01 1.835614776611328125e+01 1.687388610839843750e+01 1.180929183959960938e+01 2.007847404479980469e+01 2.099750518798828125e+01 1.867741394042968750e+01 2.049477767944335938e+01 2.162793350219726562e+01 2.084400177001953125e+01 1.975691223144531250e+01 2.066901397705078125e+01 2.631605339050292969e+01 1.909007453918457031e+01 4.020057296752929688e+01 2.880340957641601562e+01 2.895229530334472656e+01 5.084925079345703125e+01 4.003957366943359375e+01 4.482032775878906250e+01 3.905023956298828125e+01 3.696819686889648438e+01 6.148406982421875000e+01 4.840177154541015625e+01 5.821139526367187500e+01 5.508888626098632812e+01 6.011057662963867188e+01 6.393978881835937500e+01 5.503083801269531250e+01 6.086624145507812500e+01 4.148863983154296875e+01 5.629462814331054688e+01 5.006048583984375000e+01 4.558461761474609375e+01 5.549752426147460938e+01 5.855146026611328125e+01 6.315607452392578125e+01 4.638071823120117188e+01 5.250585174560546875e+01 5.782585906982421875e+01 6.062713623046875000e+01 5.182044219970703125e+01 6.294264602661132812e+01 5.333489990234375000e+01 4.587528991699218750e+01 7.435750579833984375e+01 5.641377639770507812e+01 5.195265579223632812e+01 6.306733322143554688e+01 5.257828903198242188e+01 6.365856170654296875e+01 7.436141204833984375e+01 6.552462005615234375e+01 7.424311065673828125e+01 6.558360290527343750e+01 9.333900451660156250e+01 7.491061401367187500e+01 8.979880523681640625e+01 1.075714569091796875e+02 9.921832275390625000e+01 6.521687316894531250e+01 1.135493469238281250e+02 1.210307922363281250e+02 1.399451751708984375e+02 2.105885314941406250e+02 3.184283142089843750e+02 6.470787353515625000e+02 2.156514648437500000e+03 6.974637451171875000e+02 2.711583862304687500e+02 1.819770660400390625e+02 1.352497558593750000e+02 1.126870956420898438e+02 1.042943267822265625e+02 1.082854537963867188e+02 9.719907379150390625e+01 7.676210784912109375e+01 7.225650787353515625e+01 7.699196624755859375e+01 5.758066940307617188e+01 4.898984909057617188e+01 5.156674575805664062e+01 2.727888298034667969e+01 3.059774971008300781e+01 2.340147209167480469e+01 2.700891494750976562e+01 2.990695571899414062e+01 3.691116714477539062e+01 3.483200454711914062e+01 4.762364959716796875e+01 6.656968688964843750e+01 4.791927719116210938e+01 3.912477111816406250e+01 2.883741188049316406e+01 2.232037544250488281e+01 1.894712066650390625e+01 1.729416465759277344e+01 1.997090911865234375e+01 2.581219482421875000e+01 2.009342002868652344e+01 1.850590705871582031e+01 2.079969406127929688e+01 1.792690658569335938e+01 1.704645538330078125e+01 1.156218624114990234e+01 2.005677604675292969e+01 1.212641525268554688e+01 1.319120883941650391e+01 1.609332656860351562e+01 1.406789684295654297e+01 8.775703430175781250e+00 1.928695297241210938e+01 1.145659637451171875e+01 1.934402465820312500e+01 9.919586181640625000e+00 1.352248764038085938e+01 1.493742465972900391e+01 1.126354408264160156e+01 7.766233921051025391e+00 1.440793132781982422e+01 9.551837921142578125e+00 1.450920581817626953e+01 7.464988708496093750e+00 7.585757255554199219e+00 1.131366825103759766e+01 1.846578216552734375e+01 4.096215724945068359e+00 1.207156467437744141e+01
1.725500106811523438e+01 1.786766052246093750e+01 1.635193061828613281e+01 1.517608547210693359e+01 1.663495063781738281e+01 2.389324569702148438e+01 1.857981300354003906e+01 1.958573532104492188e+01 2.114293098449707031e+01 1.206355285644531250e+01 2.651245307922363281e+01 2.552077102661132812e+01 1.967659187316894531e+01 1.687415885925292969e+01 1.756026268005371094e+01 2.312891387939453125e+01 2.703134346008300781e+01 2.555752944946289062e+01 3.285484313964843750e+01 3.006383895874023438e+01 3.552098846435546875e+01 5.102605056762695312e+01 4.331745529174804688e+01 5.180767059326171875e+01 4.653028869628906250e+01 5.333453750610351562e+01 5.196223449707031250e+01 4.464780426025390625e+01 4.727592468261718750e+01 6.570352935791015625e+01 4.474869537353515625e+01 6.213474273681640625e+01 4.022011184692382812e+01 4.503973007202148438e+01 5.043960952758789062e+01 4.835573959350585938e+01 4.948628997802734375e+01 5.238927078247070312e+01 6.230680465698242188e+01 5.268645858764648438e+01 6.143753433227539062e+01 5.192539596557617188e+01 6.224856567382812500e+01 5.386502456665039062e+01 5.132394027709960938e+01 5.617646408081054688e+01 5.741411972045898438e+01 3.984147262573242188e+01 5.906480789184570312e+01 5.245936584472656250e+01 7.235843658447265625e+01 5.528260803222656250e+01 5.468100738525390625e+01 6.978569030761718750e+01 5.459739303588867188e+01 6.185477828979492188e+01 6.061402511596679688e+01 4.887667846679687500e+01 6.207845687866210938e+01 7.168379211425781250e+01 7.015401458740234375e+01 8.601602935791015625e+01 8.053128814697265625e+01 1.079742584228515625e+02 1.014729919433593750e+02 1.065063018798828125e+02 1.321072540283203125e+02 1.438245086669921875e+02 2.176408081054687500e+02 2.918823242187500000e+02 6.974637451171875000e+02 2.142108154296875000e+03 5.057857666015625000e+02 2.428375244140625000e+02 1.902605133056640625e+02 1.290089721679687500e+02 1.235489959716796875e+02 1.013617019653320312e+02 9.348646545410156250e+01 7.723017883300781250e+01 7.858935546875000000e+01 7.857283782958984375e+01 4.994852447509765625e+01 4.557583618164062500e+01 4.133092498779296875e+01 4.206008529663085938e+01 2.707880592346191406e+01 3.387259674072265625e+01 2.415431785583496094e+01 3.657321548461914062e+01 3.364236450195312500e+01 4.431809234619140625e+01 5.587436676025390625e+01 5.386397933959960938e+01 3.816741943359375000e+01 3.579708862304687500e+01 2.877787399291992188e+01 2.439716148376464844e+01 2.186060142517089844e+01 1.374784755706787109e+01 2.392804145812988281e+01 2.233598518371582031e+01 2.950584793090820312e+01 2.558026123046875000e+01 1.308984279632568359e+01 1.990926170349121094e+01 9.902605056762695312e+00 1.793116569519042969e+01 1.577787876129150391e+01 1.308257198333740234e+01 2.134698486328125000e+01 1.804048347473144531e+01 1.118315410614013672e+01 9.037311553955078125e+00 1.424875831604003906e+01 1.586192035675048828e+01 1.685595893859863281e+01 6.554813385009765625e+00 6.873532772064208984e+00 1.493028354644775391e+01 1.226850700378417969e+01 1.140419769287109375e+01 1.360098552703857422e+01 1.311544322967529297e+01 1.369658756256103516e+01 9.865654945373535156e+00 8.056014060974121094e+00 8.900018692016601562e+00 5.447364807128906250e+00 1.256709575653076172e+01 1.761118316650390625e+01
2.126042938232421875e+01 1.542086029052734375e+01 2.079765510559082031e+01 1.362502861022949219e+01 1.586821556091308594e+01 1.795730400085449219e+01 1.346981239318847656e+01 1.868299484252929688e+01 2.458025550842285156e+01 2.212985038757324219e+01 1.913871765136718750e+01 1.947557830810546875e+01 1.941689109802246094e+01 2.710972404479980469e+01 2.233450508117675781e+01 2.533143424987792969e+01 2.644658660888671875e+01 2.659585762023925781e+01 3.134050559997558594e+01 3.041621208190917969e+01 4.212575912475585938e+01 4.687142181396484375e+01 4.900848007202148438e+01 4.561824417114257812e+01 3.550849914550781250e+01 4.638717269897460938e+01 5.896787643432617188e+01 5.405641937255859375e+01 6.012919235229492188e+01 5.127965927124023438e+01 4.665695190429687500e+01 7.287398529052734375e+01 5.024157714843750000e+01 4.950173187255859375e+01 4.210041046142578125e+01 5.032029342651367188e+01 4.207435607910156250e+01 4.521507263183593750e+01 5.943497467041015625e+01 6.216126632690429688e+01 4.176502990722656250e+01 4.615487670898437500e+01 6.394706344604492188e+01 6.422785949707031250e+01 6.119791030883789062e+01 3.915987014770507812e+01 4.886973190307617188e+01 5.948625564575195312e+01 5.144306564331054688e+01 5.989806365966796875e+01 4.754938888549804688e+01 5.949537277221679688e+01 5.135819244384765625e+01 6.564456939697265625e+01 6.249708175659179688e+01 5.057466888427734375e+01 4.968925094604492188e+01 5.284037780761718750e+01 6.303761291503906250e+01 6.653165435791015625e+01 6.320269012451171875e+01 7.749298095703125000e+01 7.347948455810546875e+01 7.227896881103515625e+01 9.747757720947265625e+01 8.959028625488281250e+01 1.105422821044921875e+02 1.350404815673828125e+02 1.608121643066406250e+02 1.936896972656250000e+02 2.711583862304687500e+02 5.057857666015625000e+02 1.985272338867187500e+03 5.559472656250000000e+02 2.969129943847656250e+02 1.511296539306640625e+02 1.721779174804687500e+02 1.286465454101562500e+02 1.040404281616210938e+02 9.640830993652343750e+01 7.496703338623046875e+01 9.556287384033203125e+01 5.745584106445312500e+01 4.922923278808593750e+01 4.818722152709960938e+01 3.275221252441406250e+01 3.616297149658203125e+01 2.388230133056640625e+01 3.264142227172851562e+01 3.243924331665039062e+01 4.126079559326171875e+01 4.909400558471679688e+01 5.391165161132812500e+01 6.208572769165039062e+01 5.191541671752929688e+01 3.848328399658203125e+01 3.116110610961914062e+01 3.490897750854492188e+01 2.969973754882812500e+01 1.639273071289062500e+01 1.936679840087890625e+01 2.195212936401367188e+01 1.608335494995117188e+01 2.023515892028808594e+01 2.263179588317871094e+01 1.519328689575195312e+01 2.715775489807128906e+01 2.007941436767578125e+01 1.279305076599121094e+01 1.871935844421386719e+01 2.205998611450195312e+01 1.358602523803710938e+01 1.333462810516357422e+01 9.339162826538085938e+00 1.736756515502929688e+01 1.031646537780761719e+01 1.138931846618652344e+01 1.161213970184326172e+01 9.366742134094238281e+00 1.582457828521728516e+01 1.014262580871582031e+01 1.398671627044677734e+01 6.054575920104980469e+00 6.255464553833007812e+00 8.939407348632812500e+00 8.738719940185546875e+00 5.123131752014160156e+00 7.640820980072021484e+00 7.274800777435302734e+00 1.659856986999511719e+01 9.882031440734863281e+00
1.612840652465820312e+01 1.742719650268554688e+01 1.594883251190185547e+01 2.089690208435058594e+01 1.690091133117675781e+01 1.977329635620117188e+01 1.884666633605957031e+01 1.725424957275390625e+01 1.675515174865722656e+01 1.267125797271728516e+01 2.166555023193359375e+01 2.364706420898437500e+01 2.250041961669921875e+01 2.512038993835449219e+01 2.473954391479492188e+01 2.255875396728515625e+01 2.028075599670410156e+01 3.172590637207031250e+01 2.983492851257324219e+01 2.932272148132324219e+01 4.775439071655273438e+01 2.949225616455078125e+01 4.028451919555664062e+01 4.470009231567382812e+01 4.084492492675781250e+01 4.895977783203125000e+01 5.155510330200195312e+01 5.024673461914062500e+01 5.072155380249023438e+01 7.719190216064453125e+01 6.496086120605468750e+01 5.464207839965820312e+01 5.697491073608398438e+01 4.774938583374023438e+01 4.656068801879882812e+01 6.860174560546875000e+01 3.462588119506835938e+01 6.245286560058593750e+01 7.057260131835937500e+01 4.868304824829101562e+01 5.854547119140625000e+01 6.445773315429687500e+01 5.324155044555664062e+01 6.567146301269531250e+01 5.396957015991210938e+01 6.848954010009765625e+01 6.375245666503906250e+01 5.068607330322265625e+01 5.593895721435546875e+01 6.822155761718750000e+01 5.802808380126953125e+01 4.631573486328125000e+01 5.087151718139648438e+01 5.293973159790039062e+01 5.401222229003906250e+01 5.171140289306640625e+01 6.189104461669921875e+01 6.197333526611328125e+01 5.761838531494140625e+01 5.196509933471679688e+01 5.892119979858398438e+01 5.126953887939453125e+01 7.854608154296875000e+01 7.944629669189453125e+01 7.388015747070312500e+01 8.877083587646484375e+01 9.833337402343750000e+01 1.013534317016601562e+02 1.235374679565429688e+02 1.427560882568359375e+02 1.819770660400390625e+02 2.428375244140625000e+02 5.559472656250000000e+02 2.068500732421875000e+03 6.625185546875000000e+02 2.295822296142578125e+02 1.816964263916015625e+02 1.549970550537109375e+02 1.198872985839843750e+02 1.088047180175781250e+02 7.809828186035156250e+01 8.429949188232421875e+01 6.447867584228515625e+01 5.556540679931640625e+01 3.941623306274414062e+01 4.353487014770507812e+01 3.609540557861328125e+01 3.519221496582031250e+01 2.944859886169433594e+01 4.756217575073242188e+01 4.570386886596679688e+01 4.601433563232421875e+01 5.136497116088867188e+01 6.494052124023437500e+01 4.825662231445312500e+01 4.599865341186523438e+01 2.958567237854003906e+01 2.974467086791992188e+01 2.132170677185058594e+01 2.346565055847167969e+01 2.475261688232421875e+01 2.244553375244140625e+01 1.575964736938476562e+01 2.190702819824218750e+01 2.234252929687500000e+01 1.747662353515625000e+01 2.052429389953613281e+01 2.281191635131835938e+01 1.077225208282470703e+01 2.233011817932128906e+01 2.342334556579589844e+01 1.759576034545898438e+01 1.567949295043945312e+01 1.762905693054199219e+01 1.698583984375000000e+01 1.476767826080322266e+01 8.905236244201660156e+00 1.461309242248535156e+01 1.532363510131835938e+01 1.537124347686767578e+01 1.276380825042724609e+01 1.271207714080810547e+01 1.061256122589111328e+01 9.594096183776855469e+00 7.031024456024169922e+00 6.873180389404296875e+00 6.984374523162841797e+00 2.604186296463012695e+00 1.381400680541992188e+01 9.428691864013671875e+00 5.052071571350097656e+00
2.016912651062011719e+01 1.385933971405029297e+01 1.338828563690185547e+01 1.454135799407958984e+01 1.818988227844238281e+01 1.703555107116699219e+01 1.883133125305175781e+01 1.429354095458984375e+01 2.092689895629882812e+01 2.519270133972167969e+01 2.528916168212890625e+01 1.963063430786132812e+01 1.842021751403808594e+01 2.893294525146484375e+01 1.500821495056152344e+01 2.248076629638671875e+01 2.258016777038574219e+01 2.733324241638183594e+01 3.075702095031738281e+01 3.874806213378906250e+01 5.125744247436523438e+01 3.420422744750976562e+01 4.284636306762695312e+01 3.876866149902343750e+01 4.421266174316406250e+01 6.529938507080078125e+01 4.459068298339843750e+01 8.391548919677734375e+01 5.704274368286132812e+01 5.675536727905273438e+01 6.121345901489257812e+01 5.161956405639648438e+01 5.372882080078125000e+01 6.379579544067382812e+01 4.401483154296875000e+01 5.668809127807617188e+01 4.672937011718750000e+01 4.891440582275390625e+01 5.274647140502929688e+01 5.018766784667968750e+01 5.943182754516601562e+01 5.126134490966796875e+01 5.373154067993164062e+01 7.413274383544921875e+01 5.950802230834960938e+01 5.376942062377929688e+01 5.915053939819335938e+01 4.232460784912109375e+01 5.887283325195312500e+01 6.329703903198242188e+01 5.674961090087890625e+01 5.323455810546875000e+01 5.024452209472656250e+01 5.087254714965820312e+01 5.858326339721679688e+01 4.877830123901367188e+01 5.142402267456054688e+01 5.971137237548828125e+01 6.252014160156250000e+01 5.961008834838867188e+01 7.230287170410156250e+01 7.675856781005859375e+01 6.970776367187500000e+01 8.142552947998046875e+01 7.307388305664062500e+01 8.061058044433593750e+01 8.179712677001953125e+01 9.131159973144531250e+01 9.928353881835937500e+01 1.224983596801757812e+02 1.352497558593750000e+02 1.902605133056640625e+02 2.969129943847656250e+02 6.625185546875000000e+02 2.114430664062500000e+03 3.522857971191406250e+02 2.602957763671875000e+02 1.912267303466796875e+02 1.543166656494140625e+02 1.242470703125000000e+02 1.221099014282226562e+02 1.066560058593750000e+02 7.045977020263671875e+01 6.671754455566406250e+01 5.153187179565429688e+01 4.116911697387695312e+01 2.532162475585937500e+01 3.798281478881835938e+01 3.460897827148437500e+01 4.587086868286132812e+01 4.349207305908203125e+01 4.722085571289062500e+01 5.463146591186523438e+01 5.348286437988281250e+01 4.157516860961914062e+01 4.422086715698242188e+01 4.363854980468750000e+01 2.759757614135742188e+01 1.978261756896972656e+01 1.632885169982910156e+01 1.574802494049072266e+01 2.021281242370605469e+01 2.352242851257324219e+01 2.145489120483398438e+01 1.850870704650878906e+01 1.891760253906250000e+01 2.912422752380371094e+01 1.834322357177734375e+01 1.213638019561767578e+01 1.479874038696289062e+01 1.368345737457275391e+01 1.976259803771972656e+01 1.454768180847167969e+01 2.521630096435546875e+01 1.217797470092773438e+01 1.565906906127929688e+01 1.207584285736083984e+01 1.779521369934082031e+01 1.510610580444335938e+01 1.726414299011230469e+01 1.036215591430664062e+01 8.845849990844726562e+00 1.230812740325927734e+01 5.192573547363281250e+00 1.239464187622070312e+01 1.275409126281738281e+01 1.296042633056640625e+01 1.047022247314453125e+01 1.380276584625244141e+01 1.574656105041503906e+01 8.437305450439453125e+00
1.764642143249511719e+01 1.044170188903808594e+01 1.337829208374023438e+01 1.314664649963378906e+01 3.232337951660156250e+01 1.599398136138916016e+01 9.120617866516113281e+00 1.550711822509765625e+01 1.783860015869140625e+01 1.594346809387207031e+01 2.462232971191406250e+01 2.192374420166015625e+01 1.831881713867187500e+01 2.179823875427246094e+01 1.915584754943847656e+01 2.102540588378906250e+01 1.871322441101074219e+01 3.041429710388183594e+01 2.502630805969238281e+01 4.248513412475585938e+01 3.298862457275390625e+01 4.174683761596679688e+01 5.192382431030273438e+01 3.178973960876464844e+01 3.140662765502929688e+01 1.925096511840820312e+01 4.837660598754882812e+01 5.479273986816406250e+01 5.028228759765625000e+01 5.131176757812500000e+01 4.597665023803710938e+01 5.500222396850585938e+01 4.230769729614257812e+01 4.325769042968750000e+01 5.084688949584960938e+01 5.125094223022460938e+01 5.016878128051757812e+01 6.735481262207031250e+01 3.699882507324218750e+01 4.083659744262695312e+01 4.506514358520507812e+01 5.213777923583984375e+01 5.406257247924804688e+01 6.334996032714843750e+01 4.133445358276367188e+01 4.772835159301757812e+01 3.685591506958007812e+01 2.976175117492675781e+01 4.412166595458984375e+01 4.487038803100585938e+01 3.749325561523437500e+01 6.088563919067382812e+01 4.129581451416015625e+01 3.568436813354492188e+01 4.211622238159179688e+01 5.422107315063476562e+01 3.951800155639648438e+01 3.399008560180664062e+01 4.669342422485351562e+01 5.230760192871093750e+01 5.978785324096679688e+01 5.864483642578125000e+01 6.015721893310546875e+01 6.741651153564453125e+01 4.911035156250000000e+01 6.416516113281250000e+01 8.248457336425781250e+01 8.501787567138671875e+01 8.100375366210937500e+01 8.098529815673828125e+01 1.126870956420898438e+02 1.290089721679687500e+02 1.511296539306640625e+02 2.295822296142578125e+02 3.522857971191406250e+02 3.388658447265625000e+03 8.173371582031250000e+02 2.761951599121093750e+02 1.720928802490234375e+02 1.497734680175781250e+02 1.164637451171875000e+02 6.749838256835937500e+01 6.850940704345703125e+01 5.922173690795898438e+01 3.832343292236328125e+01 4.634999084472656250e+01 3.766257858276367188e+01 4.699124145507812500e+01 2.634906196594238281e+01 4.409600067138671875e+01 6.782803344726562500e+01 5.087919998168945312e+01 6.935837554931640625e+01 6.243063354492187500e+01 5.724872970581054688e+01 3.904973602294921875e+01 3.245329666137695312e+01 2.313600921630859375e+01 1.788519859313964844e+01 1.687165260314941406e+01 1.423757743835449219e+01 2.824183845520019531e+01 2.241584205627441406e+01 1.684483146667480469e+01 1.204810047149658203e+01 1.221653556823730469e+01 2.430537605285644531e+01 3.444340515136718750e+01 2.129924392700195312e+01 8.027605056762695312e+00 2.183123016357421875e+01 1.165245628356933594e+01 1.715525627136230469e+01 2.033309936523437500e+01 2.720103645324707031e+01 3.539288520812988281e+00 1.723832702636718750e+01 1.149172401428222656e+01 7.230296611785888672e+00 1.017931270599365234e+01 8.029959678649902344e+00 7.997413635253906250e+00 8.902090072631835938e+00 1.005972003936767578e+01 5.308024406433105469e+00 1.210734272003173828e+01 8.788010597229003906e+00 6.553375720977783203e+00 8.022147178649902344e+00 9.490836143493652344e+00 1.271342372894287109e+01
1.128839206695556641e+01 1.514029693603515625e+01 1.304087734222412109e+01 1.681978416442871094e+01 1.886343002319335938e+01 1.212601947784423828e+01 1.944815635681152344e+01 1.587181186676025391e+01 1.314031791687011719e+01 1.651269149780273438e+01 2.025111961364746094e+01 2.270647811889648438e+01 1.988597869873046875e+01 2.788860893249511719e+01 2.859259605407714844e+01 2.241653823852539062e+01 1.813761138916015625e+01 2.756264495849609375e+01 2.846096992492675781e+01 3.719051361083984375e+01 6.230344390869140625e+01 4.945443725585937500e+01 4.534193038940429688e+01 5.110034942626953125e+01 4.748729324340820312e+01 5.254322052001953125e+01 5.907958602905273438e+01 5.751932907104492188e+01 6.103199768066406250e+01 9.065695190429687500e+01 7.625126647949218750e+01 6.184003829956054688e+01 4.310220718383789062e+01 5.534377288818359375e+01 4.525452041625976562e+01 3.105962371826171875e+01 5.292513656616210938e+01 5.309684371948242188e+01 5.049194335937500000e+01 4.353852844238281250e+01 4.952521896362304688e+01 5.188161849975585938e+01 4.410681915283203125e+01 6.225561904907226562e+01 6.883209228515625000e+01 5.767110824584960938e+01 6.009741592407226562e+01 3.989030075073242188e+01 5.465710449218750000e+01 5.407910919189453125e+01 4.376098251342773438e+01 4.228689956665039062e+01 4.931150436401367188e+01 4.261085510253906250e+01 4.816847991943359375e+01 5.179648971557617188e+01 5.650736999511718750e+01 4.945560073852539062e+01 4.821077728271484375e+01 4.055891036987304688e+01 3.773625946044921875e+01 6.252503585815429688e+01 6.047248840332031250e+01 6.741574859619140625e+01 7.853955841064453125e+01 5.574197769165039062e+01 6.064973449707031250e+01 9.064303588867187500e+01 1.045696334838867188e+02 9.741333770751953125e+01 1.042943267822265625e+02 1.235489959716796875e+02 1.721779174804687500e+02 1.816964263916015625e+02 2.602957763671875000e+02 8.173371582031250000e+02 2.207586669921875000e+03 4.828399963378906250e+02 2.754454956054687500e+02 1.896237335205078125e+02 1.396906890869140625e+02 9.252561950683593750e+01 8.457528686523437500e+01 6.805100250244140625e+01 5.095367813110351562e+01 3.593942642211914062e+01 4.346134185791015625e+01 2.774790763854980469e+01 4.143634033203125000e+01 5.104332351684570312e+01 4.653366851806640625e+01 5.536791610717773438e+01 7.529193115234375000e+01 6.421209716796875000e+01 5.104875946044921875e+01 4.222820281982421875e+01 4.152065658569335938e+01 2.553738212585449219e+01 1.872186088562011719e+01 1.528976249694824219e+01 2.656429862976074219e+01 2.408835601806640625e+01 2.132523727416992188e+01 2.220429992675781250e+01 2.055241012573242188e+01 1.562980270385742188e+01 1.425243949890136719e+01 2.937786674499511719e+01 1.816679763793945312e+01 2.225274276733398438e+01 1.675848960876464844e+01 1.788974571228027344e+01 1.463225936889648438e+01 1.340120983123779297e+01 1.574327850341796875e+01 1.735793304443359375e+01 9.557024002075195312e+00 1.568264675140380859e+01 1.336172103881835938e+01 1.302338504791259766e+01 5.992879867553710938e+00 6.821246623992919922e+00 1.518574714660644531e+01 1.201235294342041016e+01 1.207301712036132812e+01 9.589110374450683594e+00 1.311725044250488281e+01 9.315968513488769531e+00 1.368468475341796875e+01 1.011879158020019531e+01 1.301241588592529297e+01
1.607365798950195312e+01 1.664437103271484375e+01 1.450706100463867188e+01 2.078981208801269531e+01 1.872440147399902344e+01 2.023401832580566406e+01 1.730776786804199219e+01 2.295316123962402344e+01 2.031088447570800781e+01 2.593300437927246094e+01 2.669979286193847656e+01 3.328292846679687500e+01 2.464995765686035156e+01 1.985543823242187500e+01 1.999313354492187500e+01 3.032318305969238281e+01 2.905462265014648438e+01 3.390802383422851562e+01 4.326980590820312500e+01 3.734073638916015625e+01 5.544657135009765625e+01 3.696980667114257812e+01 5.442797470092773438e+01 3.990790176391601562e+01 4.442826080322265625e+01 4.968305206298828125e+01 5.925402832031250000e+01 5.598794174194335938e+01 5.725100326538085938e+01 7.372446441650390625e+01 5.137921905517578125e+01 6.072735214233398438e+01 6.690444183349609375e+01 5.016494369506835938e+01 5.621577072143554688e+01 4.914012908935546875e+01 4.810253906250000000e+01 6.042213821411132812e+01 6.833864593505859375e+01 6.328651809692382812e+01 4.736381912231445312e+01 5.826432418823242188e+01 6.779993438720703125e+01 5.226793289184570312e+01 5.602746963500976562e+01 5.031769561767578125e+01 4.854640579223632812e+01 4.518198394775390625e+01 4.784435272216796875e+01 4.146358489990234375e+01 5.916617202758789062e+01 4.357501602172851562e+01 4.466812515258789062e+01 5.236746597290039062e+01 4.432037353515625000e+01 4.444968414306640625e+01 4.146586227416992188e+01 4.628923034667968750e+01 4.570303344726562500e+01 5.684987258911132812e+01 4.992090606689453125e+01 5.007939910888671875e+01 6.034041213989257812e+01 6.264312744140625000e+01 7.655255126953125000e+01 7.756767272949218750e+01 8.096229553222656250e+01 6.874250030517578125e+01 9.472291564941406250e+01 1.111239089965820312e+02 1.082854537963867188e+02 1.013617019653320312e+02 1.286465454101562500e+02 1.549970550537109375e+02 1.912267303466796875e+02 2.761951599121093750e+02 4.828399963378906250e+02 1.886841430664062500e+03 5.660591430664062500e+02 2.478026428222656250e+02 1.809501190185546875e+02 1.244288406372070312e+02 9.442620086669921875e+01 8.054065704345703125e+01 6.331316375732421875e+01 4.877571105957031250e+01 5.213143157958984375e+01 4.733032226562500000e+01 3.937608718872070312e+01 5.020734405517578125e+01 4.700862121582031250e+01 7.657498931884765625e+01 7.298824310302734375e+01 8.223328399658203125e+01 6.913341522216796875e+01 5.504783248901367188e+01 3.840011978149414062e+01 3.409025573730468750e+01 2.530065345764160156e+01 2.801447486877441406e+01 2.296528625488281250e+01 2.332880973815917969e+01 2.814018630981445312e+01 1.801700019836425781e+01 1.752838897705078125e+01 1.761888694763183594e+01 2.536774253845214844e+01 1.742976951599121094e+01 1.322789764404296875e+01 1.828033256530761719e+01 1.822836303710937500e+01 1.061391353607177734e+01 1.367298507690429688e+01 2.104645538330078125e+01 1.769764328002929688e+01 1.343268394470214844e+01 1.439344024658203125e+01 1.308438396453857422e+01 1.189118194580078125e+01 1.081741046905517578e+01 1.219046115875244141e+01 9.105790138244628906e+00 1.351446342468261719e+01 1.374469757080078125e+01 8.729750633239746094e+00 1.050310230255126953e+01 1.334127616882324219e+01 1.409417152404785156e+01 1.623813629150390625e+01 1.260721969604492188e+01 1.061529350280761719e+01
1.957197189331054688e+01 2.475955963134765625e+01 1.534976959228515625e+01 1.592198657989501953e+01 2.016994857788085938e+01 1.631192588806152344e+01 1.813875579833984375e+01 1.957153892517089844e+01 1.550557994842529297e+01 2.264842605590820312e+01 2.421494674682617188e+01 2.036317634582519531e+01 2.547678756713867188e+01 2.417682838439941406e+01 2.838919067382812500e+01 1.929903221130371094e+01 2.342277526855468750e+01 3.635027694702148438e+01 4.998412322998046875e+01 4.104918670654296875e+01 4.956542205810546875e+01 5.676896286010742188e+01 4.822780227661132812e+01 5.517922210693359375e+01 4.695447921752929688e+01 5.153834915161132812e+01 6.223352050781250000e+01 8.382294464111328125e+01 8.431919860839843750e+01 7.148896789550781250e+01 5.959016418457031250e+01 8.031871795654296875e+01 5.393591308593750000e+01 4.411761093139648438e+01 5.073033523559570312e+01 4.848707962036132812e+01 5.453227615356445312e+01 5.464276504516601562e+01 5.188470077514648438e+01 5.986956024169921875e+01 5.038032150268554688e+01 5.095863723754882812e+01 5.663557815551757812e+01 4.740355682373046875e+01 5.118960189819335938e+01 5.273357391357421875e+01 6.384529495239257812e+01 4.553007888793945312e+01 5.865909957885742188e+01 5.595941543579101562e+01 4.603724288940429688e+01 4.324541854858398438e+01 5.685759353637695312e+01 5.186108016967773438e+01 3.880453872680664062e+01 4.893955993652343750e+01 6.045537185668945312e+01 4.358711242675781250e+01 4.981474685668945312e+01 6.183451461791992188e+01 5.670803070068359375e+01 5.382957458496093750e+01 5.751852035522460938e+01 6.312574768066406250e+01 6.506787872314453125e+01 6.453179931640625000e+01 6.526884460449218750e+01 6.644467926025390625e+01 8.289312744140625000e+01 9.530216217041015625e+01 9.719907379150390625e+01 9.348646545410156250e+01 1.040404281616210938e+02 1.198872985839843750e+02 1.543166656494140625e+02 1.720928802490234375e+02 2.754454956054687500e+02 5.660591430664062500e+02 2.075289550781250000e+03 6.121966552734375000e+02 2.644687194824218750e+02 1.807054748535156250e+02 1.172183151245117188e+02 9.751922607421875000e+01 7.328487396240234375e+01 6.123792648315429688e+01 6.354806518554687500e+01 4.354758071899414062e+01 5.038660430908203125e+01 6.625425720214843750e+01 6.090530014038085938e+01 6.978395080566406250e+01 7.174194335937500000e+01 9.129397583007812500e+01 5.905026626586914062e+01 4.373748779296875000e+01 5.840900421142578125e+01 3.175040626525878906e+01 3.482322692871093750e+01 2.984346771240234375e+01 2.858744430541992188e+01 2.795610427856445312e+01 2.901645278930664062e+01 2.049849510192871094e+01 1.843140792846679688e+01 2.242689895629882812e+01 1.626748085021972656e+01 1.390487575531005859e+01 1.481089973449707031e+01 1.304832839965820312e+01 2.421341896057128906e+01 1.960875701904296875e+01 1.771499061584472656e+01 1.838079071044921875e+01 1.486166000366210938e+01 1.624340820312500000e+01 1.516361999511718750e+01 7.911113739013671875e+00 1.290454864501953125e+01 1.167937564849853516e+01 1.074883270263671875e+01 1.223459148406982422e+01 1.106509876251220703e+01 9.233727455139160156e+00 9.473699569702148438e+00 1.190702342987060547e+01 7.562284946441650391e+00 1.253184509277343750e+01 9.204321861267089844e+00 1.179689598083496094e+01 1.653184700012207031e+01
1.858461761474609375e+01 2.023420143127441406e+01 1.449212646484375000e+01 1.661472702026367188e+01 1.720011520385742188e+01 1.796727752685546875e+01 1.690572738647460938e+01 1.241199684143066406e+01 2.117808723449707031e+01 2.686579704284667969e+01 1.629974174499511719e+01 1.847147941589355469e+01 2.244975852966308594e+01 2.020231056213378906e+01 2.118300819396972656e+01 1.594313907623291016e+01 2.508308410644531250e+01 3.443366241455078125e+01 4.802806854248046875e+01 4.804083251953125000e+01 6.055123138427734375e+01 3.908121109008789062e+01 5.728844070434570312e+01 5.665826416015625000e+01 5.292224502563476562e+01 5.352459716796875000e+01 7.318073272705078125e+01 6.569590759277343750e+01 8.635838317871093750e+01 9.109570312500000000e+01 7.747369384765625000e+01 7.267141723632812500e+01 7.030110931396484375e+01 5.365666198730468750e+01 5.029065322875976562e+01 5.340760040283203125e+01 5.561691665649414062e+01 5.932814025878906250e+01 5.922819519042968750e+01 5.304286575317382812e+01 5.184211730957031250e+01 5.368953704833984375e+01 3.366702651977539062e+01 4.757286453247070312e+01 4.726337432861328125e+01 4.356377410888671875e+01 4.931839752197265625e+01 3.940398025512695312e+01 6.284169769287109375e+01 5.013243484497070312e+01 5.985342788696289062e+01 4.763401031494140625e+01 4.262153625488281250e+01 4.509789276123046875e+01 3.709723281860351562e+01 4.476938629150390625e+01 4.210866546630859375e+01 3.874521636962890625e+01 4.555245208740234375e+01 5.108216094970703125e+01 5.843296051025390625e+01 5.805699920654296875e+01 6.878603363037109375e+01 5.973860168457031250e+01 6.280451583862304688e+01 6.207034301757812500e+01 6.709956359863281250e+01 7.318755340576171875e+01 8.023790740966796875e+01 7.085713195800781250e+01 7.676210784912109375e+01 7.723017883300781250e+01 9.640830993652343750e+01 1.088047180175781250e+02 1.242470703125000000e+02 1.497734680175781250e+02 1.896237335205078125e+02 2.478026428222656250e+02 6.121966552734375000e+02 2.028884155273437500e+03 7.436001586914062500e+02 2.884102172851562500e+02 1.382276611328125000e+02 1.185036392211914062e+02 8.072190093994140625e+01 6.567735290527343750e+01 5.693088531494140625e+01 6.167164611816406250e+01 5.549988937377929688e+01 6.568002319335937500e+01 6.832836914062500000e+01 9.090847015380859375e+01 8.367076873779296875e+01 8.895566558837890625e+01 8.842890167236328125e+01 4.817601394653320312e+01 4.423128128051757812e+01 3.554578781127929688e+01 3.287753677368164062e+01 1.776865577697753906e+01 2.249180603027343750e+01 2.239499664306640625e+01 2.469719314575195312e+01 2.515912628173828125e+01 2.368548774719238281e+01 3.808349227905273438e+01 1.791832160949707031e+01 1.692816352844238281e+01 2.528658485412597656e+01 2.198144912719726562e+01 2.299191665649414062e+01 1.570812702178955078e+01 1.806733894348144531e+01 1.401652526855468750e+01 1.309587001800537109e+01 1.267336273193359375e+01 1.161908912658691406e+01 1.742788314819335938e+01 1.929058647155761719e+01 6.003485202789306641e+00 1.014825916290283203e+01 8.422606468200683594e+00 9.375381469726562500e+00 8.475646018981933594e+00 1.341655826568603516e+01 1.092946720123291016e+01 9.255236625671386719e+00 1.196311092376708984e+01 9.011898994445800781e+00 8.995885848999023438e+00 1.392492389678955078e+01
2.196610450744628906e+01 1.094546127319335938e+01 2.003389739990234375e+01 2.296817588806152344e+01 1.783306312561035156e+01 2.328557014465332031e+01 1.792620277404785156e+01 1.625525856018066406e+01 2.018666076660156250e+01 1.790642166137695312e+01 2.880606269836425781e+01 1.846723937988281250e+01 2.400325965881347656e+01 2.713425064086914062e+01 2.353127479553222656e+01 2.617223358154296875e+01 2.674914932250976562e+01 3.611591339111328125e+01 3.825748443603515625e+01 5.859845733642578125e+01 6.792531585693359375e+01 6.989589691162109375e+01 5.993656921386718750e+01 5.447100067138671875e+01 5.050509643554687500e+01 3.531452560424804688e+01 5.330368423461914062e+01 1.297837524414062500e+02 9.375969696044921875e+01 8.404265594482421875e+01 8.534494781494140625e+01 6.551795959472656250e+01 5.081636810302734375e+01 5.668082046508789062e+01 6.227988815307617188e+01 4.948220825195312500e+01 5.016730117797851562e+01 6.151136016845703125e+01 6.625571441650390625e+01 5.573796463012695312e+01 5.791357803344726562e+01 5.693038177490234375e+01 6.159871673583984375e+01 4.872199630737304688e+01 5.287125015258789062e+01 4.516687774658203125e+01 3.977032089233398438e+01 5.849551010131835938e+01 4.129492187500000000e+01 4.090013885498046875e+01 4.912764739990234375e+01 5.242608642578125000e+01 4.464088439941406250e+01 3.428879547119140625e+01 4.765990066528320312e+01 3.978587722778320312e+01 4.873476028442382812e+01 3.798779678344726562e+01 3.381148147583007812e+01 5.140423202514648438e+01 5.483827590942382812e+01 4.610561370849609375e+01 6.052586364746093750e+01 5.787548828125000000e+01 4.136759948730468750e+01 4.048104095458984375e+01 5.404002380371093750e+01 5.569972610473632812e+01 8.175627136230468750e+01 6.802278137207031250e+01 7.225650787353515625e+01 7.858935546875000000e+01 7.496703338623046875e+01 7.809828186035156250e+01 1.221099014282226562e+02 1.164637451171875000e+02 1.396906890869140625e+02 1.809501190185546875e+02 2.644687194824218750e+02 7.436001586914062500e+02 2.179364013671875000e+03 4.516938171386718750e+02 2.055221710205078125e+02 1.347198028564453125e+02 9.452317047119140625e+01 9.385959625244140625e+01 7.402426910400390625e+01 6.512519836425781250e+01 7.983985137939453125e+01 8.460534667968750000e+01 6.569058227539062500e+01 8.850662994384765625e+01 9.294618225097656250e+01 1.010510711669921875e+02 8.978872680664062500e+01 5.756299972534179688e+01 4.877724838256835938e+01 3.655663299560546875e+01 3.515262985229492188e+01 2.487040901184082031e+01 1.865558624267578125e+01 1.959112548828125000e+01 1.355613136291503906e+01 1.805881690979003906e+01 3.157340240478515625e+01 2.401110458374023438e+01 2.388561248779296875e+01 1.253650188446044922e+01 1.649140548706054688e+01 2.103724288940429688e+01 2.145419692993164062e+01 1.221462821960449219e+01 8.991456031799316406e+00 1.574334716796875000e+01 1.654792594909667969e+01 1.159387969970703125e+01 2.145811271667480469e+01 1.355191040039062500e+01 1.105288600921630859e+01 9.336611747741699219e+00 7.891279220581054688e+00 1.309882640838623047e+01 1.603863906860351562e+01 9.226919174194335938e+00 1.506946468353271484e+01 9.065329551696777344e+00 5.757492542266845703e+00 1.001808357238769531e+01 1.226338100433349609e+01 1.399038887023925781e+01 2.831941223144531250e+01
1.378372287750244141e+01 1.449968719482421875e+01 2.322191429138183594e+01 2.281982612609863281e+01 1.919437026977539062e+01 1.388110256195068359e+01 2.058092689514160156e+01 1.884197807312011719e+01 1.688949584960937500e+01 2.174426841735839844e+01 2.289600563049316406e+01 1.359108161926269531e+01 2.023485755920410156e+01 2.270230865478515625e+01 2.285974693298339844e+01 2.737177658081054688e+01 3.248223876953125000e+01 3.464530944824218750e+01 4.585379028320312500e+01 4.075397872924804688e+01 1.022524108886718750e+02 8.051529693603515625e+01 5.364814758300781250e+01 5.730265426635742188e+01 5.203736495971679688e+01 7.685598754882812500e+01 5.725340652465820312e+01 1.207149200439453125e+02 1.074209518432617188e+02 1.335997314453125000e+02 8.423950195312500000e+01 7.377408599853515625e+01 6.323767852783203125e+01 7.300056457519531250e+01 8.250350189208984375e+01 6.555014038085937500e+01 5.041618347167968750e+01 7.794256591796875000e+01 7.492591857910156250e+01 4.430236434936523438e+01 4.362473297119140625e+01 4.273624038696289062e+01 4.896068191528320312e+01 4.541919708251953125e+01 3.587398147583007812e+01 3.451934432983398438e+01 5.080300140380859375e+01 3.690012359619140625e+01 5.470426940917968750e+01 3.724963378906250000e+01 5.651722717285156250e+01 5.737170791625976562e+01 5.196864700317382812e+01 4.542310333251953125e+01 2.824509429931640625e+01 3.576424407958984375e+01 5.648998260498046875e+01 5.379381561279296875e+01 5.118947982788085938e+01 4.746104812622070312e+01 4.358726119995117188e+01 5.344245910644531250e+01 5.407482147216796875e+01 5.245766448974609375e+01 5.023382949829101562e+01 5.362609863281250000e+01 8.146218109130859375e+01 5.774604797363281250e+01 6.460255432128906250e+01 7.929788208007812500e+01 7.699196624755859375e+01 7.857283782958984375e+01 9.556287384033203125e+01 8.429949188232421875e+01 1.066560058593750000e+02 6.749838256835937500e+01 9.252561950683593750e+01 1.244288406372070312e+02 1.807054748535156250e+02 2.884102172851562500e+02 4.516938171386718750e+02 2.000140869140625000e+03 4.506366271972656250e+02 2.584190673828125000e+02 2.034774017333984375e+02 1.334803009033203125e+02 1.461309051513671875e+02 1.176446456909179688e+02 9.147291564941406250e+01 1.216461944580078125e+02 1.023784942626953125e+02 1.248600463867187500e+02 1.436490936279296875e+02 1.306772613525390625e+02 1.114168777465820312e+02 7.746533203125000000e+01 7.455722808837890625e+01 4.252157974243164062e+01 3.386722946166992188e+01 2.928565597534179688e+01 2.934722709655761719e+01 2.883642387390136719e+01 2.544063758850097656e+01 3.056815147399902344e+01 1.219923877716064453e+01 1.908481407165527344e+01 1.845770645141601562e+01 2.657179641723632812e+01 1.680501365661621094e+01 1.393424320220947266e+01 7.578888893127441406e+00 1.820360183715820312e+01 1.340007019042968750e+01 1.764700317382812500e+01 1.349008655548095703e+01 9.215195655822753906e+00 1.944938278198242188e+01 1.196833705902099609e+01 1.045856761932373047e+01 1.236840915679931641e+01 1.393832874298095703e+01 1.735229492187500000e+01 5.794561862945556641e+00 6.984626770019531250e+00 9.213619232177734375e+00 1.351016521453857422e+01 7.627073764801025391e+00 9.479407310485839844e+00 1.160397338867187500e+01 1.235557842254638672e+01 1.324070549011230469e+01
1.718092727661132812e+01 1.897701835632324219e+01 2.729128456115722656e+01 1.706646728515625000e+01 1.987624359130859375e+01 1.730230712890625000e+01 2.841607856750488281e+01 1.610459327697753906e+01 1.894694709777832031e+01 1.921882247924804688e+01 1.484031486511230469e+01 1.626317405700683594e+01 1.080944538116455078e+01 1.839345932006835938e+01 3.574685668945312500e+01 3.002380371093750000e+01 3.312652206420898438e+01 4.688566207885742188e+01 3.609798431396484375e+01 6.966638946533203125e+01 8.564911651611328125e+01 4.516177368164062500e+01 5.456635665893554688e+01 4.920440292358398438e+01 7.042240905761718750e+01 6.747531890869140625e+01 7.136435699462890625e+01 7.112981414794921875e+01 1.456123962402343750e+02 1.284639739990234375e+02 5.139551162719726562e+01 5.517408752441406250e+01 6.560153198242187500e+01 7.019432830810546875e+01 5.739779663085937500e+01 5.427609634399414062e+01 4.970231246948242188e+01 5.034275054931640625e+01 4.963145828247070312e+01 5.301248931884765625e+01 5.850182723999023438e+01 3.948189544677734375e+01 5.187360763549804688e+01 4.290702438354492188e+01 4.343806838989257812e+01 2.237411880493164062e+01 3.799449539184570312e+01 4.415491867065429688e+01 6.000451660156250000e+01 4.052104568481445312e+01 3.202124786376953125e+01 4.177795791625976562e+01 4.154668807983398438e+01 3.242684555053710938e+01 4.597557067871093750e+01 4.082486724853515625e+01 4.375651168823242188e+01 3.633791351318359375e+01 3.509323883056640625e+01 3.549511718750000000e+01 4.812084960937500000e+01 4.758153533935546875e+01 3.904688644409179688e+01 3.319629287719726562e+01 4.439952087402343750e+01 4.164836120605468750e+01 3.876972198486328125e+01 4.798561477661132812e+01 5.399899291992187500e+01 6.604444885253906250e+01 5.758066940307617188e+01 4.994852447509765625e+01 5.745584106445312500e+01 6.447867584228515625e+01 7.045977020263671875e+01 6.850940704345703125e+01 8.457528686523437500e+01 9.442620086669921875e+01 1.172183151245117188e+02 1.382276611328125000e+02 2.055221710205078125e+02 4.506366271972656250e+02 2.401279052734375000e+03 5.317489624023437500e+02 2.867940979003906250e+02 2.051241912841796875e+02 1.941304016113281250e+02 1.689291992187500000e+02 1.378902435302734375e+02 1.492425537109375000e+02 1.454767761230468750e+02 1.571520385742187500e+02 1.565439758300781250e+02 1.477880096435546875e+02 1.069729995727539062e+02 6.970267486572265625e+01 4.089050674438476562e+01 3.533443832397460938e+01 2.849466133117675781e+01 2.874654006958007812e+01 2.656884193420410156e+01 2.695769309997558594e+01 2.798017311096191406e+01 2.286127662658691406e+01 1.303364849090576172e+01 1.744493675231933594e+01 2.366422271728515625e+01 1.863045692443847656e+01 1.633855056762695312e+01 1.953961372375488281e+01 1.417022895812988281e+01 1.815212059020996094e+01 1.670271682739257812e+01 9.598415374755859375e+00 1.513342761993408203e+01 1.033777713775634766e+01 1.566469097137451172e+01 7.459055900573730469e+00 1.720783424377441406e+01 1.453582859039306641e+01 1.824231910705566406e+01 1.427515792846679688e+01 1.011180496215820312e+01 2.350644874572753906e+01 2.411735153198242188e+01 5.613315582275390625e+00 1.996444702148437500e+01 1.559678840637207031e+01 6.942693710327148438e+00 1.232063579559326172e+01 9.902444839477539062e+00
1.881221008300781250e+01 1.546044445037841797e+01 1.528083419799804688e+01 1.362585258483886719e+01 1.813620185852050781e+01 1.578759574890136719e+01 2.484807395935058594e+01 1.607236671447753906e+01 1.488711166381835938e+01 1.618738365173339844e+01 1.093707180023193359e+01 1.854929161071777344e+01 1.923313331604003906e+01 2.323831176757812500e+01 2.127224349975585938e+01 2.241442108154296875e+01 3.274537277221679688e+01 3.152292442321777344e+01 4.117228317260742188e+01 5.098645019531250000e+01 7.326662445068359375e+01 4.944976425170898438e+01 4.246743392944335938e+01 4.344857406616210938e+01 5.495695495605468750e+01 3.876520538330078125e+01 5.469815444946289062e+01 7.114349365234375000e+01 1.122479476928710938e+02 7.380376434326171875e+01 5.597282409667968750e+01 5.330533981323242188e+01 5.498631668090820312e+01 5.550934600830078125e+01 6.873952484130859375e+01 5.910995483398437500e+01 5.004268264770507812e+01 4.291347503662109375e+01 4.528652954101562500e+01 4.534835052490234375e+01 4.106180953979492188e+01 4.717624664306640625e+01 3.271503448486328125e+01 4.159770202636718750e+01 3.205798721313476562e+01 3.611956024169921875e+01 3.145828247070312500e+01 2.140375709533691406e+01 2.924227333068847656e+01 4.101767349243164062e+01 3.389286041259765625e+01 3.502969741821289062e+01 3.057220268249511719e+01 2.817911911010742188e+01 3.514787673950195312e+01 3.211284637451171875e+01 2.684672546386718750e+01 4.499845123291015625e+01 3.129329109191894531e+01 3.661222457885742188e+01 4.532455825805664062e+01 4.167942047119140625e+01 3.944591903686523438e+01 4.543524551391601562e+01 3.999322128295898438e+01 4.574351501464843750e+01 4.548300552368164062e+01 4.487938690185546875e+01 4.149197006225585938e+01 3.689550781250000000e+01 4.898984909057617188e+01 4.557583618164062500e+01 4.922923278808593750e+01 5.556540679931640625e+01 6.671754455566406250e+01 5.922173690795898438e+01 6.805100250244140625e+01 8.054065704345703125e+01 9.751922607421875000e+01 1.185036392211914062e+02 1.347198028564453125e+02 2.584190673828125000e+02 5.317489624023437500e+02 1.838489624023437500e+03 6.735770874023437500e+02 3.755814514160156250e+02 2.611108093261718750e+02 2.001685485839843750e+02 1.994569396972656250e+02 2.149922180175781250e+02 1.667997589111328125e+02 1.646956787109375000e+02 1.633785247802734375e+02 1.582313385009765625e+02 1.130199890136718750e+02 7.351242065429687500e+01 5.709682083129882812e+01 4.392853164672851562e+01 4.188909530639648438e+01 3.497327804565429688e+01 3.267521667480468750e+01 3.099311828613281250e+01 2.348822593688964844e+01 1.949948310852050781e+01 2.735305404663085938e+01 2.170600891113281250e+01 1.349535369873046875e+01 1.869942092895507812e+01 1.318803310394287109e+01 2.317775154113769531e+01 1.228322696685791016e+01 1.311238670349121094e+01 1.879661369323730469e+01 1.696888351440429688e+01 1.380858898162841797e+01 1.572128009796142578e+01 1.429334354400634766e+01 1.429272937774658203e+01 1.998359298706054688e+01 1.326330661773681641e+01 1.486188983917236328e+01 2.309057998657226562e+01 2.174836540222167969e+01 2.323598861694335938e+01 1.414673137664794922e+01 9.219428062438964844e+00 1.821668243408203125e+01 1.423138523101806641e+01 1.583725929260253906e+01 1.194466781616210938e+01 9.035546302795410156e+00
9.309310913085937500e+00 1.864410400390625000e+01 1.396023273468017578e+01 1.956158065795898438e+01 1.449772834777832031e+01 1.586551952362060547e+01 1.924620437622070312e+01 1.447359657287597656e+01 1.118753814697265625e+01 1.109132766723632812e+01 1.427409553527832031e+01 1.270966720581054688e+01 1.351612758636474609e+01 2.123000907897949219e+01 1.846216011047363281e+01 2.218376541137695312e+01 2.278176498413085938e+01 2.931291007995605469e+01 3.272425842285156250e+01 2.631472969055175781e+01 4.016086196899414062e+01 2.823513412475585938e+01 3.411487579345703125e+01 2.679322052001953125e+01 3.707627868652343750e+01 4.531041717529296875e+01 3.480125045776367188e+01 4.275994873046875000e+01 5.964482879638671875e+01 7.287902069091796875e+01 5.286308670043945312e+01 4.971313858032226562e+01 5.245985412597656250e+01 5.168734359741210938e+01 4.844487762451171875e+01 4.706891632080078125e+01 3.107387924194335938e+01 4.224179840087890625e+01 3.303149032592773438e+01 2.347657585144042969e+01 2.813487052917480469e+01 3.056123542785644531e+01 3.243136978149414062e+01 3.800274276733398438e+01 2.795622253417968750e+01 2.582454681396484375e+01 2.727328681945800781e+01 2.070423698425292969e+01 2.216784477233886719e+01 2.929214859008789062e+01 2.402361297607421875e+01 3.035517883300781250e+01 3.016449546813964844e+01 3.378876495361328125e+01 3.573568344116210938e+01 2.904421043395996094e+01 2.358324623107910156e+01 3.326631546020507812e+01 2.293757438659667969e+01 2.315639114379882812e+01 2.814417076110839844e+01 2.855804824829101562e+01 3.487443923950195312e+01 3.207485580444335938e+01 3.629967117309570312e+01 3.857563018798828125e+01 4.501495742797851562e+01 4.425088500976562500e+01 3.287173843383789062e+01 3.792028427124023438e+01 5.156674575805664062e+01 4.133092498779296875e+01 4.818722152709960938e+01 3.941623306274414062e+01 5.153187179565429688e+01 3.832343292236328125e+01 5.095367813110351562e+01 6.331316375732421875e+01 7.328487396240234375e+01 8.072190093994140625e+01 9.452317047119140625e+01 2.034774017333984375e+02 2.867940979003906250e+02 6.735770874023437500e+02 2.219339843750000000e+03 6.737064208984375000e+02 3.596156921386718750e+02 2.442335510253906250e+02 2.399148712158203125e+02 2.172889251708984375e+02 1.555758819580078125e+02 1.715840148925781250e+02 1.605600585937500000e+02 1.415761108398437500e+02 9.363130187988281250e+01 6.678202819824218750e+01 5.887636566162109375e+01 4.362989044189453125e+01 4.420724105834960938e+01 4.107961654663085938e+01 2.527735900878906250e+01 2.561799812316894531e+01 2.309102249145507812e+01 2.610001754760742188e+01 2.363104057312011719e+01 1.586410522460937500e+01 1.356196308135986328e+01 1.863641357421875000e+01 1.650092697143554688e+01 2.524673652648925781e+01 1.328883743286132812e+01 1.134870338439941406e+01 1.113870525360107422e+01 1.200185585021972656e+01 1.340367412567138672e+01 1.795326805114746094e+01 1.538988304138183594e+01 1.678824234008789062e+01 9.780304908752441406e+00 1.404477882385253906e+01 2.443948936462402344e+01 2.352908897399902344e+01 2.438446807861328125e+01 1.959497070312500000e+01 1.723218727111816406e+01 1.473966503143310547e+01 2.318042755126953125e+01 1.595636081695556641e+01 2.061771202087402344e+01 9.628574371337890625e+00 1.238201427459716797e+01
1.338491630554199219e+01 1.346415901184082031e+01 1.232198238372802734e+01 1.578869819641113281e+01 1.677511405944824219e+01 1.415345191955566406e+01 1.867871475219726562e+01 1.352657794952392578e+01 6.150310993194580078e+00 1.900362396240234375e+01 1.334013080596923828e+01 9.502451896667480469e+00 1.389493274688720703e+01 1.570738983154296875e+01 2.088662338256835938e+01 1.754268455505371094e+01 2.387188148498535156e+01 2.306942558288574219e+01 2.741931724548339844e+01 3.222522735595703125e+01 3.842675018310546875e+01 2.990604591369628906e+01 3.282044219970703125e+01 2.967717742919921875e+01 3.248470306396484375e+01 3.358453750610351562e+01 4.002975845336914062e+01 3.356819152832031250e+01 5.280842208862304688e+01 3.614025878906250000e+01 3.584227371215820312e+01 3.603049087524414062e+01 2.317657279968261719e+01 4.010260009765625000e+01 4.359823608398437500e+01 6.547224426269531250e+01 4.205893325805664062e+01 2.941489410400390625e+01 3.741844177246093750e+01 2.452171897888183594e+01 2.629398536682128906e+01 2.306897735595703125e+01 2.139484405517578125e+01 1.984728431701660156e+01 2.388756561279296875e+01 2.011235618591308594e+01 1.973324394226074219e+01 2.257446670532226562e+01 1.992056274414062500e+01 1.923686599731445312e+01 2.469690322875976562e+01 2.704952812194824219e+01 2.349234199523925781e+01 2.796903419494628906e+01 2.976731109619140625e+01 2.385366439819335938e+01 3.173785400390625000e+01 3.260624313354492188e+01 3.168910980224609375e+01 2.705156326293945312e+01 2.358171081542968750e+01 3.224978256225585938e+01 2.688887786865234375e+01 2.997617340087890625e+01 2.195118331909179688e+01 2.884127616882324219e+01 3.343993377685546875e+01 3.084140014648437500e+01 3.653297805786132812e+01 3.386405944824218750e+01 2.727888298034667969e+01 4.206008529663085938e+01 3.275221252441406250e+01 4.353487014770507812e+01 4.116911697387695312e+01 4.634999084472656250e+01 3.593942642211914062e+01 4.877571105957031250e+01 6.123792648315429688e+01 6.567735290527343750e+01 9.385959625244140625e+01 1.334803009033203125e+02 2.051241912841796875e+02 3.755814514160156250e+02 6.737064208984375000e+02 2.076645019531250000e+03 7.141822509765625000e+02 3.886472778320312500e+02 3.391361083984375000e+02 2.783274841308593750e+02 1.946075286865234375e+02 1.556994628906250000e+02 1.500544891357421875e+02 1.246524658203125000e+02 1.026373672485351562e+02 6.770161437988281250e+01 4.561203384399414062e+01 4.180743789672851562e+01 3.884817504882812500e+01 3.999140167236328125e+01 3.577264022827148438e+01 2.772207450866699219e+01 2.681171417236328125e+01 2.439227485656738281e+01 1.675401878356933594e+01 1.853263092041015625e+01 2.074024391174316406e+01 1.669130897521972656e+01 1.615560340881347656e+01 2.207257652282714844e+01 1.655911827087402344e+01 1.414153194427490234e+01 1.756669235229492188e+01 1.472174167633056641e+01 1.326352310180664062e+01 1.342285728454589844e+01 1.242160511016845703e+01 1.045984935760498047e+01 1.919478034973144531e+01 1.544213867187500000e+01 2.740847396850585938e+01 2.502260398864746094e+01 2.025686454772949219e+01 1.907589340209960938e+01 1.342056083679199219e+01 1.377523708343505859e+01 1.833083534240722656e+01 2.236848640441894531e+01 1.622625732421875000e+01 8.098712921142578125e+00 1.350049114227294922e+01
4.926266193389892578e+00 1.665690994262695312e+01 1.219511222839355469e+01 1.572893810272216797e+01 1.831850814819335938e+01 1.063086318969726562e+01 1.527695178985595703e+01 1.175027084350585938e+01 1.164136123657226562e+01 1.271674537658691406e+01 9.118168830871582031e+00 1.498860073089599609e+01 1.328305339813232422e+01 1.825592613220214844e+01 1.527898597717285156e+01 1.928569984436035156e+01 1.560439491271972656e+01 2.350080108642578125e+01 2.550617218017578125e+01 2.051041221618652344e+01 3.101082420349121094e+01 1.294918060302734375e+01 2.563798522949218750e+01 1.657889938354492188e+01 2.732769775390625000e+01 3.531616592407226562e+01 3.595503616333007812e+01 3.529897689819335938e+01 5.707377243041992188e+01 4.531205749511718750e+01 2.444776916503906250e+01 3.389999771118164062e+01 3.187050628662109375e+01 3.833663558959960938e+01 4.231954574584960938e+01 3.765125656127929688e+01 3.685625076293945312e+01 2.930355834960937500e+01 2.360864639282226562e+01 2.035741996765136719e+01 2.004603958129882812e+01 1.963776779174804688e+01 1.968572235107421875e+01 1.867370986938476562e+01 2.354926490783691406e+01 1.797695159912109375e+01 1.815685844421386719e+01 2.543401145935058594e+01 1.675813865661621094e+01 1.867266845703125000e+01 2.124841308593750000e+01 2.636292457580566406e+01 2.305670547485351562e+01 2.561614036560058594e+01 1.526932811737060547e+01 2.162376403808593750e+01 3.800958251953125000e+01 3.109790229797363281e+01 2.744247817993164062e+01 2.370529174804687500e+01 3.433512496948242188e+01 3.040439033508300781e+01 2.142066383361816406e+01 2.503198051452636719e+01 3.007783889770507812e+01 2.843281936645507812e+01 3.176112937927246094e+01 3.095742797851562500e+01 3.492420959472656250e+01 2.401611518859863281e+01 3.059774971008300781e+01 2.707880592346191406e+01 3.616297149658203125e+01 3.609540557861328125e+01 2.532162475585937500e+01 3.766257858276367188e+01 4.346134185791015625e+01 5.213143157958984375e+01 6.354806518554687500e+01 5.693088531494140625e+01 7.402426910400390625e+01 1.461309051513671875e+02 1.941304016113281250e+02 2.611108093261718750e+02 3.596156921386718750e+02 7.141822509765625000e+02 2.139924560546875000e+03 6.998838500976562500e+02 4.833771972656250000e+02 3.504600524902343750e+02 2.140503540039062500e+02 1.826190032958984375e+02 1.389318084716796875e+02 1.222921218872070312e+02 8.924929809570312500e+01 6.229328918457031250e+01 5.938375473022460938e+01 3.744999694824218750e+01 3.825746917724609375e+01 3.953016662597656250e+01 3.051952362060546875e+01 2.517623710632324219e+01 2.131751441955566406e+01 2.320709419250488281e+01 1.681704902648925781e+01 2.143699645996093750e+01 1.696303558349609375e+01 1.755191802978515625e+01 1.621638298034667969e+01 1.520697402954101562e+01 1.131839179992675781e+01 9.294170379638671875e+00 1.778827095031738281e+01 1.105771350860595703e+01 1.549710464477539062e+01 1.340919589996337891e+01 1.512449836730957031e+01 2.016513061523437500e+01 1.057281684875488281e+01 1.542642211914062500e+01 2.241684913635253906e+01 1.514978122711181641e+01 2.573908805847167969e+01 1.203567123413085938e+01 1.411252880096435547e+01 2.897098541259765625e+01 1.577125549316406250e+01 1.393885135650634766e+01 1.706288719177246094e+01 1.514006137847900391e+01 6.084248542785644531e+00
8.037672042846679688e+00 8.153201103210449219e+00 1.243592929840087891e+01 1.497023487091064453e+01 1.106977367401123047e+01 1.329803657531738281e+01 1.483678627014160156e+01 8.576806068420410156e+00 1.213504886627197266e+01 8.892248153686523438e+00 1.487716007232666016e+01 1.018972015380859375e+01 1.191991138458251953e+01 8.510366439819335938e+00 2.415008544921875000e+01 1.778538703918457031e+01 2.103222084045410156e+01 2.968551826477050781e+01 2.080787467956542969e+01 2.546226501464843750e+01 2.606517791748046875e+01 3.621912002563476562e+01 2.654647636413574219e+01 1.829856681823730469e+01 4.087209701538085938e+01 3.131613349914550781e+01 3.219369506835937500e+01 3.016809844970703125e+01 4.152706146240234375e+01 3.577303314208984375e+01 2.825461196899414062e+01 4.311009979248046875e+01 3.747041702270507812e+01 3.596617507934570312e+01 3.596268844604492188e+01 3.334858703613281250e+01 2.749004936218261719e+01 2.523387145996093750e+01 2.648233222961425781e+01 2.435771560668945312e+01 2.199265289306640625e+01 2.167471885681152344e+01 2.064801216125488281e+01 2.240289306640625000e+01 1.600952720642089844e+01 1.984163093566894531e+01 1.622301864624023438e+01 1.659920501708984375e+01 2.460824775695800781e+01 2.538853073120117188e+01 2.503858375549316406e+01 2.094084167480468750e+01 2.216846275329589844e+01 1.315773963928222656e+01 2.429052734375000000e+01 2.681373405456542969e+01 2.722664642333984375e+01 2.536959457397460938e+01 2.718483161926269531e+01 2.398001289367675781e+01 2.412016296386718750e+01 2.671181488037109375e+01 2.516389274597167969e+01 2.269003295898437500e+01 2.282551574707031250e+01 2.551496887207031250e+01 2.776141357421875000e+01 2.645761489868164062e+01 2.635425376892089844e+01 3.040182685852050781e+01 2.340147209167480469e+01 3.387259674072265625e+01 2.388230133056640625e+01 3.519221496582031250e+01 3.798281478881835938e+01 4.699124145507812500e+01 2.774790763854980469e+01 4.733032226562500000e+01 4.354758071899414062e+01 6.167164611816406250e+01 6.512519836425781250e+01 1.176446456909179688e+02 1.689291992187500000e+02 2.001685485839843750e+02 2.442335510253906250e+02 3.886472778320312500e+02 6.998838500976562500e+02 2.284442138671875000e+03 8.926182861328125000e+02 4.114360046386718750e+02 2.273920745849609375e+02 1.700999298095703125e+02 1.528298187255859375e+02 1.135057907104492188e+02 9.482149505615234375e+01 5.263367080688476562e+01 4.596075820922851562e+01 3.984993362426757812e+01 3.967417526245117188e+01 2.470106697082519531e+01 3.010891151428222656e+01 2.540314674377441406e+01 2.131772804260253906e+01 2.540912818908691406e+01 1.306600856781005859e+01 1.748824882507324219e+01 1.186148834228515625e+01 1.929926872253417969e+01 1.952894592285156250e+01 1.501756286621093750e+01 9.943787574768066406e+00 1.971362113952636719e+01 1.451162910461425781e+01 1.683893203735351562e+01 1.580312633514404297e+01 1.093918991088867188e+01 1.289937210083007812e+01 1.196411991119384766e+01 8.625278472900390625e+00 1.589663791656494141e+01 1.502196598052978516e+01 2.666975593566894531e+01 2.244601631164550781e+01 1.963734245300292969e+01 1.784509849548339844e+01 1.744448280334472656e+01 1.858444213867187500e+01 1.634621620178222656e+01 1.565984535217285156e+01 9.263419151306152344e+00 1.323604106903076172e+01
1.673993873596191406e+01 1.609614372253417969e+01 1.133130359649658203e+01 2.143507003784179688e+01 1.765136909484863281e+01 1.422410869598388672e+01 1.568192768096923828e+01 1.195230484008789062e+01 1.057640266418457031e+01 1.147838783264160156e+01 1.459843635559082031e+01 1.299846076965332031e+01 1.431693267822265625e+01 1.292405033111572266e+01 1.064755439758300781e+01 1.308913326263427734e+01 1.664244270324707031e+01 2.310409164428710938e+01 2.308126068115234375e+01 3.049217605590820312e+01 4.051458740234375000e+01 2.337637710571289062e+01 2.418847656250000000e+01 1.884795379638671875e+01 2.031361007690429688e+01 3.652411651611328125e+01 3.911210250854492188e+01 3.498524475097656250e+01 4.127825927734375000e+01 3.259548187255859375e+01 2.953089714050292969e+01 3.483394241333007812e+01 2.717432022094726562e+01 3.633358383178710938e+01 3.997731399536132812e+01 4.158137130737304688e+01 3.522408294677734375e+01 3.146337127685546875e+01 2.632366752624511719e+01 2.622943115234375000e+01 2.312209320068359375e+01 1.631476593017578125e+01 1.811713218688964844e+01 2.449553871154785156e+01 2.158946418762207031e+01 2.358155441284179688e+01 2.506513786315917969e+01 2.394755935668945312e+01 2.366810226440429688e+01 2.313338661193847656e+01 2.573946189880371094e+01 2.784760093688964844e+01 2.632035446166992188e+01 2.256752586364746094e+01 2.156540298461914062e+01 2.700378417968750000e+01 3.032116889953613281e+01 2.311613082885742188e+01 2.404159545898437500e+01 2.678384590148925781e+01 2.552246856689453125e+01 3.042391014099121094e+01 2.611324310302734375e+01 2.136373519897460938e+01 3.119704627990722656e+01 3.170262527465820312e+01 2.529549598693847656e+01 2.410750770568847656e+01 3.504647827148437500e+01 3.077930450439453125e+01 2.700891494750976562e+01 2.415431785583496094e+01 3.264142227172851562e+01 2.944859886169433594e+01 3.460897827148437500e+01 2.634906196594238281e+01 4.143634033203125000e+01 3.937608718872070312e+01 5.038660430908203125e+01 5.549988937377929688e+01 7.983985137939453125e+01 9.147291564941406250e+01 1.378902435302734375e+02 1.994569396972656250e+02 2.399148712158203125e+02 3.391361083984375000e+02 4.833771972656250000e+02 8.926182861328125000e+02 2.012823730468750000e+03 7.217684326171875000e+02 2.850008850097656250e+02 2.106417846679687500e+02 1.514044036865234375e+02 1.197536468505859375e+02 1.074843978881835938e+02 8.144670104980468750e+01 5.772411346435546875e+01 4.034472274780273438e+01 3.133008956909179688e+01 4.001242065429687500e+01 2.954482078552246094e+01 2.954898262023925781e+01 3.220323181152343750e+01 1.861251640319824219e+01 1.785812377929687500e+01 1.593484973907470703e+01 2.161577415466308594e+01 2.269032859802246094e+01 1.205418968200683594e+01 1.844314384460449219e+01 1.488515090942382812e+01 1.519908237457275391e+01 1.474831581115722656e+01 9.315518379211425781e+00 1.209550285339355469e+01 1.731199645996093750e+01 1.226460552215576172e+01 1.567076683044433594e+01 1.357487010955810547e+01 1.750224113464355469e+01 2.142412376403808594e+01 2.607891273498535156e+01 2.441073989868164062e+01 1.431443881988525391e+01 1.573548507690429688e+01 1.743319320678710938e+01 2.084144210815429688e+01 2.266517639160156250e+01 8.719855308532714844e+00 1.125412368774414062e+01 1.432165908813476562e+01
1.300688171386718750e+01 1.243265247344970703e+01 1.896329879760742188e+01 1.428679370880126953e+01 1.157490921020507812e+01 1.360257244110107422e+01 1.085967254638671875e+01 1.406773757934570312e+01 1.333242893218994141e+01 1.226821994781494141e+01 1.445913410186767578e+01 1.598204612731933594e+01 1.794037628173828125e+01 1.235932064056396484e+01 1.425521850585937500e+01 2.026592826843261719e+01 2.073803329467773438e+01 1.724451446533203125e+01 2.364932441711425781e+01 2.852588272094726562e+01 4.408829879760742188e+01 4.865483474731445312e+01 3.014109420776367188e+01 3.050278472900390625e+01 4.289905166625976562e+01 3.929417800903320312e+01 3.116921806335449219e+01 4.062578582763671875e+01 6.579094696044921875e+01 5.922526168823242188e+01 4.127460098266601562e+01 3.331184005737304688e+01 2.865223693847656250e+01 3.065819168090820312e+01 4.073738098144531250e+01 3.135272407531738281e+01 4.416468811035156250e+01 3.182442474365234375e+01 3.776014328002929688e+01 2.797753715515136719e+01 2.309449577331542969e+01 3.448835754394531250e+01 3.398460769653320312e+01 2.264434242248535156e+01 2.790012359619140625e+01 2.630965614318847656e+01 1.843837738037109375e+01 2.169582366943359375e+01 2.025138473510742188e+01 2.488786888122558594e+01 2.685245513916015625e+01 2.761709785461425781e+01 2.692632484436035156e+01 1.955815887451171875e+01 2.387935638427734375e+01 3.258721160888671875e+01 2.833724975585937500e+01 3.344248199462890625e+01 3.553165817260742188e+01 3.100581550598144531e+01 3.050904846191406250e+01 2.244433403015136719e+01 3.898099136352539062e+01 2.702062034606933594e+01 2.734770393371582031e+01 3.638081741333007812e+01 3.789795684814453125e+01 2.881763267517089844e+01 2.792923927307128906e+01 3.178912162780761719e+01 2.990695571899414062e+01 3.657321548461914062e+01 3.243924331665039062e+01 4.756217575073242188e+01 4.587086868286132812e+01 4.409600067138671875e+01 5.104332351684570312e+01 5.020734405517578125e+01 6.625425720214843750e+01 6.568002319335937500e+01 8.460534667968750000e+01 1.216461944580078125e+02 1.492425537109375000e+02 2.149922180175781250e+02 2.172889251708984375e+02 2.783274841308593750e+02 3.504600524902343750e+02 4.114360046386718750e+02 7.217684326171875000e+02 1.789865600585937500e+03 6.445831909179687500e+02 3.048919372558593750e+02 2.225454864501953125e+02 1.535621032714843750e+02 1.263945159912109375e+02 8.777204895019531250e+01 6.548448944091796875e+01 5.054218292236328125e+01 4.148458862304687500e+01 3.766616058349609375e+01 2.573116683959960938e+01 2.307721138000488281e+01 2.835194778442382812e+01 2.083811569213867188e+01 2.163187408447265625e+01 1.731654548645019531e+01 1.636474037170410156e+01 1.844402503967285156e+01 2.085923194885253906e+01 1.877513885498046875e+01 1.547253227233886719e+01 1.982037734985351562e+01 1.653557586669921875e+01 1.257666110992431641e+01 1.652425384521484375e+01 1.354543399810791016e+01 1.563825511932373047e+01 1.368288516998291016e+01 2.049742507934570312e+01 1.731461715698242188e+01 2.048797607421875000e+01 2.097174072265625000e+01 1.577303314208984375e+01 2.167417907714843750e+01 1.705429458618164062e+01 1.618109512329101562e+01 1.743941116333007812e+01 1.857839775085449219e+01 1.137113475799560547e+01 1.681619262695312500e+01 7.208347320556640625e+00
7.494282722473144531e+00 1.330350208282470703e+01 1.318953323364257812e+01 1.628452873229980469e+01 1.174059009552001953e+01 1.132084274291992188e+01 1.258870410919189453e+01 1.070182609558105469e+01 1.033077144622802734e+01 9.672932624816894531e+00 1.307111263275146484e+01 1.496382427215576172e+01 1.679738998413085938e+01 2.545819091796875000e+01 1.906716346740722656e+01 1.116163444519042969e+01 1.444971656799316406e+01 3.330083847045898438e+01 3.099966621398925781e+01 2.967609977722167969e+01 3.377407073974609375e+01 2.462433433532714844e+01 2.887709236145019531e+01 3.375206756591796875e+01 3.486100387573242188e+01 2.248322677612304688e+01 3.618743896484375000e+01 4.475000381469726562e+01 7.597257232666015625e+01 5.058778762817382812e+01 4.067892837524414062e+01 4.645249557495117188e+01 3.119394493103027344e+01 3.699748992919921875e+01 5.398558807373046875e+01 5.011869049072265625e+01 3.504317092895507812e+01 3.575625610351562500e+01 2.749789237976074219e+01 3.251803207397460938e+01 3.772547531127929688e+01 1.998972511291503906e+01 2.246077919006347656e+01 2.339493942260742188e+01 2.298788642883300781e+01 3.096777725219726562e+01 2.416912841796875000e+01 2.934183120727539062e+01 1.784580039978027344e+01 2.692704963684082031e+01 2.618924713134765625e+01 1.754623222351074219e+01 2.521084022521972656e+01 2.778387832641601562e+01 3.150444793701171875e+01 3.338947296142578125e+01 4.195738220214843750e+01 3.608823776245117188e+01 2.609249114990234375e+01 3.660358047485351562e+01 4.316535186767578125e+01 3.735893249511718750e+01 3.535695648193359375e+01 3.332080078125000000e+01 3.724417877197265625e+01 2.649343299865722656e+01 3.623843002319335938e+01 4.022719192504882812e+01 3.602869415283203125e+01 5.732292556762695312e+01 3.691116714477539062e+01 3.364236450195312500e+01 4.126079559326171875e+01 4.570386886596679688e+01 4.349207305908203125e+01 6.782803344726562500e+01 4.653366851806640625e+01 4.700862121582031250e+01 6.090530014038085938e+01 6.832836914062500000e+01 6.569058227539062500e+01 1.023784942626953125e+02 1.454767761230468750e+02 1.667997589111328125e+02 1.555758819580078125e+02 1.946075286865234375e+02 2.140503540039062500e+02 2.273920745849609375e+02 2.850008850097656250e+02 6.445831909179687500e+02 2.913474365234375000e+03 5.346106567382812500e+02 2.995799255371093750e+02 1.930045013427734375e+02 1.390632171630859375e+02 1.014294509887695312e+02 6.283259582519531250e+01 4.190356063842773438e+01 3.279956436157226562e+01 1.903268241882324219e+01 2.456421470642089844e+01 2.028408050537109375e+01 2.654563713073730469e+01 2.601401519775390625e+01 3.197952651977539062e+01 1.815889930725097656e+01 2.580570602416992188e+01 1.523730850219726562e+01 2.364192199707031250e+01 2.237323379516601562e+01 1.506624317169189453e+01 2.103196334838867188e+01 1.092853355407714844e+01 2.060694503784179688e+01 1.444005584716796875e+01 1.597049331665039062e+01 1.281169509887695312e+01 1.830163574218750000e+01 1.535322189331054688e+01 1.837303161621093750e+01 1.598556709289550781e+01 1.485939216613769531e+01 2.599190521240234375e+01 1.602103424072265625e+01 1.972488021850585938e+01 1.652748298645019531e+01 1.982727050781250000e+01 1.971406364440917969e+01 1.703468322753906250e+01 1.637462043762207031e+01 1.889748382568359375e+01
1.727677345275878906e+01 1.319093513488769531e+01 1.508992099761962891e+01 1.937608718872070312e+01 1.343220996856689453e+01 9.541295051574707031e+00 1.152201747894287109e+01 1.273352813720703125e+01 1.536503887176513672e+01 1.150930404663085938e+01 1.555261516571044922e+01 9.891472816467285156e+00 2.103822326660156250e+01 1.445722770690917969e+01 1.739336204528808594e+01 2.324110221862792969e+01 3.116220855712890625e+01 3.061768150329589844e+01 2.283347129821777344e+01 5.084639739990234375e+01 5.506963729858398438e+01 3.808892440795898438e+01 3.748287582397460938e+01 3.243674087524414062e+01 3.246201324462890625e+01 4.012737655639648438e+01 4.305749130249023438e+01 5.857019042968750000e+01 7.451536560058593750e+01 6.713689422607421875e+01 6.292217636108398438e+01 5.764010238647460938e+01 4.156992340087890625e+01 5.085222244262695312e+01 4.189210128784179688e+01 4.770683288574218750e+01 4.586558532714843750e+01 4.963519287109375000e+01 3.739230346679687500e+01 3.869145965576171875e+01 3.996083831787109375e+01 4.025103378295898438e+01 3.266373443603515625e+01 2.870626831054687500e+01 3.294678878784179688e+01 4.187147521972656250e+01 3.286576843261718750e+01 3.491226959228515625e+01 3.450485992431640625e+01 3.511972808837890625e+01 3.926308441162109375e+01 2.911836624145507812e+01 3.064913558959960938e+01 3.606386947631835938e+01 3.023020172119140625e+01 3.561851119995117188e+01 4.111292648315429688e+01 3.662482833862304688e+01 3.880756759643554688e+01 3.228902053833007812e+01 3.549891662597656250e+01 2.592997550964355469e+01 3.528396606445312500e+01 4.184922409057617188e+01 3.655975341796875000e+01 2.401761054992675781e+01 3.503350830078125000e+01 4.144337081909179688e+01 5.185718917846679688e+01 4.197259902954101562e+01 3.483200454711914062e+01 4.431809234619140625e+01 4.909400558471679688e+01 4.601433563232421875e+01 4.722085571289062500e+01 5.087919998168945312e+01 5.536791610717773438e+01 7.657498931884765625e+01 6.978395080566406250e+01 9.090847015380859375e+01 8.850662994384765625e+01 1.248600463867187500e+02 1.571520385742187500e+02 1.646956787109375000e+02 1.715840148925781250e+02 1.556994628906250000e+02 1.826190032958984375e+02 1.700999298095703125e+02 2.106417846679687500e+02 3.048919372558593750e+02 5.346106567382812500e+02 1.983670776367187500e+03 6.198118896484375000e+02 3.253314208984375000e+02 1.879275054931640625e+02 1.383037719726562500e+02 8.561355590820312500e+01 4.856934738159179688e+01 4.981006622314453125e+01 3.729924011230468750e+01 4.271732330322265625e+01 3.148035430908203125e+01 2.995150947570800781e+01 3.095268058776855469e+01 2.409879112243652344e+01 2.855118179321289062e+01 3.262387847900390625e+01 2.961242485046386719e+01 1.895734596252441406e+01 1.521183395385742188e+01 2.206340217590332031e+01 1.987263870239257812e+01 1.950491333007812500e+01 2.160015869140625000e+01 2.147680854797363281e+01 2.067911720275878906e+01 2.232149505615234375e+01 2.105026245117187500e+01 2.359613418579101562e+01 1.800324440002441406e+01 1.711833190917968750e+01 1.704895019531250000e+01 1.827467536926269531e+01 1.270837974548339844e+01 1.396998596191406250e+01 1.966516494750976562e+01 2.150981140136718750e+01 1.586777210235595703e+01 2.364676284790039062e+01 2.023263931274414062e+01 1.204559040069580078e+01
1.902779769897460938e+01 1.303683757781982422e+01 1.355785369873046875e+01 1.430012607574462891e+01 1.303392505645751953e+01 1.563234329223632812e+01 1.501068592071533203e+01 1.760108184814453125e+01 1.702621459960937500e+01 1.292596721649169922e+01 1.596979618072509766e+01 1.688568115234375000e+01 2.173756408691406250e+01 2.226753807067871094e+01 1.970414924621582031e+01 2.028483963012695312e+01 1.882646751403808594e+01 3.560000228881835938e+01 4.260850906372070312e+01 4.885650634765625000e+01 6.686278533935546875e+01 4.606779098510742188e+01 4.279819869995117188e+01 3.677627944946289062e+01 3.645771408081054688e+01 5.244113159179687500e+01 5.178918838500976562e+01 6.219153594970703125e+01 8.890065765380859375e+01 7.904070281982421875e+01 6.160728073120117188e+01 5.888219070434570312e+01 4.868756103515625000e+01 4.841695404052734375e+01 5.081241989135742188e+01 5.510982513427734375e+01 4.195814514160156250e+01 4.864993667602539062e+01 4.549444198608398438e+01 3.766007614135742188e+01 3.590364837646484375e+01 2.958903694152832031e+01 3.735125350952148438e+01 3.517056274414062500e+01 3.797957611083984375e+01 3.536307907104492188e+01 4.798451995849609375e+01 3.981279754638671875e+01 3.517490386962890625e+01 3.708985137939453125e+01 3.135709953308105469e+01 3.800894546508789062e+01 3.398226547241210938e+01 2.835204315185546875e+01 4.019821548461914062e+01 3.200219345092773438e+01 4.551383590698242188e+01 3.971455001831054688e+01 3.835421752929687500e+01 3.913077163696289062e+01 3.732363510131835938e+01 3.577803802490234375e+01 3.779807662963867188e+01 3.628099822998046875e+01 4.130868530273437500e+01 4.248389816284179688e+01 4.519714736938476562e+01 4.667568588256835938e+01 4.907708740234375000e+01 4.065734100341796875e+01 4.762364959716796875e+01 5.587436676025390625e+01 5.391165161132812500e+01 5.136497116088867188e+01 5.463146591186523438e+01 6.935837554931640625e+01 7.529193115234375000e+01 7.298824310302734375e+01 7.174194335937500000e+01 8.367076873779296875e+01 9.294618225097656250e+01 1.436490936279296875e+02 1.565439758300781250e+02 1.633785247802734375e+02 1.605600585937500000e+02 1.500544891357421875e+02 1.389318084716796875e+02 1.528298187255859375e+02 1.514044036865234375e+02 2.225454864501953125e+02 2.995799255371093750e+02 6.198118896484375000e+02 1.881324951171875000e+03 4.824786682128906250e+02 2.653316040039062500e+02 1.551295166015625000e+02 9.533905029296875000e+01 7.028443908691406250e+01 5.259617996215820312e+01 4.428408050537109375e+01 3.939027404785156250e+01 3.676943588256835938e+01 3.229266738891601562e+01 3.823886108398437500e+01 2.962913513183593750e+01 3.189217948913574219e+01 3.448423767089843750e+01 2.932078742980957031e+01 3.076860618591308594e+01 2.733477783203125000e+01 2.849602699279785156e+01 2.050016975402832031e+01 2.823407173156738281e+01 2.150517845153808594e+01 2.591215705871582031e+01 2.410324478149414062e+01 1.809860610961914062e+01 1.956521987915039062e+01 1.504547309875488281e+01 1.790846824645996094e+01 1.993745422363281250e+01 1.815464782714843750e+01 2.083983230590820312e+01 1.941078376770019531e+01 1.907847023010253906e+01 2.355810356140136719e+01 1.433859920501708984e+01 1.115744113922119141e+01 1.821079444885253906e+01 1.750516128540039062e+01 1.443014907836914062e+01
1.516529560089111328e+01 1.863742637634277344e+01 1.452952289581298828e+01 1.883032989501953125e+01 1.799426078796386719e+01 1.468503475189208984e+01 1.688235855102539062e+01 1.127650833129882812e+01 1.608089447021484375e+01 1.279836654663085938e+01 1.627721023559570312e+01 1.656370735168457031e+01 1.706425476074218750e+01 1.152822017669677734e+01 1.662078475952148438e+01 2.154402923583984375e+01 2.417938423156738281e+01 3.141584014892578125e+01 3.860330200195312500e+01 5.691083908081054688e+01 7.477015686035156250e+01 4.139669799804687500e+01 5.802652740478515625e+01 5.011366653442382812e+01 4.907415771484375000e+01 4.454217529296875000e+01 5.596600341796875000e+01 6.547844696044921875e+01 1.252906341552734375e+02 1.150888900756835938e+02 6.247660446166992188e+01 5.867279815673828125e+01 4.583737564086914062e+01 5.083837509155273438e+01 5.407408142089843750e+01 4.725469589233398438e+01 4.974800491333007812e+01 5.667021179199218750e+01 5.788631439208984375e+01 4.836794281005859375e+01 3.151018714904785156e+01 4.212632751464843750e+01 3.884720230102539062e+01 4.369991683959960938e+01 4.293957519531250000e+01 2.629335784912109375e+01 4.012981414794921875e+01 2.670145416259765625e+01 3.402902984619140625e+01 3.546627426147460938e+01 3.065619850158691406e+01 2.932498931884765625e+01 3.685451507568359375e+01 3.695774841308593750e+01 3.227140045166015625e+01 3.512732315063476562e+01 3.764982986450195312e+01 3.833118057250976562e+01 3.005555343627929688e+01 4.086639404296875000e+01 4.821960449218750000e+01 4.070707702636718750e+01 4.189889907836914062e+01 4.840939712524414062e+01 5.159716796875000000e+01 4.320351409912109375e+01 4.230659866333007812e+01 4.459602355957031250e+01 4.486585617065429688e+01 4.941911315917968750e+01 6.656968688964843750e+01 5.386397933959960938e+01 6.208572769165039062e+01 6.494052124023437500e+01 5.348286437988281250e+01 6.243063354492187500e+01 6.421209716796875000e+01 8.223328399658203125e+01 9.129397583007812500e+01 8.895566558837890625e+01 1.010510711669921875e+02 1.306772613525390625e+02 1.477880096435546875e+02 1.582313385009765625e+02 1.415761108398437500e+02 1.246524658203125000e+02 1.222921218872070312e+02 1.135057907104492188e+02 1.197536468505859375e+02 1.535621032714843750e+02 1.930045013427734375e+02 3.253314208984375000e+02 4.824786682128906250e+02 1.845071899414062500e+03 5.854617309570312500e+02 2.433967895507812500e+02 1.325104217529296875e+02 9.221768951416015625e+01 5.911730575561523438e+01 4.461372375488281250e+01 4.000146484375000000e+01 4.008554458618164062e+01 5.186495208740234375e+01 3.948112106323242188e+01 3.584115219116210938e+01 2.826617050170898438e+01 3.113113212585449219e+01 3.668448638916015625e+01 3.072087860107421875e+01 2.852432441711425781e+01 2.092652320861816406e+01 3.004228401184082031e+01 2.778524017333984375e+01 2.016256141662597656e+01 2.055077743530273438e+01 2.866176414489746094e+01 1.823332977294921875e+01 2.203099250793457031e+01 2.947524642944335938e+01 2.422544860839843750e+01 1.658877182006835938e+01 1.982584381103515625e+01 1.397675895690917969e+01 1.928567123413085938e+01 2.631752586364746094e+01 2.115306854248046875e+01 2.251195144653320312e+01 2.527160072326660156e+01 2.032909584045410156e+01 1.176404285430908203e+01 1.092588806152343750e+01
1.487902164459228516e+01 1.891268730163574219e+01 1.611463165283203125e+01 1.436934471130371094e+01 1.381307792663574219e+01 1.331923484802246094e+01 1.538055324554443359e+01 1.501228332519531250e+01 1.671228981018066406e+01 9.957876205444335938e+00 2.032154655456542969e+01 1.369300174713134766e+01 1.560198879241943359e+01 1.633753776550292969e+01 1.869413375854492188e+01 2.560725021362304688e+01 2.071927070617675781e+01 2.671309852600097656e+01 2.605130577087402344e+01 3.631120681762695312e+01 5.592470932006835938e+01 3.476532363891601562e+01 4.941756057739257812e+01 3.741912841796875000e+01 3.477340316772460938e+01 3.486859512329101562e+01 4.806895828247070312e+01 3.685459518432617188e+01 7.126522064208984375e+01 8.813199615478515625e+01 5.184801483154296875e+01 4.684494781494140625e+01 3.743441009521484375e+01 3.377204132080078125e+01 3.728071975708007812e+01 4.211843109130859375e+01 3.463244628906250000e+01 3.824369812011718750e+01 4.852786636352539062e+01 3.825822067260742188e+01 3.734826660156250000e+01 3.527756500244140625e+01 3.009585571289062500e+01 2.924498367309570312e+01 2.827513694763183594e+01 2.898183822631835938e+01 3.317479705810546875e+01 2.655488204956054688e+01 2.821337318420410156e+01 2.802488136291503906e+01 2.588229560852050781e+01 3.096532440185546875e+01 3.739883041381835938e+01 3.194546127319335938e+01 3.228304290771484375e+01 2.844666481018066406e+01 4.355632781982421875e+01 3.059520339965820312e+01 3.376826477050781250e+01 3.341247177124023438e+01 4.107613754272460938e+01 3.754374313354492188e+01 3.153417968750000000e+01 3.049098777770996094e+01 4.546184539794921875e+01 3.413872528076171875e+01 3.819417572021484375e+01 4.097931671142578125e+01 4.375597000122070312e+01 4.669044494628906250e+01 4.791927719116210938e+01 3.816741943359375000e+01 5.191541671752929688e+01 4.825662231445312500e+01 4.157516860961914062e+01 5.724872970581054688e+01 5.104875946044921875e+01 6.913341522216796875e+01 5.905026626586914062e+01 8.842890167236328125e+01 8.978872680664062500e+01 1.114168777465820312e+02 1.069729995727539062e+02 1.130199890136718750e+02 9.363130187988281250e+01 1.026373672485351562e+02 8.924929809570312500e+01 9.482149505615234375e+01 1.074843978881835938e+02 1.263945159912109375e+02 1.390632171630859375e+02 1.879275054931640625e+02 2.653316040039062500e+02 5.854617309570312500e+02 1.791595947265625000e+03 4.943219299316406250e+02 2.247528381347656250e+02 1.593766632080078125e+02 9.952016448974609375e+01 6.915297698974609375e+01 7.002782440185546875e+01 6.640609741210937500e+01 5.384751510620117188e+01 6.121218872070312500e+01 5.142036437988281250e+01 4.806982803344726562e+01 3.795126724243164062e+01 4.362248229980468750e+01 4.414162445068359375e+01 3.697702789306640625e+01 3.476980972290039062e+01 3.930023956298828125e+01 3.589434051513671875e+01 3.117156600952148438e+01 3.579837799072265625e+01 2.984239578247070312e+01 3.552981948852539062e+01 3.014521789550781250e+01 2.182663726806640625e+01 2.225207138061523438e+01 2.068812942504882812e+01 2.372614288330078125e+01 2.710507202148437500e+01 2.010572814941406250e+01 2.486440849304199219e+01 3.024772834777832031e+01 2.264114952087402344e+01 2.592276763916015625e+01 3.173269271850585938e+01 2.445188713073730469e+01 2.699761390686035156e+01
1.107538318634033203e+01 1.205844306945800781e+01 1.007590484619140625e+01 1.045151901245117188e+01 1.281287288665771484e+01 1.383049964904785156e+01 1.419639396667480469e+01 1.596162319183349609e+01 1.832072639465332031e+01 1.200787448883056641e+01 1.545365619659423828e+01 1.336680793762207031e+01 1.254261589050292969e+01 1.860640335083007812e+01 2.464661788940429688e+01 1.583535194396972656e+01 2.050025558471679688e+01 2.433829116821289062e+01 3.839538955688476562e+01 3.087508583068847656e+01 3.785979461669921875e+01 3.609980392456054688e+01 3.910659408569335938e+01 3.069557189941406250e+01 2.938830757141113281e+01 3.576402282714843750e+01 3.809113311767578125e+01 3.915105438232421875e+01 5.340678787231445312e+01 6.716977691650390625e+01 3.783370971679687500e+01 4.393571472167968750e+01 3.894510650634765625e+01 3.559630584716796875e+01 3.552046585083007812e+01 2.776477813720703125e+01 3.314454269409179688e+01 2.459563446044921875e+01 2.415034866333007812e+01 3.929961013793945312e+01 2.697871208190917969e+01 3.199593544006347656e+01 2.950536346435546875e+01 2.558481788635253906e+01 3.459019851684570312e+01 2.396450996398925781e+01 3.102381515502929688e+01 2.775210189819335938e+01 2.162611770629882812e+01 2.154997444152832031e+01 2.477032279968261719e+01 2.270974540710449219e+01 2.747350311279296875e+01 2.627855873107910156e+01 2.258846473693847656e+01 2.504655838012695312e+01 3.034670257568359375e+01 3.463494491577148438e+01 2.652972030639648438e+01 3.820183181762695312e+01 3.362196350097656250e+01 3.459869766235351562e+01 2.696881294250488281e+01 2.743015289306640625e+01 3.874893569946289062e+01 3.162084579467773438e+01 3.284692001342773438e+01 3.526371765136718750e+01 4.506914901733398438e+01 3.909893417358398438e+01 3.912477111816406250e+01 3.579708862304687500e+01 3.848328399658203125e+01 4.599865341186523438e+01 4.422086715698242188e+01 3.904973602294921875e+01 4.222820281982421875e+01 5.504783248901367188e+01 4.373748779296875000e+01 4.817601394653320312e+01 5.756299972534179688e+01 7.746533203125000000e+01 6.970267486572265625e+01 7.351242065429687500e+01 6.678202819824218750e+01 6.770161437988281250e+01 6.229328918457031250e+01 5.263367080688476562e+01 8.144670104980468750e+01 8.777204895019531250e+01 1.014294509887695312e+02 1.383037719726562500e+02 1.551295166015625000e+02 2.433967895507812500e+02 4.943219299316406250e+02 1.736966308593750000e+03 5.161639404296875000e+02 2.330161285400390625e+02 1.244981842041015625e+02 1.011260604858398438e+02 9.695449829101562500e+01 8.341345977783203125e+01 7.618798065185546875e+01 7.189152526855468750e+01 7.259252929687500000e+01 5.765912246704101562e+01 5.644248962402343750e+01 5.908820343017578125e+01 5.152754974365234375e+01 5.491798782348632812e+01 5.042293548583984375e+01 4.563564300537109375e+01 4.694461822509765625e+01 5.011835098266601562e+01 4.292419815063476562e+01 4.131721496582031250e+01 4.457531738281250000e+01 4.442915344238281250e+01 4.356417083740234375e+01 4.139954376220703125e+01 4.586240768432617188e+01 3.162221145629882812e+01 3.072959136962890625e+01 3.586214828491210938e+01 2.976107215881347656e+01 3.560629272460937500e+01 3.143891525268554688e+01 3.290464401245117188e+01 3.893672943115234375e+01 2.442251777648925781e+01 2.681043815612792969e+01
9.702609062194824219e+00 1.004711151123046875e+01 1.510575389862060547e+01 6.023731708526611328e+00 1.403092479705810547e+01 1.282464313507080078e+01 1.692504882812500000e+01 1.225662326812744141e+01 1.226034450531005859e+01 1.408864307403564453e+01 1.450521755218505859e+01 1.506803512573242188e+01 2.003017425537109375e+01 1.797813224792480469e+01 1.563424396514892578e+01 9.392898559570312500e+00 1.461530399322509766e+01 1.633088493347167969e+01 1.624482917785644531e+01 1.613669395446777344e+01 2.429234123229980469e+01 2.869230842590332031e+01 2.379125213623046875e+01 3.193295669555664062e+01 3.041600990295410156e+01 2.381589698791503906e+01 3.173758697509765625e+01 3.476184463500976562e+01 3.588784408569335938e+01 3.904473876953125000e+01 3.862152481079101562e+01 2.749283027648925781e+01 2.180833625793457031e+01 2.642729568481445312e+01 2.507046699523925781e+01 3.800528717041015625e+01 3.085110855102539062e+01 1.893783569335937500e+01 2.966720581054687500e+01 2.338892173767089844e+01 3.216422653198242188e+01 1.891235160827636719e+01 2.261719894409179688e+01 2.839564132690429688e+01 1.758645057678222656e+01 2.278011131286621094e+01 2.533081054687500000e+01 1.461074447631835938e+01 2.960249900817871094e+01 2.413495063781738281e+01 2.034383010864257812e+01 2.690117454528808594e+01 1.702939414978027344e+01 2.043801307678222656e+01 2.039390373229980469e+01 1.639693641662597656e+01 2.316626167297363281e+01 2.129986763000488281e+01 3.293659210205078125e+01 1.797532272338867188e+01 2.383322715759277344e+01 3.022963714599609375e+01 1.771955871582031250e+01 3.355285263061523438e+01 2.169848442077636719e+01 3.021684646606445312e+01 3.030039787292480469e+01 2.604043197631835938e+01 2.858899688720703125e+01 2.711671447753906250e+01 2.883741188049316406e+01 2.877787399291992188e+01 3.116110610961914062e+01 2.958567237854003906e+01 4.363854980468750000e+01 3.245329666137695312e+01 4.152065658569335938e+01 3.840011978149414062e+01 5.840900421142578125e+01 4.423128128051757812e+01 4.877724838256835938e+01 7.455722808837890625e+01 4.089050674438476562e+01 5.709682083129882812e+01 5.887636566162109375e+01 4.561203384399414062e+01 5.938375473022460938e+01 4.596075820922851562e+01 5.772411346435546875e+01 6.548448944091796875e+01 6.283259582519531250e+01 8.561355590820312500e+01 9.533905029296875000e+01 1.325104217529296875e+02 2.247528381347656250e+02 5.161639404296875000e+02 2.065829345703125000e+03 5.289492797851562500e+02 2.067353363037109375e+02 1.188566207885742188e+02 1.125319519042968750e+02 1.118953475952148438e+02 9.836299133300781250e+01 8.840873718261718750e+01 9.246642303466796875e+01 8.228412628173828125e+01 8.665673828125000000e+01 7.496358489990234375e+01 6.787089538574218750e+01 7.517344665527343750e+01 5.626668930053710938e+01 4.004325485229492188e+01 5.246855926513671875e+01 4.891178894042968750e+01 6.009133148193359375e+01 4.925869369506835938e+01 4.205962371826171875e+01 4.186036300659179688e+01 4.389576721191406250e+01 5.457012557983398438e+01 4.829067611694335938e+01 4.672081375122070312e+01 5.047633743286132812e+01 3.595266723632812500e+01 4.803421020507812500e+01 3.804019165039062500e+01 3.321965789794921875e+01 3.453134918212890625e+01 3.400032043457031250e+01 4.158403015136718750e+01 3.669895553588867188e+01
1.210476207733154297e+01 6.650988578796386719e+00 9.364275932312011719e+00 9.662239074707031250e+00 7.918780326843261719e+00 1.393174839019775391e+01 9.831470489501953125e+00 1.139708805084228516e+01 1.032958793640136719e+01 1.283376693725585938e+01 1.206425952911376953e+01 1.074202728271484375e+01 1.183162212371826172e+01 9.078454017639160156e+00 7.625990867614746094e+00 1.236223983764648438e+01 8.752190589904785156e+00 1.816201210021972656e+01 1.771206474304199219e+01 1.643411064147949219e+01 1.443170928955078125e+01 2.386392784118652344e+01 1.696082496643066406e+01 2.755770301818847656e+01 9.792604446411132812e+00 2.641083335876464844e+01 2.693545150756835938e+01 2.891207313537597656e+01 2.558450317382812500e+01 3.052877616882324219e+01 2.503031730651855469e+01 2.572458648681640625e+01 2.418453407287597656e+01 1.825131225585937500e+01 2.328877067565917969e+01 1.718158149719238281e+01 2.458131408691406250e+01 2.750166130065917969e+01 1.933696174621582031e+01 2.084250259399414062e+01 1.740976142883300781e+01 2.412684440612792969e+01 1.612383842468261719e+01 1.686941719055175781e+01 1.494845008850097656e+01 1.688957977294921875e+01 1.912063407897949219e+01 1.666563987731933594e+01 1.801532936096191406e+01 1.768378639221191406e+01 1.547002792358398438e+01 2.642287445068359375e+01 1.871627044677734375e+01 1.573591804504394531e+01 1.782181358337402344e+01 2.444148063659667969e+01 1.708475875854492188e+01 1.910334777832031250e+01 1.866402816772460938e+01 2.329934310913085938e+01 1.464719676971435547e+01 1.939568328857421875e+01 1.526403236389160156e+01 2.733701324462890625e+01 2.062518119812011719e+01 2.561708641052246094e+01 2.229801750183105469e+01 2.173377609252929688e+01 2.359921836853027344e+01 2.492752838134765625e+01 2.232037544250488281e+01 2.439716148376464844e+01 3.490897750854492188e+01 2.974467086791992188e+01 2.759757614135742188e+01 2.313600921630859375e+01 2.553738212585449219e+01 3.409025573730468750e+01 3.175040626525878906e+01 3.554578781127929688e+01 3.655663299560546875e+01 4.252157974243164062e+01 3.533443832397460938e+01 4.392853164672851562e+01 4.362989044189453125e+01 4.180743789672851562e+01 3.744999694824218750e+01 3.984993362426757812e+01 4.034472274780273438e+01 5.054218292236328125e+01 4.190356063842773438e+01 4.856934738159179688e+01 7.028443908691406250e+01 9.221768951416015625e+01 1.593766632080078125e+02 2.330161285400390625e+02 5.289492797851562500e+02 1.659390991210937500e+03 5.062769775390625000e+02 2.206160278320312500e+02 1.735284729003906250e+02 1.351212615966796875e+02 1.254612808227539062e+02 1.253031616210937500e+02 1.121614837646484375e+02 9.756796264648437500e+01 1.012261734008789062e+02 8.438157653808593750e+01 9.344999694824218750e+01 8.751602935791015625e+01 8.182974243164062500e+01 8.278602600097656250e+01 5.673780822753906250e+01 6.973859405517578125e+01 6.616278076171875000e+01 7.153382873535156250e+01 6.588116455078125000e+01 5.968464660644531250e+01 4.841615295410156250e+01 4.937705612182617188e+01 5.754144668579101562e+01 6.367581176757812500e+01 5.561266708374023438e+01 4.485375595092773438e+01 5.331609344482421875e+01 4.703437042236328125e+01 5.167058563232421875e+01 5.084040451049804688e+01 5.306350708007812500e+01 5.231527709960937500e+01 5.294841766357421875e+01
9.813261032104492188e+00 6.723526000976562500e+00 1.398446178436279297e+01 5.771774291992187500e+00 6.473059654235839844e+00 9.882590293884277344e+00 8.542348861694335938e+00 9.077457427978515625e+00 6.170417308807373047e+00 6.666346073150634766e+00 7.206630229949951172e+00 7.333474159240722656e+00 1.121077632904052734e+01 1.084609603881835938e+01 1.051249408721923828e+01 8.615401268005371094e+00 1.294590377807617188e+01 1.168369483947753906e+01 1.302199077606201172e+01 2.028841781616210938e+01 1.379333591461181641e+01 1.629166221618652344e+01 1.953953552246093750e+01 2.004032516479492188e+01 1.420628929138183594e+01 1.803041076660156250e+01 1.995158958435058594e+01 2.097160530090332031e+01 2.377355194091796875e+01 2.789108276367187500e+01 1.943753814697265625e+01 1.683016967773437500e+01 2.545374488830566406e+01 2.039820480346679688e+01 2.329389762878417969e+01 2.052696228027343750e+01 1.932070922851562500e+01 1.373996543884277344e+01 1.516069412231445312e+01 1.593644237518310547e+01 1.927765083312988281e+01 1.017335987091064453e+01 5.503791332244873047e+00 1.934785652160644531e+01 1.382634067535400391e+01 1.707378196716308594e+01 1.395995616912841797e+01 1.742174148559570312e+01 1.721843719482421875e+01 1.541696453094482422e+01 2.136999320983886719e+01 1.883873176574707031e+01 1.450408744812011719e+01 1.392579078674316406e+01 1.232686233520507812e+01 1.523499965667724609e+01 2.109166336059570312e+01 1.345966529846191406e+01 1.582442378997802734e+01 1.739743614196777344e+01 1.679914855957031250e+01 2.231393814086914062e+01 2.263785743713378906e+01 1.905150985717773438e+01 2.310099220275878906e+01 1.530246162414550781e+01 2.414214324951171875e+01 1.947412872314453125e+01 1.730096244812011719e+01 1.580221748352050781e+01 1.894712066650390625e+01 2.186060142517089844e+01 2.969973754882812500e+01 2.132170677185058594e+01 1.978261756896972656e+01 1.788519859313964844e+01 1.872186088562011719e+01 2.530065345764160156e+01 3.482322692871093750e+01 3.287753677368164062e+01 3.515262985229492188e+01 3.386722946166992188e+01 2.849466133117675781e+01 4.188909530639648438e+01 4.420724105834960938e+01 3.884817504882812500e+01 3.825746917724609375e+01 3.967417526245117188e+01 3.133008956909179688e+01 4.148458862304687500e+01 3.279956436157226562e+01 4.981006622314453125e+01 5.259617996215820312e+01 5.911730575561523438e+01 9.952016448974609375e+01 1.244981842041015625e+02 2.067353363037109375e+02 5.062769775390625000e+02 1.657039794921875000e+03 6.154119262695312500e+02 2.969094848632812500e+02 2.119989166259765625e+02 1.756281280517578125e+02 1.779375457763671875e+02 1.322369842529296875e+02 1.058383102416992188e+02 1.173787231445312500e+02 9.689085388183593750e+01 1.008775711059570312e+02 1.016190719604492188e+02 8.370523071289062500e+01 7.366722869873046875e+01 7.029563140869140625e+01 6.546352386474609375e+01 5.516101455688476562e+01 7.044139862060546875e+01 5.751791000366210938e+01 6.996029663085937500e+01 4.937828445434570312e+01 6.435396575927734375e+01 7.579598236083984375e+01 6.905175018310546875e+01 6.578948211669921875e+01 5.358711242675781250e+01 6.317926788330078125e+01 5.872349548339843750e+01 5.594392776489257812e+01 6.010004425048828125e+01 5.869940948486328125e+01 4.305655288696289062e+01 4.539682388305664062e+01
5.359401702880859375e+00 1.664908027648925781e+01 1.306004905700683594e+01 9.981932640075683594e+00 7.104368686676025391e+00 1.079452991485595703e+01 7.617572307586669922e+00 1.177418231964111328e+01 8.003520965576171875e+00 8.646780014038085938e+00 4.673785686492919922e+00 7.134073734283447266e+00 5.057832241058349609e+00 1.406824779510498047e+01 1.181746673583984375e+01 1.037665557861328125e+01 1.097929668426513672e+01 1.298972606658935547e+01 2.005753517150878906e+01 1.528007698059082031e+01 1.878560447692871094e+01 1.584868526458740234e+01 1.314150333404541016e+01 1.485365295410156250e+01 2.167845344543457031e+01 8.770077705383300781e+00 2.003519630432128906e+01 1.440097236633300781e+01 1.908906745910644531e+01 1.669705390930175781e+01 2.812111091613769531e+01 1.993180084228515625e+01 1.516929721832275391e+01 2.280869865417480469e+01 1.091062355041503906e+01 1.536063480377197266e+01 1.503629589080810547e+01 1.317265319824218750e+01 1.966462326049804688e+01 1.550312328338623047e+01 1.710844039916992188e+01 1.429529285430908203e+01 2.320127677917480469e+01 1.777612495422363281e+01 1.195590782165527344e+01 1.409294128417968750e+01 2.139938354492187500e+01 2.259738349914550781e+01 1.116684055328369141e+01 8.887567520141601562e+00 1.198641204833984375e+01 1.122704315185546875e+01 1.332584190368652344e+01 1.806285667419433594e+01 1.671568679809570312e+01 1.317400264739990234e+01 1.941504478454589844e+01 1.518109035491943359e+01 1.959255599975585938e+01 2.437112426757812500e+01 1.271073436737060547e+01 2.337699699401855469e+01 1.386590766906738281e+01 1.676839637756347656e+01 1.331725311279296875e+01 9.924253463745117188e+00 1.943644714355468750e+01 2.104957580566406250e+01 2.327186012268066406e+01 2.443840980529785156e+01 1.729416465759277344e+01 1.374784755706787109e+01 1.639273071289062500e+01 2.346565055847167969e+01 1.632885169982910156e+01 1.687165260314941406e+01 1.528976249694824219e+01 2.801447486877441406e+01 2.984346771240234375e+01 1.776865577697753906e+01 2.487040901184082031e+01 2.928565597534179688e+01 2.874654006958007812e+01 3.497327804565429688e+01 4.107961654663085938e+01 3.999140167236328125e+01 3.953016662597656250e+01 2.470106697082519531e+01 4.001242065429687500e+01 3.766616058349609375e+01 1.903268241882324219e+01 3.729924011230468750e+01 4.428408050537109375e+01 4.461372375488281250e+01 6.915297698974609375e+01 1.011260604858398438e+02 1.188566207885742188e+02 2.206160278320312500e+02 6.154119262695312500e+02 2.113689697265625000e+03 5.256484375000000000e+02 2.976841430664062500e+02 2.258397979736328125e+02 1.813836975097656250e+02 1.623740386962890625e+02 1.242946777343750000e+02 1.141871414184570312e+02 1.067875366210937500e+02 9.188639068603515625e+01 9.066562652587890625e+01 7.956445312500000000e+01 7.697264099121093750e+01 7.685089111328125000e+01 6.666596984863281250e+01 6.859777069091796875e+01 6.718241882324218750e+01 5.693561935424804688e+01 5.584249877929687500e+01 5.855776596069335938e+01 5.101079177856445312e+01 7.163922119140625000e+01 6.679468536376953125e+01 5.745271682739257812e+01 4.353718948364257812e+01 4.634793853759765625e+01 5.581351470947265625e+01 6.338899230957031250e+01 4.395308303833007812e+01 4.872818756103515625e+01 4.684006500244140625e+01 4.343848800659179688e+01
1.356800651550292969e+01 9.366502761840820312e+00 1.040877723693847656e+01 9.125470161437988281e+00 1.035535335540771484e+01 6.262603759765625000e+00 1.110340023040771484e+01 7.948757171630859375e+00 1.039073467254638672e+01 9.485850334167480469e+00 9.015072822570800781e+00 8.027029037475585938e+00 1.440511322021484375e+01 9.078474998474121094e+00 1.150670051574707031e+01 1.212453365325927734e+01 8.175142288208007812e+00 1.157069778442382812e+01 1.692606735229492188e+01 1.790900802612304688e+01 1.509782409667968750e+01 2.229053497314453125e+01 1.821895027160644531e+01 1.331805229187011719e+01 2.012331199645996094e+01 2.220256614685058594e+01 1.902061843872070312e+01 1.755380058288574219e+01 1.486966133117675781e+01 1.643861007690429688e+01 1.718431663513183594e+01 1.601901245117187500e+01 2.108400154113769531e+01 1.000880718231201172e+01 1.699792671203613281e+01 1.555496025085449219e+01 2.114794158935546875e+01 1.896272850036621094e+01 1.422385597229003906e+01 2.071429061889648438e+01 1.443739795684814453e+01 2.041506958007812500e+01 1.957899475097656250e+01 1.588324260711669922e+01 1.513395118713378906e+01 1.444112491607666016e+01 2.222574806213378906e+01 4.086296081542968750e+00 1.211583232879638672e+01 1.312500381469726562e+01 1.706913375854492188e+01 1.783384323120117188e+01 1.322982788085937500e+01 1.524280548095703125e+01 1.349266052246093750e+01 1.181204795837402344e+01 2.085221672058105469e+01 2.241916847229003906e+01 1.180977249145507812e+01 1.294908809661865234e+01 1.532325744628906250e+01 1.033333778381347656e+01 1.720750427246093750e+01 1.489520263671875000e+01 1.404763317108154297e+01 1.065888309478759766e+01 2.824779701232910156e+01 1.361847305297851562e+01 2.244406509399414062e+01 2.261875152587890625e+01 1.997090911865234375e+01 2.392804145812988281e+01 1.936679840087890625e+01 2.475261688232421875e+01 1.574802494049072266e+01 1.423757743835449219e+01 2.656429862976074219e+01 2.296528625488281250e+01 2.858744430541992188e+01 2.249180603027343750e+01 1.865558624267578125e+01 2.934722709655761719e+01 2.656884193420410156e+01 3.267521667480468750e+01 2.527735900878906250e+01 3.577264022827148438e+01 3.051952362060546875e+01 3.010891151428222656e+01 2.954482078552246094e+01 2.573116683959960938e+01 2.456421470642089844e+01 4.271732330322265625e+01 3.939027404785156250e+01 4.000146484375000000e+01 7.002782440185546875e+01 9.695449829101562500e+01 1.125319519042968750e+02 1.735284729003906250e+02 2.969094848632812500e+02 5.256484375000000000e+02 2.193963134765625000e+03 5.662833862304687500e+02 2.905665588378906250e+02 2.330321044921875000e+02 1.724051666259765625e+02 1.307201995849609375e+02 1.352929840087890625e+02 1.109584274291992188e+02 9.553013610839843750e+01 9.451299285888671875e+01 7.973173522949218750e+01 7.839437866210937500e+01 7.309657287597656250e+01 6.928591156005859375e+01 7.095948028564453125e+01 6.463071441650390625e+01 5.964403915405273438e+01 5.375095748901367188e+01 5.713664627075195312e+01 6.522237396240234375e+01 6.302713775634765625e+01 4.483692169189453125e+01 3.850116729736328125e+01 5.220944213867187500e+01 5.611707305908203125e+01 5.208669662475585938e+01 6.053091049194335938e+01 4.198974227905273438e+01 4.797395706176757812e+01 4.484815979003906250e+01 3.991505813598632812e+01
1.108209991455078125e+01 8.743300437927246094e+00 1.200239849090576172e+01 7.863050460815429688e+00 5.087556362152099609e+00 7.440261840820312500e+00 9.273618698120117188e+00 1.205731296539306641e+01 1.309416961669921875e+01 9.535838127136230469e+00 7.889299392700195312e+00 1.404927825927734375e+01 9.462468147277832031e+00 9.126317024230957031e+00 1.145717239379882812e+01 1.068905735015869141e+01 1.119243812561035156e+01 1.478009605407714844e+01 1.164202213287353516e+01 1.471133708953857422e+01 1.409328651428222656e+01 1.109729576110839844e+01 1.626732444763183594e+01 8.044191360473632812e+00 1.622289466857910156e+01 1.151406383514404297e+01 1.643988609313964844e+01 2.394855690002441406e+01 1.735038185119628906e+01 2.082517242431640625e+01 2.138793945312500000e+01 1.196254634857177734e+01 1.968117332458496094e+01 1.293628025054931641e+01 1.652808952331542969e+01 1.371333980560302734e+01 1.105488109588623047e+01 1.342837524414062500e+01 1.180219459533691406e+01 2.951293373107910156e+01 1.140344810485839844e+01 1.819053268432617188e+01 1.757336616516113281e+01 1.647383117675781250e+01 2.060189056396484375e+01 1.903098487854003906e+01 1.685689926147460938e+01 1.271471214294433594e+01 2.073445510864257812e+01 1.983613204956054688e+01 1.947419929504394531e+01 1.300567531585693359e+01 1.852436828613281250e+01 1.351719093322753906e+01 1.831988906860351562e+01 1.945787811279296875e+01 1.668412399291992188e+01 2.092750549316406250e+01 1.763841056823730469e+01 1.706473159790039062e+01 1.287334918975830078e+01 1.929161262512207031e+01 1.991762351989746094e+01 1.877059936523437500e+01 2.412786674499511719e+01 1.918869209289550781e+01 2.806950569152832031e+01 1.823947906494140625e+01 2.029603385925292969e+01 1.987182044982910156e+01 2.581219482421875000e+01 2.233598518371582031e+01 2.195212936401367188e+01 2.244553375244140625e+01 2.021281242370605469e+01 2.824183845520019531e+01 2.408835601806640625e+01 2.332880973815917969e+01 2.795610427856445312e+01 2.239499664306640625e+01 1.959112548828125000e+01 2.883642387390136719e+01 2.695769309997558594e+01 3.099311828613281250e+01 2.561799812316894531e+01 2.772207450866699219e+01 2.517623710632324219e+01 2.540314674377441406e+01 2.954898262023925781e+01 2.307721138000488281e+01 2.028408050537109375e+01 3.148035430908203125e+01 3.676943588256835938e+01 4.008554458618164062e+01 6.640609741210937500e+01 8.341345977783203125e+01 1.118953475952148438e+02 1.351212615966796875e+02 2.119989166259765625e+02 2.976841430664062500e+02 5.662833862304687500e+02 1.825279174804687500e+03 5.517490234375000000e+02 3.187346801757812500e+02 2.095747070312500000e+02 1.731699371337890625e+02 1.408283691406250000e+02 1.241764984130859375e+02 1.216009292602539062e+02 1.002278900146484375e+02 8.944268798828125000e+01 7.387532806396484375e+01 7.798065948486328125e+01 8.181232452392578125e+01 7.727787017822265625e+01 6.879793548583984375e+01 6.495487976074218750e+01 6.185912704467773438e+01 5.765950775146484375e+01 6.270927429199218750e+01 5.703258514404296875e+01 5.680142974853515625e+01 4.459158325195312500e+01 4.933734893798828125e+01 5.344155883789062500e+01 4.913833999633789062e+01 4.007804489135742188e+01 4.115574645996093750e+01 5.037974929809570312e+01 4.257374191284179688e+01 4.486323928833007812e+01
1.040696334838867188e+01 9.723134994506835938e+00 8.898312568664550781e+00 6.801073551177978516e+00 1.108909702301025391e+01 8.825673103332519531e+00 1.132395076751708984e+01 8.182645797729492188e+00 9.060544967651367188e+00 9.897523880004882812e+00 1.146394634246826172e+01 1.263786697387695312e+01 8.787542343139648438e+00 1.082567882537841797e+01 9.662032127380371094e+00 1.827326583862304688e+01 5.280434608459472656e+00 1.121050453186035156e+01 1.380982017517089844e+01 1.804556465148925781e+01 1.609061431884765625e+01 1.295798015594482422e+01 1.995420646667480469e+01 1.897568130493164062e+01 1.595199012756347656e+01 1.434093666076660156e+01 1.979358482360839844e+01 3.270645141601562500e+01 1.080507850646972656e+01 1.933978271484375000e+01 1.744219970703125000e+01 2.405653190612792969e+01 2.261633872985839844e+01 1.491882324218750000e+01 1.097918987274169922e+01 1.507073688507080078e+01 2.048961067199707031e+01 1.963948631286621094e+01 1.684353065490722656e+01 1.584430885314941406e+01 1.613995933532714844e+01 1.618326950073242188e+01 1.240313720703125000e+01 1.282400035858154297e+01 2.077234840393066406e+01 2.139888000488281250e+01 1.615039825439453125e+01 1.451666545867919922e+01 9.130076408386230469e+00 1.513860130310058594e+01 1.960032653808593750e+01 1.943851470947265625e+01 1.538158321380615234e+01 1.476830005645751953e+01 1.663790130615234375e+01 2.086909294128417969e+01 1.948155212402343750e+01 1.427397346496582031e+01 1.678180122375488281e+01 1.771198081970214844e+01 2.004243278503417969e+01 1.820302200317382812e+01 1.867245864868164062e+01 1.587466907501220703e+01 1.633239936828613281e+01 1.770355606079101562e+01 1.500850391387939453e+01 2.007863616943359375e+01 2.106584358215332031e+01 2.062553787231445312e+01 2.009342002868652344e+01 2.950584793090820312e+01 1.608335494995117188e+01 1.575964736938476562e+01 2.352242851257324219e+01 2.241584205627441406e+01 2.132523727416992188e+01 2.814018630981445312e+01 2.901645278930664062e+01 2.469719314575195312e+01 1.355613136291503906e+01 2.544063758850097656e+01 2.798017311096191406e+01 2.348822593688964844e+01 2.309102249145507812e+01 2.681171417236328125e+01 2.131751441955566406e+01 2.131772804260253906e+01 3.220323181152343750e+01 2.835194778442382812e+01 2.654563713073730469e+01 2.995150947570800781e+01 3.229266738891601562e+01 5.186495208740234375e+01 5.384751510620117188e+01 7.618798065185546875e+01 9.836299133300781250e+01 1.254612808227539062e+02 1.756281280517578125e+02 2.258397979736328125e+02 2.905665588378906250e+02 5.517490234375000000e+02 2.036479858398437500e+03 5.932015991210937500e+02 2.698789367675781250e+02 2.077984771728515625e+02 1.565431823730468750e+02 1.467047882080078125e+02 1.093847198486328125e+02 1.189797744750976562e+02 9.893382263183593750e+01 9.548500061035156250e+01 6.656117248535156250e+01 6.196527862548828125e+01 8.684276580810546875e+01 5.932305145263671875e+01 5.297171783447265625e+01 6.563217163085937500e+01 5.909839630126953125e+01 5.244937133789062500e+01 3.925614547729492188e+01 4.778527069091796875e+01 5.250000381469726562e+01 4.808618545532226562e+01 4.228790283203125000e+01 4.670719528198242188e+01 4.296203994750976562e+01 4.542891693115234375e+01 4.648053741455078125e+01 3.976966857910156250e+01 3.946174240112304688e+01
1.021532058715820312e+01 8.635124206542968750e+00 8.956278800964355469e+00 1.147607421875000000e+01 1.406890964508056641e+01 8.817848205566406250e+00 1.055965137481689453e+01 1.239667224884033203e+01 8.046678543090820312e+00 6.278570652008056641e+00 1.212040519714355469e+01 8.633615493774414062e+00 1.009958362579345703e+01 9.013401031494140625e+00 9.240924835205078125e+00 8.693840026855468750e+00 1.078598403930664062e+01 1.100406455993652344e+01 1.226451301574707031e+01 1.540988540649414062e+01 1.948648452758789062e+01 1.022932720184326172e+01 1.772134780883789062e+01 1.213366985321044922e+01 1.888930130004882812e+01 1.592024707794189453e+01 1.151707935333251953e+01 2.207543563842773438e+01 1.812577629089355469e+01 2.121701431274414062e+01 1.830687522888183594e+01 1.929708099365234375e+01 1.943766784667968750e+01 1.258694839477539062e+01 1.462594223022460938e+01 1.784577941894531250e+01 1.019023036956787109e+01 1.856712532043457031e+01 1.767852592468261719e+01 1.688561248779296875e+01 1.385611438751220703e+01 1.676777267456054688e+01 1.295910167694091797e+01 7.592669963836669922e+00 1.953311347961425781e+01 1.388780403137207031e+01 1.494081497192382812e+01 1.523631095886230469e+01 1.390016269683837891e+01 1.398238849639892578e+01 1.523118305206298828e+01 1.198844528198242188e+01 1.878304672241210938e+01 1.311573982238769531e+01 1.635929107666015625e+01 2.152318954467773438e+01 9.611990928649902344e+00 1.433021450042724609e+01 1.490393161773681641e+01 1.376377105712890625e+01 1.450346088409423828e+01 1.939934349060058594e+01 1.895203018188476562e+01 1.473913955688476562e+01 1.982325172424316406e+01 1.572254276275634766e+01 1.332906436920166016e+01 1.528444576263427734e+01 1.870859336853027344e+01 1.717271041870117188e+01 1.850590705871582031e+01 2.558026123046875000e+01 2.023515892028808594e+01 2.190702819824218750e+01 2.145489120483398438e+01 1.684483146667480469e+01 2.220429992675781250e+01 1.801700019836425781e+01 2.049849510192871094e+01 2.515912628173828125e+01 1.805881690979003906e+01 3.056815147399902344e+01 2.286127662658691406e+01 1.949948310852050781e+01 2.610001754760742188e+01 2.439227485656738281e+01 2.320709419250488281e+01 2.540912818908691406e+01 1.861251640319824219e+01 2.083811569213867188e+01 2.601401519775390625e+01 3.095268058776855469e+01 3.823886108398437500e+01 3.948112106323242188e+01 6.121218872070312500e+01 7.189152526855468750e+01 8.840873718261718750e+01 1.253031616210937500e+02 1.779375457763671875e+02 1.813836975097656250e+02 2.330321044921875000e+02 3.187346801757812500e+02 5.932015991210937500e+02 1.862876098632812500e+03 5.911730346679687500e+02 2.882689514160156250e+02 1.909515686035156250e+02 1.745973358154296875e+02 1.371768035888671875e+02 1.095386199951171875e+02 9.388124084472656250e+01 8.993972015380859375e+01 8.370405578613281250e+01 7.286566925048828125e+01 8.140986633300781250e+01 7.658816528320312500e+01 7.032874298095703125e+01 5.892155075073242188e+01 4.584162139892578125e+01 6.397780609130859375e+01 4.980487823486328125e+01 5.676790237426757812e+01 5.276020431518554688e+01 4.769692230224609375e+01 5.072488021850585938e+01 4.100391006469726562e+01 4.723905563354492188e+01 4.696934127807617188e+01 4.791359329223632812e+01 5.297921752929687500e+01 5.256901168823242188e+01
1.084363651275634766e+01 5.284071922302246094e+00 9.671638488769531250e+00 7.920144557952880859e+00 8.609155654907226562e+00 5.781306266784667969e+00 7.912338256835937500e+00 1.008957767486572266e+01 9.379019737243652344e+00 5.763047218322753906e+00 1.716462135314941406e+01 7.924722671508789062e+00 6.621658802032470703e+00 7.091421604156494141e+00 9.520799636840820312e+00 8.360003471374511719e+00 9.838871002197265625e+00 1.168089485168457031e+01 1.105646610260009766e+01 1.374047279357910156e+01 1.022084522247314453e+01 1.676680946350097656e+01 1.161876773834228516e+01 1.591056156158447266e+01 1.857678222656250000e+01 1.113376045227050781e+01 2.543501853942871094e+01 2.894693756103515625e+01 1.398109054565429688e+01 2.384683799743652344e+01 1.107938003540039062e+01 1.626669883728027344e+01 2.039048194885253906e+01 1.650493431091308594e+01 1.758039474487304688e+01 1.852555465698242188e+01 1.145329761505126953e+01 1.549327945709228516e+01 1.159069347381591797e+01 1.599119853973388672e+01 1.503654384613037109e+01 1.570509910583496094e+01 1.699292945861816406e+01 1.294288921356201172e+01 1.209514904022216797e+01 2.587837982177734375e+01 9.403919219970703125e+00 1.075790882110595703e+01 1.594855213165283203e+01 1.410364437103271484e+01 1.141271400451660156e+01 1.509132671356201172e+01 1.791251945495605469e+01 1.031899452209472656e+01 1.522364997863769531e+01 1.097553062438964844e+01 7.562370300292968750e+00 1.589993572235107422e+01 1.954313278198242188e+01 1.976693534851074219e+01 1.469573211669921875e+01 1.377883529663085938e+01 1.708526802062988281e+01 2.184796524047851562e+01 1.584982204437255859e+01 1.975753211975097656e+01 1.336556911468505859e+01 3.006313705444335938e+01 1.740986633300781250e+01 1.351087379455566406e+01 2.079969406127929688e+01 1.308984279632568359e+01 2.263179588317871094e+01 2.234252929687500000e+01 1.850870704650878906e+01 1.204810047149658203e+01 2.055241012573242188e+01 1.752838897705078125e+01 1.843140792846679688e+01 2.368548774719238281e+01 3.157340240478515625e+01 1.219923877716064453e+01 1.303364849090576172e+01 2.735305404663085938e+01 2.363104057312011719e+01 1.675401878356933594e+01 1.681704902648925781e+01 1.306600856781005859e+01 1.785812377929687500e+01 2.163187408447265625e+01 3.197952651977539062e+01 2.409879112243652344e+01 2.962913513183593750e+01 3.584115219116210938e+01 5.142036437988281250e+01 7.259252929687500000e+01 9.246642303466796875e+01 1.121614837646484375e+02 1.322369842529296875e+02 1.623740386962890625e+02 1.724051666259765625e+02 2.095747070312500000e+02 2.698789367675781250e+02 5.911730346679687500e+02 1.892246582031250000e+03 6.482514648437500000e+02 2.987106018066406250e+02 2.227197875976562500e+02 1.602789001464843750e+02 1.305773620605468750e+02 1.207366180419921875e+02 1.170931930541992188e+02 1.016975402832031250e+02 7.617020416259765625e+01 7.865834045410156250e+01 7.292227172851562500e+01 6.916517639160156250e+01 5.732362747192382812e+01 5.836856842041015625e+01 5.519237518310546875e+01 5.732575988769531250e+01 4.191668701171875000e+01 4.263607788085937500e+01 4.945317077636718750e+01 4.988565063476562500e+01 4.376412200927734375e+01 6.114918518066406250e+01 4.342860412597656250e+01 4.349619293212890625e+01 5.145944595336914062e+01 4.871220016479492188e+01
6.985206604003906250e+00 6.429533004760742188e+00 1.513056850433349609e+01 1.060074806213378906e+01 8.978928565979003906e+00 8.597790718078613281e+00 1.203443241119384766e+01 8.866547584533691406e+00 1.497847080230712891e+01 7.012339115142822266e+00 1.160305786132812500e+01 4.132549285888671875e+00 1.098692417144775391e+01 1.054615592956542969e+01 6.318918228149414062e+00 8.322752952575683594e+00 6.734084129333496094e+00 9.196669578552246094e+00 1.345324611663818359e+01 1.868603134155273438e+01 1.347285556793212891e+01 1.020072841644287109e+01 1.413744163513183594e+01 1.075533008575439453e+01 1.004612827301025391e+01 2.370776748657226562e+01 1.160577297210693359e+01 2.039165306091308594e+01 2.381660270690917969e+01 2.095619201660156250e+01 2.134511566162109375e+01 1.429489707946777344e+01 1.654043579101562500e+01 2.113980293273925781e+01 1.264037704467773438e+01 1.898227691650390625e+01 1.277475929260253906e+01 8.079366683959960938e+00 1.952761840820312500e+01 1.945771026611328125e+01 1.982078552246093750e+01 3.312329101562500000e+01 9.304466247558593750e+00 1.696003150939941406e+01 2.250848960876464844e+01 1.282852458953857422e+01 1.430308151245117188e+01 7.479981899261474609e+00 1.293721389770507812e+01 1.630293083190917969e+01 2.169799804687500000e+01 1.453719139099121094e+01 1.543849945068359375e+01 1.569488430023193359e+01 1.431382751464843750e+01 1.240085315704345703e+01 1.124653720855712891e+01 1.231151390075683594e+01 1.188980960845947266e+01 1.673178291320800781e+01 1.893326568603515625e+01 2.063478088378906250e+01 1.606418609619140625e+01 1.635943603515625000e+01 1.851425933837890625e+01 1.358810710906982422e+01 2.001588630676269531e+01 1.463204479217529297e+01 1.829519844055175781e+01 1.826634597778320312e+01 1.792690658569335938e+01 1.990926170349121094e+01 1.519328689575195312e+01 1.747662353515625000e+01 1.891760253906250000e+01 1.221653556823730469e+01 1.562980270385742188e+01 1.761888694763183594e+01 2.242689895629882812e+01 3.808349227905273438e+01 2.401110458374023438e+01 1.908481407165527344e+01 1.744493675231933594e+01 2.170600891113281250e+01 1.586410522460937500e+01 1.853263092041015625e+01 2.143699645996093750e+01 1.748824882507324219e+01 1.593484973907470703e+01 1.731654548645019531e+01 1.815889930725097656e+01 2.855118179321289062e+01 3.189217948913574219e+01 2.826617050170898438e+01 4.806982803344726562e+01 5.765912246704101562e+01 8.228412628173828125e+01 9.756796264648437500e+01 1.058383102416992188e+02 1.242946777343750000e+02 1.307201995849609375e+02 1.731699371337890625e+02 2.077984771728515625e+02 2.882689514160156250e+02 6.482514648437500000e+02 2.165375488281250000e+03 4.409672851562500000e+02 2.886740722656250000e+02 2.205725097656250000e+02 1.359336090087890625e+02 1.190638656616210938e+02 1.219760437011718750e+02 9.658001708984375000e+01 8.292608642578125000e+01 7.007310485839843750e+01 8.328175354003906250e+01 6.747846984863281250e+01 8.188047027587890625e+01 7.420155334472656250e+01 7.163388824462890625e+01 5.385961914062500000e+01 4.484766769409179688e+01 5.481509017944335938e+01 4.955460357666015625e+01 5.136126327514648438e+01 5.857625579833984375e+01 5.121374893188476562e+01 3.458807754516601562e+01 5.292513656616210938e+01 5.426601409912109375e+01 5.032515716552734375e+01
8.685873985290527344e+00 6.852782249450683594e+00 5.226212024688720703e+00 2.396669149398803711e+00 7.443334102630615234e+00 4.859577178955078125e+00 9.976279258728027344e+00 9.329066276550292969e+00 8.869159698486328125e+00 9.965270996093750000e+00 1.250428390502929688e+01 1.370316982269287109e+01 4.553959369659423828e+00 8.345144271850585938e+00 9.166927337646484375e+00 1.149896526336669922e+01 1.116481494903564453e+01 1.039614200592041016e+01 7.603940010070800781e+00 8.560434341430664062e+00 1.546435546875000000e+01 1.268426895141601562e+01 9.465853691101074219e+00 1.203650856018066406e+01 7.807518482208251953e+00 8.422807693481445312e+00 1.924186134338378906e+01 9.220490455627441406e+00 6.346105575561523438e+00 1.603589820861816406e+01 1.396944618225097656e+01 1.914255905151367188e+01 1.414014720916748047e+01 1.840065383911132812e+01 1.209068584442138672e+01 1.032667827606201172e+01 1.155272197723388672e+01 1.897658157348632812e+01 1.483897018432617188e+01 1.861155509948730469e+01 1.042736244201660156e+01 1.425728797912597656e+01 1.285533046722412109e+01 1.506374263763427734e+01 6.458899974822998047e+00 2.755319213867187500e+01 1.185694026947021484e+01 1.395166587829589844e+01 1.838514137268066406e+01 8.535645484924316406e+00 7.554608821868896484e+00 1.807651901245117188e+01 1.693876266479492188e+01 9.107500076293945312e+00 1.675178527832031250e+01 1.542005252838134766e+01 1.907004356384277344e+01 1.640245819091796875e+01 2.150485420227050781e+01 1.170304870605468750e+01 1.438732337951660156e+01 1.764033508300781250e+01 1.645023727416992188e+01 1.398541355133056641e+01 2.494036102294921875e+01 1.819608306884765625e+01 1.400011539459228516e+01 1.718366241455078125e+01 1.317074871063232422e+01 2.498495864868164062e+01 1.704645538330078125e+01 9.902605056762695312e+00 2.715775489807128906e+01 2.052429389953613281e+01 2.912422752380371094e+01 2.430537605285644531e+01 1.425243949890136719e+01 2.536774253845214844e+01 1.626748085021972656e+01 1.791832160949707031e+01 2.388561248779296875e+01 1.845770645141601562e+01 2.366422271728515625e+01 1.349535369873046875e+01 1.356196308135986328e+01 2.074024391174316406e+01 1.696303558349609375e+01 1.186148834228515625e+01 2.161577415466308594e+01 1.636474037170410156e+01 2.580570602416992188e+01 3.262387847900390625e+01 3.448423767089843750e+01 3.113113212585449219e+01 3.795126724243164062e+01 5.644248962402343750e+01 8.665673828125000000e+01 1.012261734008789062e+02 1.173787231445312500e+02 1.141871414184570312e+02 1.352929840087890625e+02 1.408283691406250000e+02 1.565431823730468750e+02 1.909515686035156250e+02 2.987106018066406250e+02 4.409672851562500000e+02 2.846322265625000000e+03 5.703539428710937500e+02 2.774515686035156250e+02 1.613458251953125000e+02 1.385002593994140625e+02 1.274564590454101562e+02 1.116499557495117188e+02 9.705021667480468750e+01 7.225712585449218750e+01 7.549095916748046875e+01 7.636502838134765625e+01 7.039107513427734375e+01 6.985944366455078125e+01 6.569235992431640625e+01 5.489562606811523438e+01 5.248620605468750000e+01 4.138331604003906250e+01 5.061603164672851562e+01 4.548036193847656250e+01 5.202688980102539062e+01 5.166702270507812500e+01 4.898262405395507812e+01 3.802393722534179688e+01 4.801319122314453125e+01 4.032783508300781250e+01
8.509819030761718750e+00 7.193444728851318359e+00 5.924896240234375000e+00 4.528460502624511719e+00 1.054802799224853516e+01 1.040635490417480469e+01 1.445165824890136719e+01 6.409851074218750000e+00 7.820449829101562500e+00 7.060945510864257812e+00 9.692965507507324219e+00 7.551797389984130859e+00 8.030977249145507812e+00 7.508566379547119141e+00 1.154715538024902344e+01 5.793886184692382812e+00 9.375868797302246094e+00 1.244076347351074219e+01 1.149399852752685547e+01 5.391592025756835938e+00 1.947973442077636719e+01 4.793336391448974609e+00 7.665235042572021484e+00 1.179253768920898438e+01 7.867816448211669922e+00 1.724096107482910156e+01 1.969344329833984375e+01 1.161462688446044922e+01 1.732011032104492188e+01 1.641224098205566406e+01 2.199583435058593750e+01 1.119532012939453125e+01 1.295395755767822266e+01 1.903944396972656250e+01 1.446857547760009766e+01 9.291457176208496094e+00 1.455243015289306641e+01 2.320086860656738281e+01 1.104525279998779297e+01 1.641088294982910156e+01 1.612006568908691406e+01 8.979623794555664062e+00 1.781259346008300781e+01 1.518008136749267578e+01 1.559395790100097656e+01 1.187361335754394531e+01 1.642920494079589844e+01 1.610974693298339844e+01 1.519803714752197266e+01 1.142395591735839844e+01 1.495401668548583984e+01 1.498036670684814453e+01 1.137972164154052734e+01 1.475009727478027344e+01 1.912318992614746094e+01 1.568855762481689453e+01 1.601443672180175781e+01 1.033071041107177734e+01 1.269781494140625000e+01 1.146583747863769531e+01 2.306569671630859375e+01 2.020065116882324219e+01 1.184091663360595703e+01 1.601525497436523438e+01 1.208316230773925781e+01 1.882777214050292969e+01 1.665556144714355469e+01 1.718904685974121094e+01 1.960705375671386719e+01 1.931260871887207031e+01 1.156218624114990234e+01 1.793116569519042969e+01 2.007941436767578125e+01 2.281191635131835938e+01 1.834322357177734375e+01 3.444340515136718750e+01 2.937786674499511719e+01 1.742976951599121094e+01 1.390487575531005859e+01 1.692816352844238281e+01 1.253650188446044922e+01 2.657179641723632812e+01 1.863045692443847656e+01 1.869942092895507812e+01 1.863641357421875000e+01 1.669130897521972656e+01 1.755191802978515625e+01 1.929926872253417969e+01 2.269032859802246094e+01 1.844402503967285156e+01 1.523730850219726562e+01 2.961242485046386719e+01 2.932078742980957031e+01 3.668448638916015625e+01 4.362248229980468750e+01 5.908820343017578125e+01 7.496358489990234375e+01 8.438157653808593750e+01 9.689085388183593750e+01 1.067875366210937500e+02 1.109584274291992188e+02 1.241764984130859375e+02 1.467047882080078125e+02 1.745973358154296875e+02 2.227197875976562500e+02 2.886740722656250000e+02 5.703539428710937500e+02 1.754596435546875000e+03 5.762631835937500000e+02 2.813559265136718750e+02 1.864942626953125000e+02 1.380738830566406250e+02 1.477314147949218750e+02 9.932786560058593750e+01 1.023963394165039062e+02 8.472984313964843750e+01 6.828551483154296875e+01 7.837652587890625000e+01 6.807447814941406250e+01 6.662046813964843750e+01 6.845799255371093750e+01 5.302930068969726562e+01 6.132783126831054688e+01 5.405627059936523438e+01 7.008823394775390625e+01 5.957806777954101562e+01 4.086579513549804688e+01 4.890945053100585938e+01 5.618686676025390625e+01 5.557621765136718750e+01 5.079911041259765625e+01
7.996014118194580078e+00 7.279052257537841797e+00 9.992345809936523438e+00 5.346078395843505859e+00 1.008058261871337891e+01 8.052504539489746094e+00 7.629727840423583984e+00 7.026644706726074219e+00 8.478771209716796875e+00 8.732748985290527344e+00 9.195300102233886719e+00 6.550002574920654297e+00 1.218982887268066406e+01 6.838131904602050781e+00 1.168457603454589844e+01 4.397128582000732422e+00 6.522621154785156250e+00 1.457652664184570312e+01 7.753857612609863281e+00 1.480848217010498047e+01 1.067709445953369141e+01 8.083969116210937500e+00 1.723657226562500000e+01 1.534227180480957031e+01 1.791326332092285156e+01 1.610413169860839844e+01 1.456263160705566406e+01 2.350569915771484375e+01 1.348171806335449219e+01 1.788506507873535156e+01 1.780608177185058594e+01 1.568568992614746094e+01 1.556589221954345703e+01 1.340245532989501953e+01 1.387019729614257812e+01 1.598345661163330078e+01 1.380526542663574219e+01 1.493989467620849609e+01 1.031695365905761719e+01 2.016465377807617188e+01 1.389532852172851562e+01 1.110570907592773438e+01 1.474738216400146484e+01 1.248059844970703125e+01 1.440740489959716797e+01 1.478759288787841797e+01 1.209070968627929688e+01 1.185561180114746094e+01 1.684356498718261719e+01 1.495988368988037109e+01 2.476142311096191406e+01 1.091422462463378906e+01 1.295454311370849609e+01 2.155925178527832031e+01 1.201082420349121094e+01 1.587526416778564453e+01 1.701527214050292969e+01 1.184747505187988281e+01 1.370552444458007812e+01 1.740343475341796875e+01 1.167009830474853516e+01 2.248516082763671875e+01 1.048410415649414062e+01 2.754994392395019531e+01 1.406100559234619141e+01 1.988017845153808594e+01 1.090538406372070312e+01 1.610519409179687500e+01 1.678802680969238281e+01 1.375209045410156250e+01 2.005677604675292969e+01 1.577787876129150391e+01 1.279305076599121094e+01 1.077225208282470703e+01 1.213638019561767578e+01 2.129924392700195312e+01 1.816679763793945312e+01 1.322789764404296875e+01 1.481089973449707031e+01 2.528658485412597656e+01 1.649140548706054688e+01 1.680501365661621094e+01 1.633855056762695312e+01 1.318803310394287109e+01 1.650092697143554688e+01 1.615560340881347656e+01 1.621638298034667969e+01 1.952894592285156250e+01 1.205418968200683594e+01 2.085923194885253906e+01 2.364192199707031250e+01 1.895734596252441406e+01 3.076860618591308594e+01 3.072087860107421875e+01 4.414162445068359375e+01 5.152754974365234375e+01 6.787089538574218750e+01 9.344999694824218750e+01 1.008775711059570312e+02 9.188639068603515625e+01 9.553013610839843750e+01 1.216009292602539062e+02 1.093847198486328125e+02 1.371768035888671875e+02 1.602789001464843750e+02 2.205725097656250000e+02 2.774515686035156250e+02 5.762631835937500000e+02 1.781759155273437500e+03 5.854974975585937500e+02 2.457843780517578125e+02 2.022648315429687500e+02 1.459017791748046875e+02 1.275703201293945312e+02 1.083554916381835938e+02 9.992508697509765625e+01 7.751011657714843750e+01 8.171257781982421875e+01 6.888462066650390625e+01 8.089596557617187500e+01 7.557021331787109375e+01 7.108259582519531250e+01 5.430047225952148438e+01 6.732256317138671875e+01 5.858802032470703125e+01 6.872728729248046875e+01 6.049663543701171875e+01 6.624248504638671875e+01 5.778759384155273438e+01 5.044845581054687500e+01 4.431350326538085938e+01
5.737559795379638672e+00 9.053377151489257812e+00 4.142685413360595703e+00 8.707319259643554688e+00 4.916784763336181641e+00 3.852063179016113281e+00 7.907943248748779297e+00 6.162427902221679688e+00 5.272768020629882812e+00 1.069685649871826172e+01 6.353735923767089844e+00 7.920320987701416016e+00 1.143105792999267578e+01 4.724988460540771484e+00 3.460186004638671875e+00 1.291282749176025391e+01 8.604229927062988281e+00 3.433648824691772461e+00 6.027450084686279297e+00 1.615628242492675781e+01 9.363903999328613281e+00 1.173024749755859375e+01 1.071905899047851562e+01 1.236800670623779297e+01 1.547205352783203125e+01 1.112757587432861328e+01 1.429925060272216797e+01 1.522676753997802734e+01 1.956265449523925781e+01 1.456497287750244141e+01 9.227687835693359375e+00 7.225628376007080078e+00 1.613349723815917969e+01 1.215477561950683594e+01 1.277863979339599609e+01 1.071936321258544922e+01 1.430867004394531250e+01 1.474730777740478516e+01 9.802062034606933594e+00 1.598231601715087891e+01 1.878524017333984375e+01 1.151067447662353516e+01 1.273761749267578125e+01 1.094559192657470703e+01 1.208843040466308594e+01 1.532681751251220703e+01 9.398694992065429688e+00 1.689589500427246094e+01 1.214452838897705078e+01 1.268622970581054688e+01 1.140637397766113281e+01 1.571140003204345703e+01 1.417286777496337891e+01 1.546989440917968750e+01 9.682395935058593750e+00 1.253649616241455078e+01 1.343674564361572266e+01 7.945551872253417969e+00 9.766138076782226562e+00 1.202536392211914062e+01 2.159936714172363281e+01 1.059321594238281250e+01 2.173280715942382812e+01 1.343743324279785156e+01 1.837557983398437500e+01 1.116109752655029297e+01 9.247946739196777344e+00 1.068317794799804688e+01 1.344560623168945312e+01 1.650411796569824219e+01 1.212641525268554688e+01 1.308257198333740234e+01 1.871935844421386719e+01 2.233011817932128906e+01 1.479874038696289062e+01 8.027605056762695312e+00 2.225274276733398438e+01 1.828033256530761719e+01 1.304832839965820312e+01 2.198144912719726562e+01 2.103724288940429688e+01 1.393424320220947266e+01 1.953961372375488281e+01 2.317775154113769531e+01 2.524673652648925781e+01 2.207257652282714844e+01 1.520697402954101562e+01 1.501756286621093750e+01 1.844314384460449219e+01 1.877513885498046875e+01 2.237323379516601562e+01 1.521183395385742188e+01 2.733477783203125000e+01 2.852432441711425781e+01 3.697702789306640625e+01 5.491798782348632812e+01 7.517344665527343750e+01 8.751602935791015625e+01 1.016190719604492188e+02 9.066562652587890625e+01 9.451299285888671875e+01 1.002278900146484375e+02 1.189797744750976562e+02 1.095386199951171875e+02 1.305773620605468750e+02 1.359336090087890625e+02 1.613458251953125000e+02 2.813559265136718750e+02 5.854974975585937500e+02 2.264258789062500000e+03 4.361455078125000000e+02 2.483690948486328125e+02 1.753927764892578125e+02 1.462456970214843750e+02 1.102008972167968750e+02 1.144371643066406250e+02 1.021332244873046875e+02 8.469220733642578125e+01 8.010336303710937500e+01 7.354895782470703125e+01 8.630349731445312500e+01 8.089760589599609375e+01 5.708452987670898438e+01 6.759691619873046875e+01 7.223009490966796875e+01 7.873165893554687500e+01 6.032151412963867188e+01 5.524206924438476562e+01 6.665711975097656250e+01 6.171703338623046875e+01 6.521971893310546875e+01
4.160908222198486328e+00 6.565556049346923828e+00 1.201718807220458984e+01 5.166485309600830078e+00 1.069703388214111328e+01 7.682224750518798828e+00 7.168601989746093750e+00 3.656474828720092773e+00 7.647677421569824219e+00 6.265604972839355469e+00 3.455821752548217773e+00 7.384960174560546875e+00 7.199090957641601562e+00 5.996525764465332031e+00 9.410042762756347656e+00 4.131374835968017578e+00 8.691195487976074219e+00 1.045841979980468750e+01 7.649491310119628906e+00 9.666211128234863281e+00 1.111213970184326172e+01 9.114467620849609375e+00 4.858448505401611328e+00 8.649009704589843750e+00 7.854289531707763672e+00 1.210466384887695312e+01 1.469067859649658203e+01 1.490741634368896484e+01 1.520029067993164062e+01 1.584389114379882812e+01 1.405313110351562500e+01 1.375516605377197266e+01 1.293168544769287109e+01 1.416649246215820312e+01 1.216311550140380859e+01 3.180165529251098633e+00 1.556508255004882812e+01 1.122956562042236328e+01 1.066275882720947266e+01 1.872304916381835938e+01 1.089852237701416016e+01 1.365971088409423828e+01 1.200860214233398438e+01 1.948369216918945312e+01 1.082931995391845703e+01 9.378355026245117188e+00 1.192796993255615234e+01 2.005034828186035156e+01 1.155954837799072266e+01 8.433443069458007812e+00 6.979467868804931641e+00 1.298914718627929688e+01 8.114398002624511719e+00 1.589336681365966797e+01 1.278956890106201172e+01 8.523311614990234375e+00 1.461659622192382812e+01 7.857484817504882812e+00 1.062368106842041016e+01 7.475019931793212891e+00 1.033822250366210938e+01 5.761691570281982422e+00 9.287581443786621094e+00 1.553092861175537109e+01 2.136765861511230469e+01 1.587686157226562500e+01 1.229554080963134766e+01 1.307389926910400391e+01 1.462623500823974609e+01 1.958542633056640625e+01 1.319120883941650391e+01 2.134698486328125000e+01 2.205998611450195312e+01 2.342334556579589844e+01 1.368345737457275391e+01 2.183123016357421875e+01 1.675848960876464844e+01 1.822836303710937500e+01 2.421341896057128906e+01 2.299191665649414062e+01 2.145419692993164062e+01 7.578888893127441406e+00 1.417022895812988281e+01 1.228322696685791016e+01 1.328883743286132812e+01 1.655911827087402344e+01 1.131839179992675781e+01 9.943787574768066406e+00 1.488515090942382812e+01 1.547253227233886719e+01 1.506624317169189453e+01 2.206340217590332031e+01 2.849602699279785156e+01 2.092652320861816406e+01 3.476980972290039062e+01 5.042293548583984375e+01 5.626668930053710938e+01 8.182974243164062500e+01 8.370523071289062500e+01 7.956445312500000000e+01 7.973173522949218750e+01 8.944268798828125000e+01 9.893382263183593750e+01 9.388124084472656250e+01 1.207366180419921875e+02 1.190638656616210938e+02 1.385002593994140625e+02 1.864942626953125000e+02 2.457843780517578125e+02 4.361455078125000000e+02 2.349905761718750000e+03 5.540935058593750000e+02 2.784373474121093750e+02 1.990406188964843750e+02 1.565278015136718750e+02 1.335264892578125000e+02 1.185532379150390625e+02 8.309660339355468750e+01 9.944991302490234375e+01 9.520848083496093750e+01 1.001929855346679688e+02 7.464374542236328125e+01 7.084304809570312500e+01 9.408991241455078125e+01 7.718179321289062500e+01 6.457354736328125000e+01 6.648161315917968750e+01 7.211130523681640625e+01 8.091709899902343750e+01 6.806871795654296875e+01 7.894049072265625000e+01
1.184475708007812500e+01 5.256565093994140625e+00 8.017743110656738281e+00 1.194968891143798828e+01 5.709559917449951172e+00 7.455273628234863281e+00 8.417757987976074219e+00 1.040879821777343750e+01 1.292620944976806641e+01 8.599571228027343750e+00 8.116023063659667969e+00 1.051129341125488281e+01 1.117826080322265625e+01 7.315784454345703125e+00 1.205430412292480469e+01 7.056411266326904297e+00 9.991563796997070312e+00 1.435422706604003906e+01 1.633171653747558594e+01 9.380648612976074219e+00 1.186224651336669922e+01 5.837835311889648438e+00 4.149128437042236328e+00 1.333633518218994141e+01 1.437339591979980469e+01 1.292177009582519531e+01 1.383736801147460938e+01 1.945009994506835938e+01 1.298109054565429688e+01 1.383824253082275391e+01 1.714487457275390625e+01 1.048834800720214844e+01 6.902309417724609375e+00 9.073667526245117188e+00 1.298416805267333984e+01 1.131612491607666016e+01 8.861748695373535156e+00 1.798139953613281250e+01 1.552163410186767578e+01 1.284873294830322266e+01 1.381562519073486328e+01 1.215149021148681641e+01 5.916564941406250000e+00 1.271044349670410156e+01 9.083121299743652344e+00 1.001142597198486328e+01 1.000461673736572266e+01 1.605286216735839844e+01 2.027262306213378906e+01 1.063958930969238281e+01 9.934141159057617188e+00 1.386595916748046875e+01 1.992293930053710938e+01 2.295430374145507812e+01 1.847158241271972656e+01 1.637759590148925781e+01 1.365285873413085938e+01 1.258183765411376953e+01 1.443376636505126953e+01 1.097196292877197266e+01 1.404592990875244141e+01 1.599162673950195312e+01 9.013204574584960938e+00 1.462881088256835938e+01 1.398035240173339844e+01 1.495465087890625000e+01 1.193230152130126953e+01 1.550714778900146484e+01 1.561355590820312500e+01 1.306719398498535156e+01 1.609332656860351562e+01 1.804048347473144531e+01 1.358602523803710938e+01 1.759576034545898438e+01 1.976259803771972656e+01 1.165245628356933594e+01 1.788974571228027344e+01 1.061391353607177734e+01 1.960875701904296875e+01 1.570812702178955078e+01 1.221462821960449219e+01 1.820360183715820312e+01 1.815212059020996094e+01 1.311238670349121094e+01 1.134870338439941406e+01 1.414153194427490234e+01 9.294170379638671875e+00 1.971362113952636719e+01 1.519908237457275391e+01 1.982037734985351562e+01 2.103196334838867188e+01 1.987263870239257812e+01 2.050016975402832031e+01 3.004228401184082031e+01 3.930023956298828125e+01 4.563564300537109375e+01 4.004325485229492188e+01 8.278602600097656250e+01 7.366722869873046875e+01 7.697264099121093750e+01 7.839437866210937500e+01 7.387532806396484375e+01 9.548500061035156250e+01 8.993972015380859375e+01 1.170931930541992188e+02 1.219760437011718750e+02 1.274564590454101562e+02 1.380738830566406250e+02 2.022648315429687500e+02 2.483690948486328125e+02 5.540935058593750000e+02 1.984691528320312500e+03 6.002232055664062500e+02 2.566778564453125000e+02 2.062184143066406250e+02 1.573879089355468750e+02 1.388499908447265625e+02 1.157033538818359375e+02 1.203181991577148438e+02 9.394866943359375000e+01 9.263935852050781250e+01 8.890884399414062500e+01 7.935977935791015625e+01 8.524850463867187500e+01 7.868048858642578125e+01 6.385324478149414062e+01 7.557775115966796875e+01 7.331339263916015625e+01 6.730853271484375000e+01 5.972349929809570312e+01 7.466895294189453125e+01
7.084337711334228516e+00 6.449121475219726562e+00 8.262850761413574219e+00 8.119779586791992188e+00 1.313416385650634766e+01 9.878382682800292969e+00 7.323131561279296875e+00 8.141028404235839844e+00 1.101767635345458984e+01 7.033702850341796875e+00 7.060634136199951172e+00 9.671992301940917969e+00 1.028570365905761719e+01 8.751127243041992188e+00 9.612890243530273438e+00 5.843676090240478516e+00 5.778935909271240234e+00 1.115348720550537109e+01 9.445962905883789062e+00 8.286361694335937500e+00 9.459731101989746094e+00 1.432452774047851562e+01 1.298062324523925781e+01 1.359300231933593750e+01 1.410742855072021484e+01 1.545699691772460938e+01 6.111593723297119141e+00 1.171443653106689453e+01 1.791687202453613281e+01 1.810957145690917969e+01 9.465538024902343750e+00 1.158105373382568359e+01 1.451697444915771484e+01 7.421472549438476562e+00 1.433689498901367188e+01 1.249507141113281250e+01 1.304665470123291016e+01 1.512743091583251953e+01 7.617210388183593750e+00 1.891646766662597656e+01 1.338155841827392578e+01 1.073397350311279297e+01 1.524359607696533203e+01 1.701170158386230469e+01 1.337256908416748047e+01 1.310156536102294922e+01 1.405972385406494141e+01 1.181686305999755859e+01 1.038130283355712891e+01 1.144681930541992188e+01 1.401608276367187500e+01 1.289309883117675781e+01 1.721627044677734375e+01 1.101989078521728516e+01 1.241495895385742188e+01 1.071636104583740234e+01 1.220377635955810547e+01 9.879217147827148438e+00 1.214287090301513672e+01 1.468491268157958984e+01 8.862442970275878906e+00 1.086626434326171875e+01 1.326963520050048828e+01 1.435811805725097656e+01 1.354111003875732422e+01 1.614572143554687500e+01 1.844562149047851562e+01 1.198590850830078125e+01 1.284565544128417969e+01 1.346666717529296875e+01 1.406789684295654297e+01 1.118315410614013672e+01 1.333462810516357422e+01 1.567949295043945312e+01 1.454768180847167969e+01 1.715525627136230469e+01 1.463225936889648438e+01 1.367298507690429688e+01 1.771499061584472656e+01 1.806733894348144531e+01 8.991456031799316406e+00 1.340007019042968750e+01 1.670271682739257812e+01 1.879661369323730469e+01 1.113870525360107422e+01 1.756669235229492188e+01 1.778827095031738281e+01 1.451162910461425781e+01 1.474831581115722656e+01 1.653557586669921875e+01 1.092853355407714844e+01 1.950491333007812500e+01 2.823407173156738281e+01 2.778524017333984375e+01 3.589434051513671875e+01 4.694461822509765625e+01 5.246855926513671875e+01 5.673780822753906250e+01 7.029563140869140625e+01 7.685089111328125000e+01 7.309657287597656250e+01 7.798065948486328125e+01 6.656117248535156250e+01 8.370405578613281250e+01 1.016975402832031250e+02 9.658001708984375000e+01 1.116499557495117188e+02 1.477314147949218750e+02 1.459017791748046875e+02 1.753927764892578125e+02 2.784373474121093750e+02 6.002232055664062500e+02 1.950654052734375000e+03 5.731177978515625000e+02 3.054038085937500000e+02 2.153185577392578125e+02 1.591716003417968750e+02 1.142721328735351562e+02 1.153628082275390625e+02 1.282560577392578125e+02 9.981101989746093750e+01 9.261473846435546875e+01 9.759320831298828125e+01 7.766496276855468750e+01 8.906324768066406250e+01 6.516432189941406250e+01 6.852534484863281250e+01 7.690382385253906250e+01 8.175302124023437500e+01 7.620388031005859375e+01 8.637428283691406250e+01
4.697422027587890625e+00 9.033532142639160156e+00 9.539087295532226562e+00 8.748990058898925781e+00 3.396466493606567383e+00 8.278565406799316406e+00 7.890609264373779297e+00 8.255892753601074219e+00 9.713003158569335938e+00 8.336627006530761719e+00 5.266917705535888672e+00 1.146363353729248047e+01 6.095514774322509766e+00 8.703934669494628906e+00 8.764295578002929688e+00 4.197672843933105469e+00 9.057093620300292969e+00 1.075275325775146484e+01 9.252673149108886719e+00 1.041656112670898438e+01 1.411307525634765625e+01 1.080418586730957031e+01 7.404620647430419922e+00 6.509483814239501953e+00 1.140047168731689453e+01 1.281136703491210938e+01 1.682881355285644531e+01 2.804933547973632812e+00 1.415719795227050781e+01 9.756450653076171875e+00 1.359871101379394531e+01 1.164658355712890625e+01 1.094933795928955078e+01 1.359416961669921875e+01 1.103419780731201172e+01 8.975552558898925781e+00 1.142184448242187500e+01 1.290390682220458984e+01 1.149046611785888672e+01 1.472056865692138672e+01 1.845569229125976562e+01 1.349338817596435547e+01 1.094989204406738281e+01 1.741345977783203125e+01 1.506377124786376953e+01 1.676372337341308594e+01 1.226366043090820312e+01 1.414729404449462891e+01 1.188487052917480469e+01 1.233384609222412109e+01 1.050588130950927734e+01 1.273451614379882812e+01 1.030576515197753906e+01 1.424860095977783203e+01 1.401400852203369141e+01 1.082510948181152344e+01 1.082896709442138672e+01 1.530185508728027344e+01 1.308383464813232422e+01 1.186714744567871094e+01 8.753436088562011719e+00 1.561107063293457031e+01 1.215322685241699219e+01 2.165904235839843750e+01 1.283957386016845703e+01 1.581533622741699219e+01 1.041071033477783203e+01 9.839778900146484375e+00 1.675498962402343750e+01 1.451021385192871094e+01 8.775703430175781250e+00 9.037311553955078125e+00 9.339162826538085938e+00 1.762905693054199219e+01 2.521630096435546875e+01 2.033309936523437500e+01 1.340120983123779297e+01 2.104645538330078125e+01 1.838079071044921875e+01 1.401652526855468750e+01 1.574334716796875000e+01 1.764700317382812500e+01 9.598415374755859375e+00 1.696888351440429688e+01 1.200185585021972656e+01 1.472174167633056641e+01 1.105771350860595703e+01 1.683893203735351562e+01 9.315518379211425781e+00 1.257666110992431641e+01 2.060694503784179688e+01 2.160015869140625000e+01 2.150517845153808594e+01 2.016256141662597656e+01 3.117156600952148438e+01 5.011835098266601562e+01 4.891178894042968750e+01 6.973859405517578125e+01 6.546352386474609375e+01 6.666596984863281250e+01 6.928591156005859375e+01 8.181232452392578125e+01 6.196527862548828125e+01 7.286566925048828125e+01 7.617020416259765625e+01 8.292608642578125000e+01 9.705021667480468750e+01 9.932786560058593750e+01 1.275703201293945312e+02 1.462456970214843750e+02 1.990406188964843750e+02 2.566778564453125000e+02 5.731177978515625000e+02 2.211173095703125000e+03 5.915499877929687500e+02 2.520244598388671875e+02 1.921555175781250000e+02 1.621302337646484375e+02 1.210945968627929688e+02 1.320979309082031250e+02 1.128893585205078125e+02 9.713044738769531250e+01 7.257231903076171875e+01 8.502223968505859375e+01 7.948009490966796875e+01 8.057341766357421875e+01 8.626319122314453125e+01 7.995570373535156250e+01 8.096991729736328125e+01 7.263488006591796875e+01 6.768547058105468750e+01
5.554674625396728516e+00 4.382399559020996094e+00 4.010636806488037109e+00 5.364400863647460938e+00 9.520123481750488281e+00 9.323195457458496094e+00 4.465928077697753906e+00 7.593090534210205078e+00 6.806263923645019531e+00 1.035589313507080078e+01 8.611693382263183594e+00 9.858676910400390625e+00 8.736861228942871094e+00 1.219834327697753906e+01 1.256209468841552734e+01 1.250122928619384766e+01 7.139973640441894531e+00 7.313241958618164062e+00 1.069809436798095703e+01 1.251303863525390625e+01 1.071368789672851562e+01 1.135634422302246094e+01 9.512605667114257812e+00 8.552696228027343750e+00 1.398028755187988281e+01 1.346610355377197266e+01 7.690811157226562500e+00 1.031898880004882812e+01 1.893909263610839844e+01 1.281882953643798828e+01 7.146842956542968750e+00 7.869724273681640625e+00 1.315304470062255859e+01 1.260786437988281250e+01 1.314452552795410156e+01 1.320795917510986328e+01 8.311547279357910156e+00 1.356337356567382812e+01 7.764234542846679688e+00 8.331549644470214844e+00 1.212430477142333984e+01 1.114377021789550781e+01 7.398962497711181641e+00 1.156003570556640625e+01 8.261018753051757812e+00 1.576566505432128906e+01 9.857369422912597656e+00 7.435152530670166016e+00 1.469677448272705078e+01 1.364650440216064453e+01 1.518384265899658203e+01 7.909510612487792969e+00 7.943797588348388672e+00 8.320438385009765625e+00 1.606931686401367188e+01 1.213689327239990234e+01 1.056936359405517578e+01 1.118877983093261719e+01 1.633108901977539062e+01 1.247362899780273438e+01 1.672870635986328125e+01 1.230666732788085938e+01 1.277432918548583984e+01 7.317625999450683594e+00 1.226886653900146484e+01 7.480617523193359375e+00 1.193755531311035156e+01 1.228189659118652344e+01 2.450263595581054688e+01 1.815687179565429688e+01 1.928695297241210938e+01 1.424875831604003906e+01 1.736756515502929688e+01 1.698583984375000000e+01 1.217797470092773438e+01 2.720103645324707031e+01 1.574327850341796875e+01 1.769764328002929688e+01 1.486166000366210938e+01 1.309587001800537109e+01 1.654792594909667969e+01 1.349008655548095703e+01 1.513342761993408203e+01 1.380858898162841797e+01 1.340367412567138672e+01 1.326352310180664062e+01 1.549710464477539062e+01 1.580312633514404297e+01 1.209550285339355469e+01 1.652425384521484375e+01 1.444005584716796875e+01 2.147680854797363281e+01 2.591215705871582031e+01 2.055077743530273438e+01 3.579837799072265625e+01 4.292419815063476562e+01 6.009133148193359375e+01 6.616278076171875000e+01 5.516101455688476562e+01 6.859777069091796875e+01 7.095948028564453125e+01 7.727787017822265625e+01 8.684276580810546875e+01 8.140986633300781250e+01 7.865834045410156250e+01 7.007310485839843750e+01 7.225712585449218750e+01 1.023963394165039062e+02 1.083554916381835938e+02 1.102008972167968750e+02 1.565278015136718750e+02 2.062184143066406250e+02 3.054038085937500000e+02 5.915499877929687500e+02 1.891167724609375000e+03 5.985106811523437500e+02 2.749282836914062500e+02 1.985507812500000000e+02 1.542571868896484375e+02 1.516657409667968750e+02 1.327011260986328125e+02 9.859800720214843750e+01 1.004109649658203125e+02 8.866370391845703125e+01 8.416082763671875000e+01 1.113084259033203125e+02 8.529292297363281250e+01 9.244610595703125000e+01 8.230220794677734375e+01 8.547540283203125000e+01 8.359490203857421875e+01
7.307823181152343750e+00 6.652567863464355469e+00 9.741159439086914062e+00 5.583952426910400391e+00 7.587159156799316406e+00 5.661116600036621094e+00 6.973061561584472656e+00 4.939910888671875000e+00 6.199224472045898438e+00 4.353354454040527344e+00 7.843630790710449219e+00 2.993132591247558594e+00 1.114068889617919922e+01 6.249596118927001953e+00 8.390582084655761719e+00 9.376924514770507812e+00 7.045102119445800781e+00 7.872074127197265625e+00 5.314881324768066406e+00 9.972393989562988281e+00 8.256897926330566406e+00 1.182113170623779297e+01 7.088884353637695312e+00 1.168484306335449219e+01 1.000482082366943359e+01 1.226508426666259766e+01 9.106344223022460938e+00 1.074131965637207031e+01 1.355352878570556641e+01 1.984841537475585938e+01 1.301885604858398438e+01 1.035354137420654297e+01 1.272869300842285156e+01 9.952271461486816406e+00 1.338068008422851562e+01 9.452114105224609375e+00 9.252532958984375000e+00 7.802323341369628906e+00 8.643256187438964844e+00 1.734507942199707031e+01 9.386514663696289062e+00 9.227159500122070312e+00 1.422690677642822266e+01 8.774179458618164062e+00 1.128634834289550781e+01 1.604891014099121094e+01 1.588452053070068359e+01 1.083523750305175781e+01 1.271669387817382812e+01 1.118645572662353516e+01 1.005790519714355469e+01 9.420712471008300781e+00 1.183958721160888672e+01 1.212536334991455078e+01 1.158692932128906250e+01 1.036352252960205078e+01 1.036721515655517578e+01 7.006223678588867188e+00 1.096019268035888672e+01 1.439076042175292969e+01 1.066569042205810547e+01 1.214314365386962891e+01 1.505706787109375000e+01 1.999493598937988281e+01 1.173335742950439453e+01 1.286981868743896484e+01 1.540322494506835938e+01 1.177525806427001953e+01 7.671567440032958984e+00 1.322999191284179688e+01 1.145659637451171875e+01 1.586192035675048828e+01 1.031646537780761719e+01 1.476767826080322266e+01 1.565906906127929688e+01 3.539288520812988281e+00 1.735793304443359375e+01 1.343268394470214844e+01 1.624340820312500000e+01 1.267336273193359375e+01 1.159387969970703125e+01 9.215195655822753906e+00 1.033777713775634766e+01 1.572128009796142578e+01 1.795326805114746094e+01 1.342285728454589844e+01 1.340919589996337891e+01 1.093918991088867188e+01 1.731199645996093750e+01 1.354543399810791016e+01 1.597049331665039062e+01 2.067911720275878906e+01 2.410324478149414062e+01 2.866176414489746094e+01 2.984239578247070312e+01 4.131721496582031250e+01 4.925869369506835938e+01 7.153382873535156250e+01 7.044139862060546875e+01 6.718241882324218750e+01 6.463071441650390625e+01 6.879793548583984375e+01 5.932305145263671875e+01 7.658816528320312500e+01 7.292227172851562500e+01 8.328175354003906250e+01 7.549095916748046875e+01 8.472984313964843750e+01 9.992508697509765625e+01 1.144371643066406250e+02 1.335264892578125000e+02 1.573879089355468750e+02 2.153185577392578125e+02 2.520244598388671875e+02 5.985106811523437500e+02 2.010274291992187500e+03 5.123477172851562500e+02 2.650402221679687500e+02 1.881000671386718750e+02 1.900220794677734375e+02 1.477247772216796875e+02 1.152805862426757812e+02 1.247764663696289062e+02 1.243384933471679688e+02 8.792740631103515625e+01 9.532019042968750000e+01 1.007815628051757812e+02 1.106442794799804688e+02 8.262835693359375000e+01 8.389874267578125000e+01 8.747909545898437500e+01
5.475878715515136719e+00 6.480350017547607422e+00 4.151431083679199219e+00 7.479173183441162109e+00 8.446568489074707031e+00 7.168934345245361328e+00 4.528364658355712891e+00 5.774435043334960938e+00 7.045199394226074219e+00 9.188090324401855469e+00 9.277846336364746094e+00 1.069070911407470703e+01 1.033551025390625000e+01 7.440656661987304688e+00 3.715168714523315430e+00 6.524414539337158203e+00 8.974328994750976562e+00 9.437891006469726562e+00 6.040174484252929688e+00 1.110198211669921875e+01 8.043148040771484375e+00 8.636335372924804688e+00 1.457800579071044922e+01 3.794117689132690430e+00 1.151778984069824219e+01 1.075281524658203125e+01 1.023531341552734375e+01 6.539534091949462891e+00 1.560314655303955078e+01 5.686644554138183594e+00 1.030398750305175781e+01 1.474036788940429688e+01 1.604599761962890625e+01 9.694632530212402344e+00 1.029022789001464844e+01 9.207423210144042969e+00 9.013009071350097656e+00 1.013378810882568359e+01 9.184913635253906250e+00 9.504034042358398438e+00 1.398421001434326172e+01 7.190634250640869141e+00 1.239980792999267578e+01 1.623937416076660156e+01 1.099417400360107422e+01 1.151938056945800781e+01 1.143679523468017578e+01 7.916056156158447266e+00 1.173551845550537109e+01 1.089686679840087891e+01 1.224691581726074219e+01 8.637021064758300781e+00 9.610909461975097656e+00 1.033503532409667969e+01 7.128614902496337891e+00 1.615237998962402344e+01 1.226286983489990234e+01 1.054749679565429688e+01 1.143906593322753906e+01 1.549382305145263672e+01 1.410014915466308594e+01 1.273869609832763672e+01 1.000041770935058594e+01 1.442764377593994141e+01 7.619740962982177734e+00 1.106175231933593750e+01 1.235662651062011719e+01 1.433803367614746094e+01 1.086977481842041016e+01 1.095437622070312500e+01 1.934402465820312500e+01 1.685595893859863281e+01 1.138931846618652344e+01 8.905236244201660156e+00 1.207584285736083984e+01 1.723832702636718750e+01 9.557024002075195312e+00 1.439344024658203125e+01 1.516361999511718750e+01 1.161908912658691406e+01 2.145811271667480469e+01 1.944938278198242188e+01 1.566469097137451172e+01 1.429334354400634766e+01 1.538988304138183594e+01 1.242160511016845703e+01 1.512449836730957031e+01 1.289937210083007812e+01 1.226460552215576172e+01 1.563825511932373047e+01 1.281169509887695312e+01 2.232149505615234375e+01 1.809860610961914062e+01 1.823332977294921875e+01 3.552981948852539062e+01 4.457531738281250000e+01 4.205962371826171875e+01 6.588116455078125000e+01 5.751791000366210938e+01 5.693561935424804688e+01 5.964403915405273438e+01 6.495487976074218750e+01 5.297171783447265625e+01 7.032874298095703125e+01 6.916517639160156250e+01 6.747846984863281250e+01 7.636502838134765625e+01 6.828551483154296875e+01 7.751011657714843750e+01 1.021332244873046875e+02 1.185532379150390625e+02 1.388499908447265625e+02 1.591716003417968750e+02 1.921555175781250000e+02 2.749282836914062500e+02 5.123477172851562500e+02 1.995802368164062500e+03 5.384672851562500000e+02 2.894296264648437500e+02 2.659669799804687500e+02 1.781625976562500000e+02 1.482807006835937500e+02 1.339772033691406250e+02 1.373522338867187500e+02 1.174958724975585938e+02 1.223722076416015625e+02 1.056718826293945312e+02 1.111692886352539062e+02 1.045531387329101562e+02 1.052877120971679688e+02 8.284741973876953125e+01
6.570772171020507812e+00 6.048066616058349609e+00 6.325718402862548828e+00 4.532637119293212891e+00 1.126160717010498047e+01 1.029341220855712891e+01 2.264085054397583008e+00 3.207881689071655273e+00 4.696597576141357422e+00 9.423277854919433594e+00 7.276429653167724609e+00 6.478939056396484375e+00 6.201039314270019531e+00 6.313013076782226562e+00 2.972007274627685547e+00 6.959076404571533203e+00 6.334548473358154297e+00 9.437485694885253906e+00 1.380552005767822266e+01 7.401003360748291016e+00 8.773965835571289062e+00 9.595515251159667969e+00 8.183792114257812500e+00 8.093770027160644531e+00 1.299387073516845703e+01 2.230117797851562500e+01 8.187898635864257812e+00 1.743800878524780273e+00 8.001269340515136719e+00 9.098240852355957031e+00 1.056773853302001953e+01 1.551551055908203125e+01 1.264175796508789062e+01 6.959949970245361328e+00 1.189041900634765625e+01 8.928026199340820312e+00 1.420170593261718750e+01 7.600014686584472656e+00 1.224602603912353516e+01 1.126355552673339844e+01 1.864481163024902344e+01 8.388712882995605469e+00 6.807445049285888672e+00 7.976892948150634766e+00 8.957830429077148438e+00 8.776293754577636719e+00 8.072685241699218750e+00 1.407238388061523438e+01 1.216964435577392578e+01 7.264266014099121094e+00 8.980685234069824219e+00 1.007609081268310547e+01 7.688396930694580078e+00 7.873974323272705078e+00 8.712377548217773438e+00 8.075842857360839844e+00 1.154102897644042969e+01 8.272191047668457031e+00 1.525143146514892578e+01 1.082061767578125000e+01 1.187329959869384766e+01 2.426313877105712891e+00 8.888877868652343750e+00 1.154161930084228516e+01 7.982242584228515625e+00 2.261416625976562500e+01 5.883854866027832031e+00 1.376392078399658203e+01 1.177508354187011719e+01 1.546433734893798828e+01 9.919586181640625000e+00 6.554813385009765625e+00 1.161213970184326172e+01 1.461309242248535156e+01 1.779521369934082031e+01 1.149172401428222656e+01 1.568264675140380859e+01 1.308438396453857422e+01 7.911113739013671875e+00 1.742788314819335938e+01 1.355191040039062500e+01 1.196833705902099609e+01 7.459055900573730469e+00 1.429272937774658203e+01 1.678824234008789062e+01 1.045984935760498047e+01 2.016513061523437500e+01 1.196411991119384766e+01 1.567076683044433594e+01 1.368288516998291016e+01 1.830163574218750000e+01 2.105026245117187500e+01 1.956521987915039062e+01 2.203099250793457031e+01 3.014521789550781250e+01 4.442915344238281250e+01 4.186036300659179688e+01 5.968464660644531250e+01 6.996029663085937500e+01 5.584249877929687500e+01 5.375095748901367188e+01 6.185912704467773438e+01 6.563217163085937500e+01 5.892155075073242188e+01 5.732362747192382812e+01 8.188047027587890625e+01 7.039107513427734375e+01 7.837652587890625000e+01 8.171257781982421875e+01 8.469220733642578125e+01 8.309660339355468750e+01 1.157033538818359375e+02 1.142721328735351562e+02 1.621302337646484375e+02 1.985507812500000000e+02 2.650402221679687500e+02 5.384672851562500000e+02 2.270736572265625000e+03 6.850288085937500000e+02 3.082810058593750000e+02 2.308954467773437500e+02 1.397956085205078125e+02 1.381148834228515625e+02 1.240278930664062500e+02 1.046802978515625000e+02 1.252293319702148438e+02 1.090759658813476562e+02 8.314743804931640625e+01 8.850679016113281250e+01 1.020927810668945312e+02 7.679494476318359375e+01
4.593511581420898438e+00 6.342145919799804688e+00 7.462460517883300781e+00 6.654242992401123047e+00 1.033303928375244141e+01 6.167952060699462891e+00 4.748346328735351562e+00 7.400493621826171875e+00 7.739228725433349609e+00 7.905177593231201172e+00 4.578141689300537109e+00 4.076381683349609375e+00 7.947569370269775391e+00 7.565685749053955078e+00 4.155356407165527344e+00 9.121815681457519531e+00 5.166433811187744141e+00 1.154576587677001953e+01 6.031998157501220703e+00 8.730976104736328125e+00 8.178300857543945312e+00 1.811175346374511719e+01 1.394529247283935547e+01 7.426403999328613281e+00 1.238698291778564453e+01 1.002237510681152344e+01 1.431004047393798828e+01 3.657181739807128906e+00 1.174644947052001953e+01 1.749115562438964844e+01 1.773052978515625000e+01 1.084662151336669922e+01 8.157813072204589844e+00 1.146886444091796875e+01 1.055033302307128906e+01 8.191872596740722656e+00 6.873344421386718750e+00 1.328259277343750000e+01 5.350613594055175781e+00 1.033482742309570312e+01 6.767789363861083984e+00 7.539945125579833984e+00 1.019778347015380859e+01 1.314462184906005859e+01 9.393393516540527344e+00 6.902272224426269531e+00 1.316810226440429688e+01 3.689158678054809570e+00 7.292215347290039062e+00 1.184941577911376953e+01 1.284185409545898438e+01 1.433960914611816406e+01 8.062234878540039062e+00 1.444946289062500000e+01 1.079709720611572266e+01 1.129135990142822266e+01 1.210219669342041016e+01 1.214418125152587891e+01 1.279441070556640625e+01 7.220662593841552734e+00 1.141307163238525391e+01 7.632871150970458984e+00 6.524761676788330078e+00 1.613708686828613281e+01 1.445790958404541016e+01 8.248260498046875000e+00 7.403939723968505859e+00 1.042395782470703125e+01 1.614690208435058594e+01 1.171175098419189453e+01 1.352248764038085938e+01 6.873532772064208984e+00 9.366742134094238281e+00 1.532363510131835938e+01 1.510610580444335938e+01 7.230296611785888672e+00 1.336172103881835938e+01 1.189118194580078125e+01 1.290454864501953125e+01 1.929058647155761719e+01 1.105288600921630859e+01 1.045856761932373047e+01 1.720783424377441406e+01 1.998359298706054688e+01 9.780304908752441406e+00 1.919478034973144531e+01 1.057281684875488281e+01 8.625278472900390625e+00 1.357487010955810547e+01 2.049742507934570312e+01 1.535322189331054688e+01 2.359613418579101562e+01 1.504547309875488281e+01 2.947524642944335938e+01 2.182663726806640625e+01 4.356417083740234375e+01 4.389576721191406250e+01 4.841615295410156250e+01 4.937828445434570312e+01 5.855776596069335938e+01 5.713664627075195312e+01 5.765950775146484375e+01 5.909839630126953125e+01 4.584162139892578125e+01 5.836856842041015625e+01 7.420155334472656250e+01 6.985944366455078125e+01 6.807447814941406250e+01 6.888462066650390625e+01 8.010336303710937500e+01 9.944991302490234375e+01 1.203181991577148438e+02 1.153628082275390625e+02 1.210945968627929688e+02 1.542571868896484375e+02 1.881000671386718750e+02 2.894296264648437500e+02 6.850288085937500000e+02 2.272121093750000000e+03 5.891300659179687500e+02 3.222492980957031250e+02 1.674109191894531250e+02 1.631757507324218750e+02 1.326772155761718750e+02 1.182141036987304688e+02 1.245649261474609375e+02 1.277239303588867188e+02 1.250992355346679688e+02 1.078919906616210938e+02 9.367479705810546875e+01 1.003854598999023438e+02
5.820357322692871094e+00 4.592011928558349609e+00 7.704524040222167969e+00 7.226977825164794922e+00 8.728541374206542969e+00 5.861477375030517578e+00 9.359071731567382812e+00 7.387966632843017578e+00 5.943175792694091797e+00 5.842965126037597656e+00 8.379053115844726562e+00 5.739012241363525391e+00 6.713483333587646484e+00 6.390898227691650391e+00 8.775298118591308594e+00 8.475934028625488281e+00 8.104939460754394531e+00 7.663037776947021484e+00 1.120978927612304688e+01 8.194715499877929688e+00 1.122612953186035156e+01 5.099795818328857422e+00 5.436872005462646484e+00 1.523501968383789062e+01 6.278131008148193359e+00 1.269917488098144531e+01 1.289386653900146484e+01 1.544650173187255859e+01 1.133997631072998047e+01 1.074556827545166016e+01 1.029693508148193359e+01 1.649227523803710938e+01 1.550493144989013672e+01 4.403635025024414062e+00 1.053247451782226562e+01 8.896951675415039062e+00 1.161212444305419922e+01 1.271610450744628906e+01 9.943512916564941406e+00 1.746010398864746094e+01 1.143379497528076172e+01 7.430680274963378906e+00 1.464428901672363281e+01 1.312237167358398438e+01 5.770764827728271484e+00 8.745747566223144531e+00 1.032885265350341797e+01 9.348936080932617188e+00 1.308977031707763672e+01 7.864573001861572266e+00 1.012460517883300781e+01 6.375251293182373047e+00 1.135057353973388672e+01 6.974727630615234375e+00 7.717380523681640625e+00 1.430708312988281250e+01 1.192681694030761719e+01 8.792959213256835938e+00 1.350964260101318359e+01 7.842149734497070312e+00 1.139375209808349609e+01 1.289530181884765625e+01 7.873724460601806641e+00 1.703918266296386719e+01 1.285569286346435547e+01 1.219309711456298828e+01 1.042377948760986328e+01 1.083734416961669922e+01 1.363963699340820312e+01 1.065418148040771484e+01 1.493742465972900391e+01 1.493028354644775391e+01 1.582457828521728516e+01 1.537124347686767578e+01 1.726414299011230469e+01 1.017931270599365234e+01 1.302338504791259766e+01 1.081741046905517578e+01 1.167937564849853516e+01 6.003485202789306641e+00 9.336611747741699219e+00 1.236840915679931641e+01 1.453582859039306641e+01 1.326330661773681641e+01 1.404477882385253906e+01 1.544213867187500000e+01 1.542642211914062500e+01 1.589663791656494141e+01 1.750224113464355469e+01 1.731461715698242188e+01 1.837303161621093750e+01 1.800324440002441406e+01 1.790846824645996094e+01 2.422544860839843750e+01 2.225207138061523438e+01 4.139954376220703125e+01 5.457012557983398438e+01 4.937705612182617188e+01 6.435396575927734375e+01 5.101079177856445312e+01 6.522237396240234375e+01 6.270927429199218750e+01 5.244937133789062500e+01 6.397780609130859375e+01 5.519237518310546875e+01 7.163388824462890625e+01 6.569235992431640625e+01 6.662046813964843750e+01 8.089596557617187500e+01 7.354895782470703125e+01 9.520848083496093750e+01 9.394866943359375000e+01 1.282560577392578125e+02 1.320979309082031250e+02 1.516657409667968750e+02 1.900220794677734375e+02 2.659669799804687500e+02 3.082810058593750000e+02 5.891300659179687500e+02 1.903309448242187500e+03 5.672286987304687500e+02 2.842966918945312500e+02 2.063493041992187500e+02 1.828597106933593750e+02 1.562712860107421875e+02 1.470582122802734375e+02 1.409026336669921875e+02 1.272891616821289062e+02 1.117183990478515625e+02 1.043460998535156250e+02 9.784357452392578125e+01
3.826161384582519531e+00 6.792023658752441406e+00 6.215850353240966797e+00 8.709872245788574219e+00 8.606896400451660156e+00 3.853192567825317383e+00 7.251073360443115234e+00 6.724619865417480469e+00 4.102244377136230469e+00 5.761534690856933594e+00 8.897838592529296875e+00 3.395418405532836914e+00 6.619921207427978516e+00 4.726373672485351562e+00 6.922400951385498047e+00 6.078406810760498047e+00 8.606753349304199219e+00 8.930104255676269531e+00 6.029217243194580078e+00 9.696611404418945312e+00 6.812108516693115234e+00 1.005744552612304688e+01 6.254618167877197266e+00 8.836880683898925781e+00 1.547659015655517578e+01 4.174064636230468750e+00 1.033026504516601562e+01 7.615616321563720703e+00 1.397742176055908203e+01 1.324476718902587891e+00 7.384314537048339844e+00 8.131215095520019531e+00 9.343184471130371094e+00 1.128988647460937500e+01 1.118458843231201172e+01 1.267205238342285156e+01 7.633528232574462891e+00 1.032614231109619141e+01 8.022220611572265625e+00 6.148847103118896484e+00 8.142657279968261719e+00 5.233659267425537109e+00 8.494235038757324219e+00 8.958109855651855469e+00 7.824218750000000000e+00 1.149848365783691406e+01 1.331872177124023438e+01 7.682203769683837891e+00 9.111066818237304688e+00 7.049971580505371094e+00 9.983503341674804688e+00 1.194416522979736328e+01 1.119238662719726562e+01 1.031628704071044922e+01 5.534420013427734375e+00 1.175641059875488281e+01 1.092055702209472656e+01 7.947881698608398438e+00 7.104728698730468750e+00 9.451270103454589844e+00 5.185368061065673828e+00 6.357793331146240234e+00 9.316791534423828125e+00 1.176120090484619141e+01 1.077505016326904297e+01 5.152786254882812500e+00 1.233421039581298828e+01 1.135420513153076172e+01 1.028494930267333984e+01 1.575854969024658203e+01 1.126354408264160156e+01 1.226850700378417969e+01 1.014262580871582031e+01 1.276380825042724609e+01 1.036215591430664062e+01 8.029959678649902344e+00 5.992879867553710938e+00 1.219046115875244141e+01 1.074883270263671875e+01 1.014825916290283203e+01 7.891279220581054688e+00 1.393832874298095703e+01 1.824231910705566406e+01 1.486188983917236328e+01 2.443948936462402344e+01 2.740847396850585938e+01 2.241684913635253906e+01 1.502196598052978516e+01 2.142412376403808594e+01 2.048797607421875000e+01 1.598556709289550781e+01 1.711833190917968750e+01 1.993745422363281250e+01 1.658877182006835938e+01 2.068812942504882812e+01 4.586240768432617188e+01 4.829067611694335938e+01 5.754144668579101562e+01 7.579598236083984375e+01 7.163922119140625000e+01 6.302713775634765625e+01 5.703258514404296875e+01 3.925614547729492188e+01 4.980487823486328125e+01 5.732575988769531250e+01 5.385961914062500000e+01 5.489562606811523438e+01 6.845799255371093750e+01 7.557021331787109375e+01 8.630349731445312500e+01 1.001929855346679688e+02 9.263935852050781250e+01 9.981101989746093750e+01 1.128893585205078125e+02 1.327011260986328125e+02 1.477247772216796875e+02 1.781625976562500000e+02 2.308954467773437500e+02 3.222492980957031250e+02 5.672286987304687500e+02 2.090027343750000000e+03 5.751194458007812500e+02 2.742469177246093750e+02 2.304785461425781250e+02 1.675206451416015625e+02 1.781357269287109375e+02 1.714903717041015625e+02 1.602489624023437500e+02 1.217573776245117188e+02 1.071790390014648438e+02 1.075062637329101562e+02
8.256417274475097656e+00 3.006442546844482422e+00 3.439254045486450195e+00 3.942986965179443359e+00 4.286006450653076172e+00 8.314746856689453125e+00 3.282583951950073242e+00 5.023023605346679688e+00 5.836596965789794922e+00 5.738183021545410156e+00 3.797903776168823242e+00 9.017751693725585938e+00 8.990578651428222656e+00 4.707217693328857422e+00 7.756137371063232422e+00 5.297049522399902344e+00 6.122764110565185547e+00 8.209763526916503906e+00 6.004780769348144531e+00 5.633431911468505859e+00 5.936436653137207031e+00 6.677788734436035156e+00 9.788849830627441406e+00 3.520426034927368164e+00 9.248317718505859375e+00 9.700010299682617188e+00 1.107981109619140625e+01 6.067800045013427734e+00 9.744539260864257812e+00 6.595542907714843750e+00 7.354385852813720703e+00 1.079767894744873047e+01 1.184313106536865234e+01 8.649329185485839844e+00 1.432190132141113281e+01 1.553316020965576172e+01 9.503236770629882812e+00 6.611329555511474609e+00 7.989706039428710938e+00 7.348711013793945312e+00 9.357294082641601562e+00 9.382404327392578125e+00 5.075884342193603516e+00 8.921802520751953125e+00 1.062614631652832031e+01 5.725940227508544922e+00 1.248446273803710938e+01 7.651068210601806641e+00 7.561783313751220703e+00 7.723537921905517578e+00 1.278390884399414062e+01 6.260923862457275391e+00 4.458809375762939453e+00 1.284309291839599609e+01 4.822990417480468750e+00 8.586425781250000000e+00 6.693105220794677734e+00 7.196062564849853516e+00 1.061390018463134766e+01 9.412964820861816406e+00 7.746527671813964844e+00 5.276687622070312500e+00 1.005228233337402344e+01 1.087685203552246094e+01 8.837606430053710938e+00 5.987219333648681641e+00 8.189479827880859375e+00 1.064299869537353516e+01 7.091490268707275391e+00 1.046312046051025391e+01 7.766233921051025391e+00 1.140419769287109375e+01 1.398671627044677734e+01 1.271207714080810547e+01 8.845849990844726562e+00 7.997413635253906250e+00 6.821246623992919922e+00 9.105790138244628906e+00 1.223459148406982422e+01 8.422606468200683594e+00 1.309882640838623047e+01 1.735229492187500000e+01 1.427515792846679688e+01 2.309057998657226562e+01 2.352908897399902344e+01 2.502260398864746094e+01 1.514978122711181641e+01 2.666975593566894531e+01 2.607891273498535156e+01 2.097174072265625000e+01 1.485939216613769531e+01 1.704895019531250000e+01 1.815464782714843750e+01 1.982584381103515625e+01 2.372614288330078125e+01 3.162221145629882812e+01 4.672081375122070312e+01 6.367581176757812500e+01 6.905175018310546875e+01 6.679468536376953125e+01 4.483692169189453125e+01 5.680142974853515625e+01 4.778527069091796875e+01 5.676790237426757812e+01 4.191668701171875000e+01 4.484766769409179688e+01 5.248620605468750000e+01 5.302930068969726562e+01 7.108259582519531250e+01 8.089760589599609375e+01 7.464374542236328125e+01 8.890884399414062500e+01 9.261473846435546875e+01 9.713044738769531250e+01 9.859800720214843750e+01 1.152805862426757812e+02 1.482807006835937500e+02 1.397956085205078125e+02 1.674109191894531250e+02 2.842966918945312500e+02 5.751194458007812500e+02 2.124210449218750000e+03 6.840399780273437500e+02 3.606092224121093750e+02 2.700033264160156250e+02 2.427767028808593750e+02 2.308899688720703125e+02 1.768959808349609375e+02 1.366624908447265625e+02 1.263856582641601562e+02 1.290337219238281250e+02
7.069532394409179688e+00 9.202970504760742188e+00 5.359628677368164062e+00 6.144630908966064453e+00 6.133942604064941406e+00 5.695581912994384766e+00 5.115478992462158203e+00 6.833730220794677734e+00 3.898103475570678711e+00 4.562352180480957031e+00 5.636702537536621094e+00 3.764193773269653320e+00 7.338908672332763672e+00 3.493135690689086914e+00 5.755680561065673828e+00 5.896257877349853516e+00 2.726151227951049805e+00 1.066153812408447266e+01 6.684048175811767578e+00 9.853943824768066406e+00 7.551969528198242188e+00 5.574890613555908203e+00 5.943368434906005859e+00 9.796651840209960938e+00 1.258216476440429688e+01 1.388222503662109375e+01 7.047526836395263672e+00 8.442745208740234375e+00 4.648651123046875000e+00 1.174662113189697266e+01 9.209612846374511719e+00 8.012749671936035156e+00 7.533051013946533203e+00 9.627751350402832031e+00 7.971005439758300781e+00 1.404835987091064453e+01 9.520428657531738281e+00 5.723830223083496094e+00 4.940839290618896484e+00 4.090002536773681641e+00 1.111018848419189453e+01 3.481251001358032227e+00 9.416790962219238281e+00 8.827597618103027344e+00 9.462550163269042969e+00 6.373664855957031250e+00 6.948359489440917969e+00 1.192319107055664062e+01 5.892026424407958984e+00 8.597232818603515625e+00 3.952788829803466797e+00 6.272250175476074219e+00 7.444792747497558594e+00 6.671428680419921875e+00 9.970206260681152344e+00 9.557731628417968750e+00 1.024407577514648438e+01 1.121412467956542969e+01 1.083000946044921875e+01 1.238281822204589844e+01 1.053900623321533203e+01 1.057246685028076172e+01 6.885789871215820312e+00 1.024459934234619141e+01 7.729327678680419922e+00 1.237692832946777344e+01 7.976397514343261719e+00 5.923473358154296875e+00 6.139534950256347656e+00 9.150994300842285156e+00 1.440793132781982422e+01 1.360098552703857422e+01 6.054575920104980469e+00 1.061256122589111328e+01 1.230812740325927734e+01 8.902090072631835938e+00 1.518574714660644531e+01 1.351446342468261719e+01 1.106509876251220703e+01 9.375381469726562500e+00 1.603863906860351562e+01 5.794561862945556641e+00 1.011180496215820312e+01 2.174836540222167969e+01 2.438446807861328125e+01 2.025686454772949219e+01 2.573908805847167969e+01 2.244601631164550781e+01 2.441073989868164062e+01 1.577303314208984375e+01 2.599190521240234375e+01 1.827467536926269531e+01 2.083983230590820312e+01 1.397675895690917969e+01 2.710507202148437500e+01 3.072959136962890625e+01 5.047633743286132812e+01 5.561266708374023438e+01 6.578948211669921875e+01 5.745271682739257812e+01 3.850116729736328125e+01 4.459158325195312500e+01 5.250000381469726562e+01 5.276020431518554688e+01 4.263607788085937500e+01 5.481509017944335938e+01 4.138331604003906250e+01 6.132783126831054688e+01 5.430047225952148438e+01 5.708452987670898438e+01 7.084304809570312500e+01 7.935977935791015625e+01 9.759320831298828125e+01 7.257231903076171875e+01 1.004109649658203125e+02 1.247764663696289062e+02 1.339772033691406250e+02 1.381148834228515625e+02 1.631757507324218750e+02 2.063493041992187500e+02 2.742469177246093750e+02 6.840399780273437500e+02 2.088999511718750000e+03 6.472401733398437500e+02 3.622151489257812500e+02 2.459875793457031250e+02 2.288431854248046875e+02 1.619010162353515625e+02 1.339101257324218750e+02 1.245230636596679688e+02 1.008467102050781250e+02
5.751976013183593750e+00 6.050749778747558594e+00 3.460911989212036133e+00 3.174253702163696289e+00 4.929138660430908203e+00 5.792613029479980469e+00 5.285208702087402344e+00 3.369770050048828125e+00 5.286016464233398438e+00 4.949415683746337891e+00 6.369700431823730469e+00 4.537269592285156250e+00 6.031462669372558594e+00 4.736860275268554688e+00 6.937759876251220703e+00 5.330406188964843750e+00 4.929056644439697266e+00 5.507641792297363281e+00 7.049693584442138672e+00 6.478750705718994141e+00 5.120417118072509766e+00 1.175972080230712891e+01 7.163994789123535156e+00 1.151343441009521484e+01 5.170309543609619141e+00 9.761093139648437500e+00 8.760387420654296875e+00 9.159015655517578125e+00 1.260759067535400391e+01 1.460156917572021484e+01 1.017596054077148438e+01 5.432837486267089844e+00 6.810120105743408203e+00 9.574176788330078125e+00 1.201007556915283203e+01 1.465404129028320312e+01 1.243200588226318359e+01 1.182748985290527344e+01 1.340003204345703125e+01 4.929991722106933594e+00 1.004396724700927734e+01 6.294325351715087891e+00 4.256540775299072266e+00 6.982877731323242188e+00 3.564353942871093750e+00 1.440499496459960938e+01 1.020750331878662109e+01 4.619549274444580078e+00 6.848461627960205078e+00 1.342466640472412109e+01 6.432206630706787109e+00 8.820490837097167969e+00 8.225960731506347656e+00 6.031186103820800781e+00 1.178673648834228516e+01 6.283997535705566406e+00 8.419066429138183594e+00 1.231034278869628906e+01 1.246086120605468750e+01 1.119446563720703125e+01 7.795309543609619141e+00 9.557849884033203125e+00 7.003097057342529297e+00 1.262924575805664062e+01 1.206942272186279297e+01 5.164218902587890625e+00 6.180788516998291016e+00 9.371268272399902344e+00 1.189357948303222656e+01 9.776937484741210938e+00 9.551837921142578125e+00 1.311544322967529297e+01 6.255464553833007812e+00 9.594096183776855469e+00 5.192573547363281250e+00 1.005972003936767578e+01 1.201235294342041016e+01 1.374469757080078125e+01 9.233727455139160156e+00 8.475646018981933594e+00 9.226919174194335938e+00 6.984626770019531250e+00 2.350644874572753906e+01 2.323598861694335938e+01 1.959497070312500000e+01 1.907589340209960938e+01 1.203567123413085938e+01 1.963734245300292969e+01 1.431443881988525391e+01 2.167417907714843750e+01 1.602103424072265625e+01 1.270837974548339844e+01 1.941078376770019531e+01 1.928567123413085938e+01 2.010572814941406250e+01 3.586214828491210938e+01 3.595266723632812500e+01 4.485375595092773438e+01 5.358711242675781250e+01 4.353718948364257812e+01 5.220944213867187500e+01 4.933734893798828125e+01 4.808618545532226562e+01 4.769692230224609375e+01 4.945317077636718750e+01 4.955460357666015625e+01 5.061603164672851562e+01 5.405627059936523438e+01 6.732256317138671875e+01 6.759691619873046875e+01 9.408991241455078125e+01 8.524850463867187500e+01 7.766496276855468750e+01 8.502223968505859375e+01 8.866370391845703125e+01 1.243384933471679688e+02 1.373522338867187500e+02 1.240278930664062500e+02 1.326772155761718750e+02 1.828597106933593750e+02 2.304785461425781250e+02 3.606092224121093750e+02 6.472401733398437500e+02 1.955034667968750000e+03 7.888376464843750000e+02 3.539298095703125000e+02 2.323439331054687500e+02 1.795922546386718750e+02 1.433339233398437500e+02 1.306188812255859375e+02 1.197164382934570312e+02
5.620440483093261719e+00 3.325714826583862305e+00 5.478464603424072266e+00 1.116599464416503906e+01 7.585861206054687500e+00 8.490221977233886719e+00 6.971868515014648438e+00 5.432972431182861328e+00 4.132109165191650391e+00 1.160695838928222656e+01 4.481307983398437500e+00 4.987700462341308594e+00 1.007794666290283203e+01 7.637088298797607422e+00 6.863846778869628906e+00 6.026991367340087891e+00 5.960220336914062500e+00 7.870727062225341797e+00 9.742281913757324219e+00 6.409728050231933594e+00 1.275847625732421875e+01 1.477388668060302734e+01 9.450228691101074219e+00 1.012513160705566406e+01 7.274988651275634766e+00 7.357791423797607422e+00 9.805154800415039062e+00 5.369740962982177734e+00 1.355120944976806641e+01 9.338832855224609375e+00 9.762471199035644531e+00 3.981450080871582031e+00 8.983422279357910156e+00 1.148142528533935547e+01 6.337132453918457031e+00 9.450496673583984375e+00 1.009194564819335938e+01 1.170148277282714844e+01 1.099862575531005859e+01 5.419409751892089844e+00 9.936962127685546875e+00 8.303023338317871094e+00 1.197850322723388672e+01 5.263607025146484375e+00 1.253824138641357422e+01 5.911744594573974609e+00 1.035769748687744141e+01 4.062519073486328125e+00 8.030221939086914062e+00 8.077724456787109375e+00 8.170650482177734375e+00 9.973165512084960938e+00 8.549349784851074219e+00 5.303938865661621094e+00 1.097521305084228516e+01 1.243409919738769531e+01 7.403886318206787109e+00 8.915486335754394531e+00 1.174105358123779297e+01 1.060190391540527344e+01 1.142557048797607422e+01 7.471425056457519531e+00 9.580131530761718750e+00 1.036597156524658203e+01 8.379535675048828125e+00 6.055349349975585938e+00 6.341419219970703125e+00 7.652607917785644531e+00 9.064846038818359375e+00 1.587327384948730469e+01 1.450920581817626953e+01 1.369658756256103516e+01 8.939407348632812500e+00 7.031024456024169922e+00 1.239464187622070312e+01 5.308024406433105469e+00 1.207301712036132812e+01 8.729750633239746094e+00 9.473699569702148438e+00 1.341655826568603516e+01 1.506946468353271484e+01 9.213619232177734375e+00 2.411735153198242188e+01 1.414673137664794922e+01 1.723218727111816406e+01 1.342056083679199219e+01 1.411252880096435547e+01 1.784509849548339844e+01 1.573548507690429688e+01 1.705429458618164062e+01 1.972488021850585938e+01 1.396998596191406250e+01 1.907847023010253906e+01 2.631752586364746094e+01 2.486440849304199219e+01 2.976107215881347656e+01 4.803421020507812500e+01 5.331609344482421875e+01 6.317926788330078125e+01 4.634793853759765625e+01 5.611707305908203125e+01 5.344155883789062500e+01 4.228790283203125000e+01 5.072488021850585938e+01 4.988565063476562500e+01 5.136126327514648438e+01 4.548036193847656250e+01 7.008823394775390625e+01 5.858802032470703125e+01 7.223009490966796875e+01 7.718179321289062500e+01 7.868048858642578125e+01 8.906324768066406250e+01 7.948009490966796875e+01 8.416082763671875000e+01 8.792740631103515625e+01 1.174958724975585938e+02 1.046802978515625000e+02 1.182141036987304688e+02 1.562712860107421875e+02 1.675206451416015625e+02 2.700033264160156250e+02 3.622151489257812500e+02 7.888376464843750000e+02 2.052979248046875000e+03 7.106474609375000000e+02 3.372805786132812500e+02 2.170761566162109375e+02 1.805589141845703125e+02 1.314944458007812500e+02 1.239075164794921875e+02
5.494263648986816406e+00 7.152318000793457031e+00 9.520844459533691406e+00 4.775453090667724609e+00 4.767146587371826172e+00 8.299619674682617188e+00 9.087136268615722656e+00 5.793822288513183594e+00 8.583607673645019531e+00 8.509789466857910156e+00 9.308996200561523438e+00 6.826019763946533203e+00 8.296168327331542969e+00 6.108249187469482422e+00 5.964227199554443359e+00 7.200951576232910156e+00 7.415437698364257812e+00 8.285881042480468750e+00 9.523571014404296875e+00 6.265831470489501953e+00 1.027110290527343750e+01 1.588643932342529297e+01 5.388876438140869141e+00 9.136454582214355469e+00 1.066750144958496094e+01 1.198768615722656250e+01 6.161806583404541016e+00 5.249192237854003906e+00 9.634174346923828125e+00 1.027032661437988281e+01 1.272440910339355469e+01 1.401144409179687500e+01 1.244080924987792969e+01 9.727181434631347656e+00 1.032477664947509766e+01 1.427742862701416016e+01 8.221154212951660156e+00 6.354882240295410156e+00 6.911813735961914062e+00 9.535943031311035156e+00 7.555240154266357422e+00 5.411081790924072266e+00 8.782192230224609375e+00 4.287867069244384766e+00 6.741219043731689453e+00 1.486035823822021484e+01 6.075102329254150391e+00 1.059017753601074219e+01 1.242908191680908203e+01 7.896382331848144531e+00 5.529614925384521484e+00 7.582766532897949219e+00 9.643177032470703125e+00 7.406952857971191406e+00 6.556502819061279297e+00 8.778580665588378906e+00 7.237671852111816406e+00 1.307300567626953125e+01 1.147747135162353516e+01 7.402781963348388672e+00 8.190651893615722656e+00 9.129617691040039062e+00 6.689329147338867188e+00 9.409454345703125000e+00 8.737512588500976562e+00 8.139186859130859375e+00 1.594043064117431641e+01 1.035804367065429688e+01 6.816418170928955078e+00 5.818846702575683594e+00 7.464988708496093750e+00 9.865654945373535156e+00 8.738719940185546875e+00 6.873180389404296875e+00 1.275409126281738281e+01 1.210734272003173828e+01 9.589110374450683594e+00 1.050310230255126953e+01 1.190702342987060547e+01 1.092946720123291016e+01 9.065329551696777344e+00 1.351016521453857422e+01 5.613315582275390625e+00 9.219428062438964844e+00 1.473966503143310547e+01 1.377523708343505859e+01 2.897098541259765625e+01 1.744448280334472656e+01 1.743319320678710938e+01 1.618109512329101562e+01 1.652748298645019531e+01 1.966516494750976562e+01 2.355810356140136719e+01 2.115306854248046875e+01 3.024772834777832031e+01 3.560629272460937500e+01 3.804019165039062500e+01 4.703437042236328125e+01 5.872349548339843750e+01 5.581351470947265625e+01 5.208669662475585938e+01 4.913833999633789062e+01 4.670719528198242188e+01 4.100391006469726562e+01 4.376412200927734375e+01 5.857625579833984375e+01 5.202688980102539062e+01 5.957806777954101562e+01 6.872728729248046875e+01 7.873165893554687500e+01 6.457354736328125000e+01 6.385324478149414062e+01 6.516432189941406250e+01 8.057341766357421875e+01 1.113084259033203125e+02 9.532019042968750000e+01 1.223722076416015625e+02 1.252293319702148438e+02 1.245649261474609375e+02 1.470582122802734375e+02 1.781357269287109375e+02 2.427767028808593750e+02 2.459875793457031250e+02 3.539298095703125000e+02 7.106474609375000000e+02 1.884827758789062500e+03 6.970398559570312500e+02 3.087823791503906250e+02 2.297900848388671875e+02 1.580924377441406250e+02 1.654594726562500000e+02
6.281043529510498047e+00 4.955473423004150391e+00 2.267548084259033203e+00 8.665554046630859375e+00 4.709706306457519531e+00 7.028242111206054688e+00 7.214178085327148438e+00 4.293008804321289062e+00 8.337657928466796875e+00 4.503885746002197266e+00 5.564468860626220703e+00 7.431911945343017578e+00 4.610366344451904297e+00 6.896742820739746094e+00 2.840960979461669922e+00 1.413597965240478516e+01 4.709627628326416016e+00 6.766014575958251953e+00 5.498660564422607422e+00 1.061200046539306641e+01 4.659494876861572266e+00 1.834483027458190918e+00 1.369014453887939453e+01 4.835554122924804688e+00 1.129174995422363281e+01 9.136217117309570312e+00 6.957213401794433594e+00 1.333528423309326172e+01 1.223754405975341797e+01 1.159608840942382812e+01 9.091592788696289062e+00 4.943791866302490234e+00 8.366080284118652344e+00 8.553935050964355469e+00 1.398908042907714844e+01 1.173474216461181641e+01 1.148696422576904297e+01 6.457691669464111328e+00 7.804036617279052734e+00 5.383452892303466797e+00 8.911347389221191406e+00 1.603764915466308594e+01 6.507280826568603516e+00 8.714472770690917969e+00 4.670644283294677734e+00 8.389315605163574219e+00 7.716731548309326172e+00 8.407425880432128906e+00 9.140246391296386719e+00 8.487060546875000000e+00 6.243414402008056641e+00 8.255828857421875000e+00 4.082993507385253906e+00 1.223102188110351562e+01 9.085328102111816406e+00 1.115075016021728516e+01 8.274107933044433594e+00 1.265190505981445312e+01 8.747364997863769531e+00 1.128381633758544922e+01 5.674881935119628906e+00 9.277317047119140625e+00 7.647242546081542969e+00 5.516354084014892578e+00 6.242953777313232422e+00 1.033857822418212891e+01 7.874180793762207031e+00 6.578510284423828125e+00 1.298755168914794922e+01 1.067622089385986328e+01 7.585757255554199219e+00 8.056014060974121094e+00 5.123131752014160156e+00 6.984374523162841797e+00 1.296042633056640625e+01 8.788010597229003906e+00 1.311725044250488281e+01 1.334127616882324219e+01 7.562284946441650391e+00 9.255236625671386719e+00 5.757492542266845703e+00 7.627073764801025391e+00 1.996444702148437500e+01 1.821668243408203125e+01 2.318042755126953125e+01 1.833083534240722656e+01 1.577125549316406250e+01 1.858444213867187500e+01 2.084144210815429688e+01 1.743941116333007812e+01 1.982727050781250000e+01 2.150981140136718750e+01 1.433859920501708984e+01 2.251195144653320312e+01 2.264114952087402344e+01 3.143891525268554688e+01 3.321965789794921875e+01 5.167058563232421875e+01 5.594392776489257812e+01 6.338899230957031250e+01 6.053091049194335938e+01 4.007804489135742188e+01 4.296203994750976562e+01 4.723905563354492188e+01 6.114918518066406250e+01 5.121374893188476562e+01 5.166702270507812500e+01 4.086579513549804688e+01 6.049663543701171875e+01 6.032151412963867188e+01 6.648161315917968750e+01 7.557775115966796875e+01 6.852534484863281250e+01 8.626319122314453125e+01 8.529292297363281250e+01 1.007815628051757812e+02 1.056718826293945312e+02 1.090759658813476562e+02 1.277239303588867188e+02 1.409026336669921875e+02 1.714903717041015625e+02 2.308899688720703125e+02 2.288431854248046875e+02 2.323439331054687500e+02 3.372805786132812500e+02 6.970398559570312500e+02 1.993226318359375000e+03 6.850931396484375000e+02 2.781363525390625000e+02 1.811066589355468750e+02 1.488287506103515625e+02
1.110254383087158203e+01 4.105983257293701172e+00 3.757668972015380859e+00 4.308038711547851562e+00 4.013842105865478516e+00 4.192868232727050781e+00 4.303792953491210938e+00 7.317423820495605469e+00 5.739267349243164062e+00 3.582536458969116211e+00 6.915872097015380859e-01 3.694739103317260742e+00 9.168085098266601562e+00 4.285852909088134766e+00 6.591060161590576172e+00 6.614243984222412109e+00 7.358587741851806641e+00 1.046481895446777344e+01 1.202798366546630859e+01 6.154988765716552734e+00 5.559468746185302734e+00 7.296035289764404297e+00 7.778273582458496094e+00 7.692711830139160156e+00 1.122727870941162109e+01 6.056035041809082031e+00 1.124092197418212891e+01 8.286965370178222656e+00 9.125754356384277344e+00 1.152987957000732422e+01 1.104850101470947266e+01 9.831130027770996094e+00 1.016682624816894531e+01 1.039511680603027344e+01 1.303988265991210938e+01 1.166774082183837891e+01 8.306456565856933594e+00 1.284164142608642578e+01 1.551895713806152344e+01 0.000000000000000000e+00 5.452595233917236328e+00 1.025105094909667969e+01 6.470126628875732422e+00 6.498537063598632812e+00 9.287953376770019531e+00 8.341416358947753906e+00 8.525191307067871094e+00 1.337507724761962891e+01 1.239280796051025391e+01 1.457576847076416016e+01 1.163956356048583984e+01 6.156518459320068359e+00 1.055517101287841797e+01 1.122571182250976562e+01 1.505575752258300781e+01 1.108708381652832031e+01 9.140961647033691406e+00 1.022097969055175781e+01 8.697421073913574219e+00 2.804847478866577148e+00 1.034454727172851562e+01 1.153043365478515625e+01 1.013810634613037109e+01 1.005557250976562500e+01 1.379401969909667969e+01 8.410539627075195312e+00 1.006614303588867188e+01 6.540949344635009766e+00 7.748038291931152344e+00 1.143182182312011719e+01 1.131366825103759766e+01 8.900018692016601562e+00 7.640820980072021484e+00 2.604186296463012695e+00 1.047022247314453125e+01 6.553375720977783203e+00 9.315968513488769531e+00 1.409417152404785156e+01 1.253184509277343750e+01 1.196311092376708984e+01 1.001808357238769531e+01 9.479407310485839844e+00 1.559678840637207031e+01 1.423138523101806641e+01 1.595636081695556641e+01 2.236848640441894531e+01 1.393885135650634766e+01 1.634621620178222656e+01 2.266517639160156250e+01 1.857839775085449219e+01 1.971406364440917969e+01 1.586777210235595703e+01 1.115744113922119141e+01 2.527160072326660156e+01 2.592276763916015625e+01 3.290464401245117188e+01 3.453134918212890625e+01 5.084040451049804688e+01 6.010004425048828125e+01 4.395308303833007812e+01 4.198974227905273438e+01 4.115574645996093750e+01 4.542891693115234375e+01 4.696934127807617188e+01 4.342860412597656250e+01 3.458807754516601562e+01 4.898262405395507812e+01 4.890945053100585938e+01 6.624248504638671875e+01 5.524206924438476562e+01 7.211130523681640625e+01 7.331339263916015625e+01 7.690382385253906250e+01 7.995570373535156250e+01 9.244610595703125000e+01 1.106442794799804688e+02 1.111692886352539062e+02 8.314743804931640625e+01 1.250992355346679688e+02 1.272891616821289062e+02 1.602489624023437500e+02 1.768959808349609375e+02 1.619010162353515625e+02 1.795922546386718750e+02 2.170761566162109375e+02 3.087823791503906250e+02 6.850931396484375000e+02 2.065878417968750000e+03 7.959963989257812500e+02 2.668433532714843750e+02 2.149694976806640625e+02
5.096585273742675781e+00 7.036727428436279297e+00 3.679883241653442383e+00 3.164144992828369141e+00 6.551255702972412109e+00 1.710863947868347168e+00 7.024503231048583984e+00 5.225171566009521484e+00 8.586816787719726562e+00 6.578205108642578125e+00 8.465888023376464844e+00 4.522820472717285156e+00 3.206536293029785156e+00 8.394267082214355469e+00 6.915666580200195312e+00 1.113290405273437500e+01 9.007826805114746094e+00 7.320137023925781250e+00 8.031135559082031250e+00 8.610825538635253906e+00 7.939728260040283203e+00 1.116406822204589844e+01 7.141180515289306641e+00 1.177104473114013672e+01 9.620509147644042969e+00 9.266674995422363281e+00 7.409384727478027344e+00 6.086565494537353516e+00 9.309215545654296875e+00 8.821253776550292969e+00 1.352473926544189453e+01 1.083107280731201172e+01 4.525621891021728516e+00 1.388172626495361328e+01 8.513299942016601562e+00 1.168589973449707031e+01 3.813050985336303711e+00 9.824853897094726562e+00 1.187320804595947266e+01 1.146668148040771484e+01 1.001198196411132812e+01 4.182853698730468750e+00 1.018316555023193359e+01 7.955017566680908203e+00 1.800188255310058594e+01 7.658197879791259766e+00 1.565384101867675781e+01 0.000000000000000000e+00 1.011355876922607422e+01 8.451735496520996094e+00 6.649193763732910156e+00 6.698972702026367188e+00 5.963465213775634766e+00 1.145138931274414062e+01 9.215059280395507812e+00 1.148397350311279297e+01 1.007070732116699219e+01 6.737096309661865234e+00 1.419563293457031250e+01 1.030044651031494141e+01 1.496537780761718750e+01 1.270321559906005859e+01 8.273534774780273438e+00 1.342829608917236328e+01 6.754238605499267578e+00 4.575798511505126953e+00 1.232221126556396484e+01 8.006935119628906250e+00 6.323041915893554688e+00 1.399397182464599609e+01 1.846578216552734375e+01 5.447364807128906250e+00 7.274800777435302734e+00 1.381400680541992188e+01 1.380276584625244141e+01 8.022147178649902344e+00 1.368468475341796875e+01 1.623813629150390625e+01 9.204321861267089844e+00 9.011898994445800781e+00 1.226338100433349609e+01 1.160397338867187500e+01 6.942693710327148438e+00 1.583725929260253906e+01 2.061771202087402344e+01 1.622625732421875000e+01 1.706288719177246094e+01 1.565984535217285156e+01 8.719855308532714844e+00 1.137113475799560547e+01 1.703468322753906250e+01 2.364676284790039062e+01 1.821079444885253906e+01 2.032909584045410156e+01 3.173269271850585938e+01 3.893672943115234375e+01 3.400032043457031250e+01 5.306350708007812500e+01 5.869940948486328125e+01 4.872818756103515625e+01 4.797395706176757812e+01 5.037974929809570312e+01 4.648053741455078125e+01 4.791359329223632812e+01 4.349619293212890625e+01 5.292513656616210938e+01 3.802393722534179688e+01 5.618686676025390625e+01 5.778759384155273438e+01 6.665711975097656250e+01 8.091709899902343750e+01 6.730853271484375000e+01 8.175302124023437500e+01 8.096991729736328125e+01 8.230220794677734375e+01 8.262835693359375000e+01 1.045531387329101562e+02 8.850679016113281250e+01 1.078919906616210938e+02 1.117183990478515625e+02 1.217573776245117188e+02 1.366624908447265625e+02 1.339101257324218750e+02 1.433339233398437500e+02 1.805589141845703125e+02 2.297900848388671875e+02 2.781363525390625000e+02 7.959963989257812500e+02 2.525455810546875000e+03 3.951772766113281250e+02 2.925242004394531250e+02
9.798205375671386719e+00 7.135719776153564453e+00 6.530390262603759766e+00 4.679293155670166016e+00 5.812991142272949219e+00 6.072263240814208984e+00 7.012022018432617188e+00 5.298678874969482422e+00 7.619163513183593750e+00 6.809720993041992188e+00 1.051660728454589844e+01 9.363996505737304688e+00 4.979082107543945312e+00 6.517273902893066406e+00 9.204504013061523438e+00 8.980301022529602051e-01 9.445953369140625000e+00 8.930936813354492188e+00 3.563051223754882812e+00 6.685408115386962891e+00 1.207713603973388672e+01 9.905982971191406250e+00 6.336437225341796875e+00 9.400103569030761719e+00 7.316887855529785156e+00 9.866889953613281250e+00 8.452821731567382812e+00 5.400667190551757812e+00 6.608123779296875000e+00 1.408892822265625000e+01 1.200062942504882812e+01 8.542678833007812500e+00 9.035161018371582031e+00 1.129093837738037109e+01 1.227513980865478516e+01 9.216897010803222656e+00 1.127785396575927734e+01 1.307652854919433594e+01 5.267604827880859375e+00 8.720994949340820312e+00 1.036434745788574219e+01 8.660133361816406250e+00 1.405540657043457031e+01 1.529355239868164062e+01 1.092905902862548828e+01 1.132531929016113281e+01 1.018585395812988281e+01 1.271173954010009766e+01 1.166601371765136719e+01 9.999073028564453125e+00 6.742734432220458984e+00 8.173085212707519531e+00 9.700971603393554688e+00 1.117701816558837891e+01 9.811931610107421875e+00 7.410791873931884766e+00 5.957222461700439453e+00 1.024781036376953125e+01 1.574489974975585938e+01 1.117072391510009766e+01 1.021455478668212891e+01 6.262046337127685547e+00 3.670593023300170898e+00 1.092213249206542969e+01 4.494824886322021484e+00 1.218044757843017578e+01 7.289076328277587891e+00 7.894032955169677734e+00 1.309115409851074219e+01 1.064312934875488281e+01 4.096215724945068359e+00 1.256709575653076172e+01 1.659856986999511719e+01 9.428691864013671875e+00 1.574656105041503906e+01 9.490836143493652344e+00 1.011879158020019531e+01 1.260721969604492188e+01 1.179689598083496094e+01 8.995885848999023438e+00 1.399038887023925781e+01 1.235557842254638672e+01 1.232063579559326172e+01 1.194466781616210938e+01 9.628574371337890625e+00 8.098712921142578125e+00 1.514006137847900391e+01 9.263419151306152344e+00 1.125412368774414062e+01 1.681619262695312500e+01 1.637462043762207031e+01 2.023263931274414062e+01 1.750516128540039062e+01 1.176404285430908203e+01 2.445188713073730469e+01 2.442251777648925781e+01 4.158403015136718750e+01 5.231527709960937500e+01 4.305655288696289062e+01 4.684006500244140625e+01 4.484815979003906250e+01 4.257374191284179688e+01 3.976966857910156250e+01 5.297921752929687500e+01 5.145944595336914062e+01 5.426601409912109375e+01 4.801319122314453125e+01 5.557621765136718750e+01 5.044845581054687500e+01 6.171703338623046875e+01 6.806871795654296875e+01 5.972349929809570312e+01 7.620388031005859375e+01 7.263488006591796875e+01 8.547540283203125000e+01 8.389874267578125000e+01 1.052877120971679688e+02 1.020927810668945312e+02 9.367479705810546875e+01 1.043460998535156250e+02 1.071790390014648438e+02 1.263856582641601562e+02 1.245230636596679688e+02 1.306188812255859375e+02 1.314944458007812500e+02 1.580924377441406250e+02 1.811066589355468750e+02 2.668433532714843750e+02 3.951772766113281250e+02 2.405867431640625000e+03 6.711622314453125000e+02
6.461616992950439453e+00 4.779317378997802734e+00 2.624330043792724609e+00 6.017408847808837891e+00 4.672065734863281250e+00 7.320675373077392578e+00 5.009565353393554688e+00 5.678264617919921875e+00 8.164983749389648438e+00 5.212539196014404297e+00 5.634996891021728516e+00 5.734178543090820312e+00 9.909293174743652344e+00 4.988683700561523438e+00 8.767907142639160156e+00 1.924726009368896484e+00 3.893323421478271484e+00 6.090464115142822266e+00 5.091067314147949219e+00 6.140859603881835938e+00 1.078526306152343750e+01 6.369375705718994141e+00 1.018554878234863281e+01 1.455062103271484375e+01 7.841053962707519531e+00 5.286866188049316406e+00 9.058363914489746094e+00 3.858372926712036133e+00 5.311136722564697266e+00 1.509822845458984375e+01 7.014724731445312500e+00 8.010325431823730469e+00 1.183406925201416016e+01 5.499907493591308594e+00 1.517827415466308594e+01 6.173234939575195312e+00 1.087719726562500000e+01 8.407981872558593750e+00 1.016093635559082031e+01 6.230499267578125000e+00 8.726792335510253906e+00 7.954737186431884766e+00 1.075879001617431641e+01 7.564222812652587891e+00 1.531568431854248047e+01 8.495648384094238281e+00 6.946257114410400391e+00 1.167632675170898438e+01 5.770034313201904297e+00 1.250128269195556641e+01 5.419327259063720703e+00 1.114729309082031250e+01 5.670506477355957031e+00 8.711066246032714844e+00 1.139107322692871094e+01 1.091981697082519531e+01 8.511980056762695312e+00 1.098194122314453125e+01 6.749132156372070312e+00 5.441350460052490234e+00 1.313556480407714844e+01 1.207916259765625000e+01 1.081725215911865234e+01 1.383267498016357422e+01 9.633648872375488281e+00 1.196527671813964844e+01 1.171687507629394531e+01 1.099740791320800781e+01 1.503104591369628906e+01 1.425697517395019531e+01 1.207156467437744141e+01 1.761118316650390625e+01 9.882031440734863281e+00 5.052071571350097656e+00 8.437305450439453125e+00 1.271342372894287109e+01 1.301241588592529297e+01 1.061529350280761719e+01 1.653184700012207031e+01 1.392492389678955078e+01 2.831941223144531250e+01 1.324070549011230469e+01 9.902444839477539062e+00 9.035546302795410156e+00 1.238201427459716797e+01 1.350049114227294922e+01 6.084248542785644531e+00 1.323604106903076172e+01 1.432165908813476562e+01 7.208347320556640625e+00 1.889748382568359375e+01 1.204559040069580078e+01 1.443014907836914062e+01 1.092588806152343750e+01 2.699761390686035156e+01 2.681043815612792969e+01 3.669895553588867188e+01 5.294841766357421875e+01 4.539682388305664062e+01 4.343848800659179688e+01 3.991505813598632812e+01 4.486323928833007812e+01 3.946174240112304688e+01 5.256901168823242188e+01 4.871220016479492188e+01 5.032515716552734375e+01 4.032783508300781250e+01 5.079911041259765625e+01 4.431350326538085938e+01 6.521971893310546875e+01 7.894049072265625000e+01 7.466895294189453125e+01 8.637428283691406250e+01 6.768547058105468750e+01 8.359490203857421875e+01 8.747909545898437500e+01 8.284741973876953125e+01 7.679494476318359375e+01 1.003854598999023438e+02 9.784357452392578125e+01 1.075062637329101562e+02 1.290337219238281250e+02 1.008467102050781250e+02 1.197164382934570312e+02 1.239075164794921875e+02 1.654594726562500000e+02 1.488287506103515625e+02 2.149694976806640625e+02 2.925242004394531250e+02 6.711622314453125000e+02 2.457994873046875000e+03
